[02:55:21] [main/INFO] [LaunchWrapper]: Loading tweak class name net.minecraftforge.fml.common.launcher.FMLServerTweaker
[02:55:21] [main/INFO] [LaunchWrapper]: Using primary tweak class name net.minecraftforge.fml.common.launcher.FMLServerTweaker
[02:55:21] [main/INFO] [LaunchWrapper]: Calling tweak class net.minecraftforge.fml.common.launcher.FMLServerTweaker
[02:55:21] [main/DEBUG] [FML]: Injecting tracing printstreams for STDOUT/STDERR.
[02:55:21] [main/INFO] [FML]: Forge Mod Loader version 14.23.5.2860 for Minecraft 1.12.2 loading
[02:55:21] [main/INFO] [FML]: Java is OpenJDK 64-Bit Server VM, version 1.8.0_462, running on Linux:amd64:6.8.0-1030-azure, installed at /usr/lib/jvm/java-8-openjdk-amd64/jre
[02:55:21] [main/DEBUG] [FML]: Java classpath at launch is:
[02:55:21] [main/DEBUG] [FML]:     /workspaces/modjava/servidor_minecraft/forge-1.12.2-14.23.5.2860.jar
[02:55:21] [main/DEBUG] [FML]: Java library path at launch is:
[02:55:21] [main/DEBUG] [FML]:     /tmp/_MEI7e9Cc2
[02:55:21] [main/DEBUG] [FML]:     /usr/java/packages/lib/amd64
[02:55:21] [main/DEBUG] [FML]:     /usr/lib/x86_64-linux-gnu/jni
[02:55:21] [main/DEBUG] [FML]:     /lib/x86_64-linux-gnu
[02:55:21] [main/DEBUG] [FML]:     /usr/lib/x86_64-linux-gnu
[02:55:21] [main/DEBUG] [FML]:     /usr/lib/jni
[02:55:21] [main/DEBUG] [FML]:     /lib
[02:55:21] [main/DEBUG] [FML]:     /usr/lib
[02:55:21] [main/DEBUG] [FML]: Determined Minecraft Libraries Root: /workspaces/modjava/servidor_minecraft/libraries
[02:55:21] [main/DEBUG] [FML]: Cleaning up mods folder: ./mods
[02:55:21] [main/DEBUG] [FML]: Examining file: NoCubes_SRP_Nests_Addon_3.0.0.jar
[02:55:21] [main/DEBUG] [FML]: Examining file: OverLast-1.12.2-0.2.9B9.jar
[02:55:21] [main/DEBUG] [FML]: Examining file: CreativeCore_v1.10.71_mc1.12.2.jar
[02:55:21] [main/DEBUG] [FML]: Examining file: simpletomb-1.12.2-1.0.0.jar
[02:55:21] [main/DEBUG] [FML]: Examining file: Netherite(1.12.2).jar
[02:55:21] [main/DEBUG] [FML]: Examining file: SRParasites-1.12.2v1.9.21.jar
[02:55:21] [main/DEBUG] [FML]: Examining file: PlayerRevive_v1.2.40_mc1.12.2.jar
[02:55:21] [main/DEBUG] [FML]: Examining file: guns-0.15.3-1.12.2.jar
[02:55:21] [main/DEBUG] [FML]: Examining file: techguns-1.12.2-2.0.2.0_pre3.2.jar
[02:55:21] [main/DEBUG] [FML]: Examining file: TravelersBackpack-1.12.2-1.0.35 (1).jar
[02:55:21] [main/DEBUG] [FML]: Examining file: OptiFine-OptiFine-1.12.2_HD_U_G5.jar
[02:55:21] [main/DEBUG] [FML]: Examining file: jei_1.12.2-4.16.1.1013.jar
[02:55:21] [main/DEBUG] [FML]: Examining file: [1.12.2] SecurityCraft v1.10.jar
[02:55:21] [main/DEBUG] [FML]: Examining file: NoCubes_SRP_Combat_Addon_3.0.0.jar
[02:55:21] [main/DEBUG] [FML]: Examining file: NoCubes_SRP_Survival_Addon_3.0.0.jar
[02:55:21] [main/DEBUG] [FML]: Examining file: carryon-1.12.2-1.12.7.23.jar
[02:55:21] [main/DEBUG] [FML]: Examining file: llibrary-1.7.20-1.12.2.jar
[02:55:21] [main/DEBUG] [FML]: Found existing ContainedDep llibrary-core-1.0.11-1.12.2.jar(net.ilexiconn:llibrary-core:1.0.11-1.12.2) from /workspaces/modjava/servidor_minecraft/mods/memory_repo/net/ilexiconn/llibrary-core/1.0.11-1.12.2/llibrary-core-1.0.11-1.12.2.jar extracted to ./mods/llibrary-1.7.20-1.12.2.jar, skipping extraction
[02:55:21] [main/DEBUG] [FML]: Examining file: llibrary-core-1.0.11-1.12.2.jar
[02:55:21] [main/DEBUG] [FML]: Making maven link for net.ilexiconn:llibrary:1.7.20-1.12.2 in memory to /workspaces/modjava/servidor_minecraft/./mods/llibrary-1.7.20-1.12.2.jar.
[02:55:21] [main/DEBUG] [FML]: Examining file: journeymap-1.12.2-5.7.1p3.jar
[02:55:21] [main/DEBUG] [FML]: Examining file: obfuscate-0.4.2-1.12.2.jar
[02:55:21] [main/DEBUG] [FML]: Examining file: Hwyla-1.8.26-B41_1.12.2.jar
[02:55:21] [main/DEBUG] [FML]: File already proccessed /workspaces/modjava/servidor_minecraft/./mods/memory_repo/net/ilexiconn/llibrary-core/1.0.11-1.12.2/llibrary-core-1.0.11-1.12.2.jar, Skipping
[02:55:21] [main/DEBUG] [FML]: File already proccessed /workspaces/modjava/servidor_minecraft/./mods/llibrary-1.7.20-1.12.2.jar, Skipping
[02:55:21] [main/DEBUG] [FML]: Enabling runtime deobfuscation
[02:55:21] [main/DEBUG] [FML]: Instantiating coremod class FMLCorePlugin
[02:55:21] [main/DEBUG] [FML]: Found signing certificates for coremod FMLCorePlugin (net.minecraftforge.fml.relauncher.FMLCorePlugin)
[02:55:21] [main/DEBUG] [FML]: Found certificate e3c3d50c7c986df74c645c0ac54639741c90a557
[02:55:21] [main/DEBUG] [FML]: Added access transformer class net.minecraftforge.fml.common.asm.transformers.AccessTransformer to enqueued access transformers
[02:55:21] [main/DEBUG] [FML]: Enqueued coremod FMLCorePlugin
[02:55:21] [main/DEBUG] [FML]: Instantiating coremod class FMLForgePlugin
[02:55:21] [main/DEBUG] [FML]: Found signing certificates for coremod FMLForgePlugin (net.minecraftforge.classloading.FMLForgePlugin)
[02:55:21] [main/DEBUG] [FML]: Found certificate e3c3d50c7c986df74c645c0ac54639741c90a557
[02:55:21] [main/DEBUG] [FML]: Enqueued coremod FMLForgePlugin
[02:55:21] [main/DEBUG] [FML]: All fundamental core mods are successfully located
[02:55:21] [main/DEBUG] [FML]: Discovering coremods
[02:55:21] [main/INFO] [FML]: Searching /workspaces/modjava/servidor_minecraft/./mods for mods
[02:55:21] [main/DEBUG] [FML]:   Adding NoCubes_SRP_Nests_Addon_3.0.0.jar to the mod list
[02:55:21] [main/DEBUG] [FML]:   Adding OverLast-1.12.2-0.2.9B9.jar to the mod list
[02:55:21] [main/DEBUG] [FML]:   Adding CreativeCore_v1.10.71_mc1.12.2.jar to the mod list
[02:55:21] [main/DEBUG] [FML]:   Adding simpletomb-1.12.2-1.0.0.jar to the mod list
[02:55:21] [main/DEBUG] [FML]:   Adding Netherite(1.12.2).jar to the mod list
[02:55:21] [main/DEBUG] [FML]:   Adding SRParasites-1.12.2v1.9.21.jar to the mod list
[02:55:21] [main/DEBUG] [FML]:   Adding PlayerRevive_v1.2.40_mc1.12.2.jar to the mod list
[02:55:21] [main/DEBUG] [FML]:   Adding guns-0.15.3-1.12.2.jar to the mod list
[02:55:21] [main/DEBUG] [FML]:   Adding techguns-1.12.2-2.0.2.0_pre3.2.jar to the mod list
[02:55:21] [main/DEBUG] [FML]:   Adding TravelersBackpack-1.12.2-1.0.35 (1).jar to the mod list
[02:55:21] [main/DEBUG] [FML]:   Adding OptiFine-OptiFine-1.12.2_HD_U_G5.jar to the mod list
[02:55:21] [main/DEBUG] [FML]:   Adding jei_1.12.2-4.16.1.1013.jar to the mod list
[02:55:21] [main/DEBUG] [FML]:   Adding [1.12.2] SecurityCraft v1.10.jar to the mod list
[02:55:21] [main/DEBUG] [FML]:   Adding NoCubes_SRP_Combat_Addon_3.0.0.jar to the mod list
[02:55:21] [main/DEBUG] [FML]:   Adding NoCubes_SRP_Survival_Addon_3.0.0.jar to the mod list
[02:55:21] [main/DEBUG] [FML]:   Adding carryon-1.12.2-1.12.7.23.jar to the mod list
[02:55:21] [main/DEBUG] [FML]:   Adding llibrary-1.7.20-1.12.2.jar to the mod list
[02:55:21] [main/DEBUG] [FML]:   Adding journeymap-1.12.2-5.7.1p3.jar to the mod list
[02:55:21] [main/DEBUG] [FML]:   Adding obfuscate-0.4.2-1.12.2.jar to the mod list
[02:55:21] [main/DEBUG] [FML]:   Adding Hwyla-1.8.26-B41_1.12.2.jar to the mod list
[02:55:21] [main/DEBUG] [FML]: Examining for coremod candidacy [1.12.2] SecurityCraft v1.10.jar
[02:55:21] [main/INFO] [FML]: Loading tweaker org.spongepowered.asm.launch.MixinTweaker from [1.12.2] SecurityCraft v1.10.jar
[02:55:21] [main/DEBUG] [FML]: Examining for coremod candidacy carryon-1.12.2-1.12.7.23.jar
[02:55:21] [main/DEBUG] [FML]: Not found coremod data in carryon-1.12.2-1.12.7.23.jar
[02:55:21] [main/DEBUG] [FML]: Examining for coremod candidacy CreativeCore_v1.10.71_mc1.12.2.jar
[02:55:21] [main/WARN] [FML]: Found FMLCorePluginContainsFMLMod marker in CreativeCore_v1.10.71_mc1.12.2.jar. This is not recommended, @Mods should be in a separate jar from the coremod.
[02:55:21] [main/DEBUG] [FML]: Instantiating coremod class CreativePatchingLoader
[02:55:21] [main/WARN] [FML]: The coremod com.creativemd.creativecore.core.CreativePatchingLoader does not have a MCVersion annotation, it may cause issues with this version of Minecraft
[02:55:21] [main/WARN] [FML]: The coremod CreativePatchingLoader (com.creativemd.creativecore.core.CreativePatchingLoader) is not signed!
[02:55:21] [main/DEBUG] [FML]: Enqueued coremod CreativePatchingLoader
[02:55:21] [main/DEBUG] [FML]: Examining for coremod candidacy guns-0.15.3-1.12.2.jar
[02:55:21] [main/DEBUG] [FML]: Not found coremod data in guns-0.15.3-1.12.2.jar
[02:55:21] [main/DEBUG] [FML]: Examining for coremod candidacy Hwyla-1.8.26-B41_1.12.2.jar
[02:55:21] [main/DEBUG] [FML]: Not found coremod data in Hwyla-1.8.26-B41_1.12.2.jar
[02:55:21] [main/DEBUG] [FML]: Examining for coremod candidacy jei_1.12.2-4.16.1.1013.jar
[02:55:21] [main/DEBUG] [FML]: Not found coremod data in jei_1.12.2-4.16.1.1013.jar
[02:55:21] [main/DEBUG] [FML]: Examining for coremod candidacy journeymap-1.12.2-5.7.1p3.jar
[02:55:21] [main/DEBUG] [FML]: Not found coremod data in journeymap-1.12.2-5.7.1p3.jar
[02:55:21] [main/DEBUG] [FML]: Examining for coremod candidacy Netherite(1.12.2).jar
[02:55:21] [main/DEBUG] [FML]: Not found coremod data in Netherite(1.12.2).jar
[02:55:21] [main/DEBUG] [FML]: Examining for coremod candidacy NoCubes_SRP_Combat_Addon_3.0.0.jar
[02:55:21] [main/DEBUG] [FML]: Not found coremod data in NoCubes_SRP_Combat_Addon_3.0.0.jar
[02:55:21] [main/DEBUG] [FML]: Examining for coremod candidacy NoCubes_SRP_Nests_Addon_3.0.0.jar
[02:55:21] [main/DEBUG] [FML]: Not found coremod data in NoCubes_SRP_Nests_Addon_3.0.0.jar
[02:55:21] [main/DEBUG] [FML]: Examining for coremod candidacy NoCubes_SRP_Survival_Addon_3.0.0.jar
[02:55:21] [main/DEBUG] [FML]: Not found coremod data in NoCubes_SRP_Survival_Addon_3.0.0.jar
[02:55:21] [main/DEBUG] [FML]: Examining for coremod candidacy obfuscate-0.4.2-1.12.2.jar
[02:55:21] [main/TRACE] [FML]: Adding obfuscate-0.4.2-1.12.2.jar to the list of known coremods, it will not be examined again
[02:55:21] [main/DEBUG] [FML]: Instantiating coremod class ObfuscatePlugin
[02:55:21] [main/DEBUG] [FML]: The coremod com.mrcrayfish.obfuscate.asm.ObfuscatePlugin requested minecraft version 1.12.2 and minecraft is 1.12.2. It will be loaded.
[02:55:21] [main/WARN] [FML]: The coremod ObfuscatePlugin (com.mrcrayfish.obfuscate.asm.ObfuscatePlugin) is not signed!
[02:55:21] [main/DEBUG] [FML]: Enqueued coremod ObfuscatePlugin
[02:55:21] [main/DEBUG] [FML]: Examining for coremod candidacy OptiFine-OptiFine-1.12.2_HD_U_G5.jar
[02:55:21] [main/INFO] [FML]: Loading tweaker optifine.OptiFineForgeTweaker from OptiFine-OptiFine-1.12.2_HD_U_G5.jar
[02:55:21] [main/DEBUG] [FML]: Examining for coremod candidacy OverLast-1.12.2-0.2.9B9.jar
[02:55:21] [main/DEBUG] [FML]: Not found coremod data in OverLast-1.12.2-0.2.9B9.jar
[02:55:21] [main/DEBUG] [FML]: Examining for coremod candidacy PlayerRevive_v1.2.40_mc1.12.2.jar
[02:55:21] [main/DEBUG] [FML]: Examining for coremod candidacy simpletomb-1.12.2-1.0.0.jar
[02:55:21] [main/DEBUG] [FML]: Not found coremod data in simpletomb-1.12.2-1.0.0.jar
[02:55:21] [main/DEBUG] [FML]: Examining for coremod candidacy SRParasites-1.12.2v1.9.21.jar
[02:55:21] [main/DEBUG] [FML]: Not found coremod data in SRParasites-1.12.2v1.9.21.jar
[02:55:21] [main/DEBUG] [FML]: Examining for coremod candidacy techguns-1.12.2-2.0.2.0_pre3.2.jar
[02:55:21] [main/WARN] [FML]: Found FMLCorePluginContainsFMLMod marker in techguns-1.12.2-2.0.2.0_pre3.2.jar. This is not recommended, @Mods should be in a separate jar from the coremod.
[02:55:21] [main/DEBUG] [FML]: Instantiating coremod class TechgunsFMLPlugin
[02:55:21] [main/TRACE] [FML]: coremod named Techguns Core is loading
[02:55:21] [main/DEBUG] [FML]: The coremod techguns.core.TechgunsFMLPlugin requested minecraft version 1.12.2 and minecraft is 1.12.2. It will be loaded.
[02:55:21] [main/WARN] [FML]: The coremod Techguns Core (techguns.core.TechgunsFMLPlugin) is not signed!
[02:55:21] [main/DEBUG] [FML]: Enqueued coremod Techguns Core
[02:55:21] [main/DEBUG] [FML]: Examining for coremod candidacy TravelersBackpack-1.12.2-1.0.35 (1).jar
[02:55:21] [main/DEBUG] [FML]: Not found coremod data in TravelersBackpack-1.12.2-1.0.35 (1).jar
[02:55:21] [main/DEBUG] [FML]: Examining for coremod candidacy llibrary-core-1.0.11-1.12.2.jar
[02:55:21] [main/TRACE] [FML]: Adding llibrary-core-1.0.11-1.12.2.jar to the list of known coremods, it will not be examined again
[02:55:21] [main/DEBUG] [FML]: Instantiating coremod class LLibraryPlugin
[02:55:21] [main/TRACE] [FML]: coremod named llibrary is loading
[02:55:21] [main/DEBUG] [FML]: The coremod net.ilexiconn.llibrary.server.core.plugin.LLibraryPlugin requested minecraft version 1.12.2 and minecraft is 1.12.2. It will be loaded.
[02:55:21] [main/DEBUG] [FML]: Found signing certificates for coremod llibrary (net.ilexiconn.llibrary.server.core.plugin.LLibraryPlugin)
[02:55:21] [main/DEBUG] [FML]: Found certificate b9f30a813bee3b9dd5652c460310cfcd54f6b7ec
[02:55:21] [main/DEBUG] [FML]: Enqueued coremod llibrary
[02:55:21] [main/DEBUG] [FML]: Examining for coremod candidacy llibrary-1.7.20-1.12.2.jar
[02:55:21] [main/DEBUG] [FML]: Not found coremod data in llibrary-1.7.20-1.12.2.jar
[02:55:21] [main/INFO] [LaunchWrapper]: Loading tweak class name net.minecraftforge.fml.common.launcher.FMLInjectionAndSortingTweaker
[02:55:21] [main/INFO] [LaunchWrapper]: Loading tweak class name org.spongepowered.asm.launch.MixinTweaker
[02:55:21] [main/DEBUG] [mixin]: Mixin bootstrap service org.spongepowered.asm.service.modlauncher.MixinServiceModLauncherBootstrap is not available: ModLauncher is not available
[02:55:21] [main/DEBUG] [mixin]: MixinService [LaunchWrapper] was successfully booted in sun.misc.Launcher$AppClassLoader@135fbaa4
[02:55:21] [main/INFO] [mixin]: SpongePowered MIXIN Subsystem Version=0.8.3 Source=file:/workspaces/modjava/servidor_minecraft/./mods/%5B1.12.2%5D%20SecurityCraft%20v1.10.jar Service=LaunchWrapper Env=SERVER
[02:55:21] [main/DEBUG] [mixin]: Error cleaning class output directory: .mixin.out
[02:55:21] [main/DEBUG] [mixin]: Adding new mixin transformer proxy #1
[02:55:21] [main/DEBUG] [mixin]: Initialising Mixin Platform Manager
[02:55:21] [main/DEBUG] [mixin]: Adding mixin platform agents for container ContainerHandleURI(file:/workspaces/modjava/servidor_minecraft/./mods/%5B1.12.2%5D%20SecurityCraft%20v1.10.jar)
[02:55:21] [main/DEBUG] [mixin]: Instancing new MixinPlatformAgentFMLLegacy for ContainerHandleURI(file:/workspaces/modjava/servidor_minecraft/./mods/%5B1.12.2%5D%20SecurityCraft%20v1.10.jar)
[02:55:21] [main/DEBUG] [mixin]: ForceLoadAsMod was specified for [1.12.2] SecurityCraft v1.10.jar, attempting force-load
[02:55:21] [main/DEBUG] [mixin]: Adding [1.12.2] SecurityCraft v1.10.jar to reparseable coremod collection
[02:55:21] [main/DEBUG] [mixin]: [1.12.2] SecurityCraft v1.10.jar has core plugin net.geforcemods.securitycraft.SecurityCraftLoadingPlugin. Injecting it into FML for co-initialisation:
[02:55:21] [main/DEBUG] [FML]: Instantiating coremod class SecurityCraftLoadingPlugin
[02:55:21] [main/DEBUG] [FML]: The coremod net.geforcemods.securitycraft.SecurityCraftLoadingPlugin requested minecraft version 1.12.2 and minecraft is 1.12.2. It will be loaded.
[02:55:21] [main/WARN] [FML]: The coremod SecurityCraftLoadingPlugin (net.geforcemods.securitycraft.SecurityCraftLoadingPlugin) is not signed!
[02:55:21] [main/INFO] [mixin]: Compatibility level set to JAVA_8
[02:55:21] [main/DEBUG] [FML]: Enqueued coremod SecurityCraftLoadingPlugin
[02:55:21] [main/DEBUG] [mixin]: MixinPlatformAgentFMLLegacy accepted container ContainerHandleURI(file:/workspaces/modjava/servidor_minecraft/./mods/%5B1.12.2%5D%20SecurityCraft%20v1.10.jar)
[02:55:21] [main/DEBUG] [mixin]: Instancing new MixinPlatformAgentLiteLoaderLegacy for ContainerHandleURI(file:/workspaces/modjava/servidor_minecraft/./mods/%5B1.12.2%5D%20SecurityCraft%20v1.10.jar)
[02:55:21] [main/DEBUG] [mixin]: MixinPlatformAgentLiteLoaderLegacy rejected container ContainerHandleURI(file:/workspaces/modjava/servidor_minecraft/./mods/%5B1.12.2%5D%20SecurityCraft%20v1.10.jar)
[02:55:21] [main/DEBUG] [mixin]: Instancing new MixinPlatformAgentDefault for ContainerHandleURI(file:/workspaces/modjava/servidor_minecraft/./mods/%5B1.12.2%5D%20SecurityCraft%20v1.10.jar)
[02:55:21] [main/DEBUG] [mixin]: MixinPlatformAgentDefault accepted container ContainerHandleURI(file:/workspaces/modjava/servidor_minecraft/./mods/%5B1.12.2%5D%20SecurityCraft%20v1.10.jar)
[02:55:21] [main/DEBUG] [mixin]: Scanning file:/workspaces/modjava/servidor_minecraft/forge-1.12.2-14.23.5.2860.jar for mixin tweaker
[02:55:21] [main/DEBUG] [mixin]: Scanning file:/workspaces/modjava/servidor_minecraft/./mods/%5B1.12.2%5D%20SecurityCraft%20v1.10.jar for mixin tweaker
[02:55:21] [main/DEBUG] [mixin]: Scanning file:/workspaces/modjava/servidor_minecraft/./mods/CreativeCore_v1.10.71_mc1.12.2.jar for mixin tweaker
[02:55:21] [main/DEBUG] [mixin]: Scanning file:/workspaces/modjava/servidor_minecraft/./mods/obfuscate-0.4.2-1.12.2.jar for mixin tweaker
[02:55:21] [main/DEBUG] [mixin]: Scanning file:/workspaces/modjava/servidor_minecraft/./mods/OptiFine-OptiFine-1.12.2_HD_U_G5.jar for mixin tweaker
[02:55:21] [main/DEBUG] [mixin]: Scanning file:/workspaces/modjava/servidor_minecraft/./mods/techguns-1.12.2-2.0.2.0_pre3.2.jar for mixin tweaker
[02:55:21] [main/DEBUG] [mixin]: Scanning file:/workspaces/modjava/servidor_minecraft/./mods/memory_repo/net/ilexiconn/llibrary-core/1.0.11-1.12.2/llibrary-core-1.0.11-1.12.2.jar for mixin tweaker
[02:55:21] [main/DEBUG] [mixin]: Adding agents for Mixin Container ContainerHandleURI(file:/workspaces/modjava/servidor_minecraft/./mods/%5B1.12.2%5D%20SecurityCraft%20v1.10.jar)
[02:55:21] [main/INFO] [LaunchWrapper]: Loading tweak class name optifine.OptiFineForgeTweaker
[02:55:21] [main/INFO] [LaunchWrapper]: Loading tweak class name net.minecraftforge.fml.common.launcher.FMLDeobfTweaker
[02:55:21] [main/INFO] [LaunchWrapper]: Calling tweak class net.minecraftforge.fml.common.launcher.FMLInjectionAndSortingTweaker
[02:55:21] [main/INFO] [LaunchWrapper]: Calling tweak class net.minecraftforge.fml.common.launcher.FMLInjectionAndSortingTweaker
[02:55:21] [main/INFO] [LaunchWrapper]: Calling tweak class optifine.OptiFineForgeTweaker
[02:55:21] [main/INFO] [STDOUT]: [optifine.OptiFineForgeTweaker:dbg:56]: OptiFineForgeTweaker: acceptOptions
[02:55:21] [main/INFO] [STDOUT]: [optifine.OptiFineForgeTweaker:dbg:56]: OptiFineForgeTweaker: Forge server detected, skipping class transformer
[02:55:21] [main/INFO] [LaunchWrapper]: Calling tweak class net.minecraftforge.fml.relauncher.CoreModManager$FMLPluginWrapper
[02:55:21] [main/DEBUG] [FML]: Injecting coremod FMLCorePlugin \{net.minecraftforge.fml.relauncher.FMLCorePlugin\} class transformers
[02:55:21] [main/TRACE] [FML]: Registering transformer net.minecraftforge.fml.common.asm.transformers.SideTransformer
[02:55:21] [main/DEBUG] [mixin]: Preparing mixins for MixinEnvironment[PREINIT]
[02:55:21] [main/TRACE] [FML]: Registering transformer net.minecraftforge.fml.common.asm.transformers.EventSubscriptionTransformer
[02:55:21] [main/TRACE] [FML]: Registering transformer net.minecraftforge.fml.common.asm.transformers.EventSubscriberTransformer
[02:55:21] [main/TRACE] [FML]: Registering transformer net.minecraftforge.fml.common.asm.transformers.SoundEngineFixTransformer
[02:55:21] [main/DEBUG] [FML]: Injection complete
[02:55:21] [main/DEBUG] [FML]: Running coremod plugin for FMLCorePlugin \{net.minecraftforge.fml.relauncher.FMLCorePlugin\}
[02:55:21] [main/DEBUG] [FML]: Running coremod plugin FMLCorePlugin
[02:55:22] [main/DEBUG] [FML]: Read 1154 binary patches
[02:55:22] [main/DEBUG] [FML]: Loading deobfuscation resource /deobfuscation_data-1.12.2.lzma with 36076 records
[02:55:23] [main/WARN] [FML]: Patcher expecting empty class data file for net.minecraft.client.settings.GameSettings, but received non-empty
[02:55:23] [main/WARN] [FML]: Patcher expecting empty class data file for net.minecraft.client.settings.GameSettings$2, but received non-empty
[02:55:23] [main/WARN] [FML]: Patcher expecting empty class data file for net.minecraft.client.settings.GameSettings$Options, but received non-empty
[02:55:23] [main/WARN] [FML]: Patcher expecting empty class data file for net.minecraft.client.LoadingScreenRenderer, but received non-empty
[02:55:23] [main/WARN] [FML]: Patcher expecting empty class data file for net.minecraft.util.ScreenShotHelper, but received non-empty
[02:55:23] [main/WARN] [FML]: Patcher expecting empty class data file for net.minecraft.client.gui.FontRenderer, but received non-empty
[02:55:23] [main/WARN] [FML]: Patcher expecting empty class data file for net.minecraft.client.gui.GuiIngame, but received non-empty
[02:55:23] [main/WARN] [FML]: Patcher expecting empty class data file for net.minecraft.client.gui.GuiIngame$1, but received non-empty
[02:55:23] [main/WARN] [FML]: Patcher expecting empty class data file for net.minecraft.client.gui.GuiOverlayDebug, but received non-empty
[02:55:23] [main/WARN] [FML]: Patcher expecting empty class data file for net.minecraft.client.gui.GuiOverlayDebug$1, but received non-empty
[02:55:23] [main/WARN] [FML]: Patcher expecting empty class data file for net.minecraft.client.gui.GuiSlot, but received non-empty
[02:55:23] [main/WARN] [FML]: Patcher expecting empty class data file for net.minecraft.client.gui.GuiMainMenu, but received non-empty
[02:55:23] [main/WARN] [FML]: Patcher expecting empty class data file for net.minecraft.client.gui.GuiVideoSettings, but received non-empty
[02:55:23] [main/WARN] [FML]: Patcher expecting empty class data file for net.minecraft.client.model.TexturedQuad, but received non-empty
[02:55:23] [main/WARN] [FML]: Patcher expecting empty class data file for net.minecraft.client.model.ModelBox, but received non-empty
[02:55:23] [main/WARN] [FML]: Patcher expecting empty class data file for net.minecraft.client.model.ModelRenderer, but received non-empty
[02:55:23] [main/WARN] [FML]: Patcher expecting empty class data file for net.minecraft.client.multiplayer.WorldClient, but received non-empty
[02:55:23] [main/WARN] [FML]: Patcher expecting empty class data file for net.minecraft.client.multiplayer.WorldClient$1, but received non-empty
[02:55:23] [main/WARN] [FML]: Patcher expecting empty class data file for net.minecraft.client.multiplayer.WorldClient$2, but received non-empty
[02:55:23] [main/WARN] [FML]: Patcher expecting empty class data file for net.minecraft.client.multiplayer.WorldClient$3, but received non-empty
[02:55:23] [main/WARN] [FML]: Patcher expecting empty class data file for net.minecraft.client.multiplayer.WorldClient$4, but received non-empty
[02:55:23] [main/WARN] [FML]: Patcher expecting empty class data file for net.minecraft.client.particle.ParticleManager, but received non-empty
[02:55:23] [main/WARN] [FML]: Patcher expecting empty class data file for net.minecraft.client.particle.ParticleManager$1, but received non-empty
[02:55:23] [main/WARN] [FML]: Patcher expecting empty class data file for net.minecraft.client.particle.ParticleManager$2, but received non-empty
[02:55:23] [main/WARN] [FML]: Patcher expecting empty class data file for net.minecraft.client.particle.ParticleManager$3, but received non-empty
[02:55:23] [main/WARN] [FML]: Patcher expecting empty class data file for net.minecraft.client.particle.ParticleManager$4, but received non-empty
[02:55:23] [main/WARN] [FML]: Patcher expecting empty class data file for net.minecraft.client.entity.AbstractClientPlayer, but received non-empty
[02:55:23] [main/WARN] [FML]: Patcher expecting empty class data file for net.minecraft.client.renderer.BufferBuilder, but received non-empty
[02:55:23] [main/WARN] [FML]: Patcher expecting empty class data file for net.minecraft.client.renderer.BufferBuilder$1, but received non-empty
[02:55:23] [main/WARN] [FML]: Patcher expecting empty class data file for net.minecraft.client.renderer.BufferBuilder$2, but received non-empty
[02:55:23] [main/WARN] [FML]: Patcher expecting empty class data file for net.minecraft.client.renderer.BufferBuilder$State, but received non-empty
[02:55:23] [main/WARN] [FML]: Patcher expecting empty class data file for net.minecraft.client.renderer.EntityRenderer, but received non-empty
[02:55:23] [main/WARN] [FML]: Patcher expecting empty class data file for net.minecraft.client.renderer.EntityRenderer$1, but received non-empty
[02:55:23] [main/WARN] [FML]: Patcher expecting empty class data file for net.minecraft.client.renderer.EntityRenderer$2, but received non-empty
[02:55:23] [main/WARN] [FML]: Patcher expecting empty class data file for net.minecraft.client.renderer.EntityRenderer$3, but received non-empty
[02:55:23] [main/WARN] [FML]: Patcher expecting empty class data file for net.minecraft.client.renderer.EntityRenderer$4, but received non-empty
[02:55:23] [main/WARN] [FML]: Patcher expecting empty class data file for net.minecraft.client.renderer.ItemRenderer, but received non-empty
[02:55:23] [main/WARN] [FML]: Patcher expecting empty class data file for net.minecraft.client.renderer.ItemRenderer$1, but received non-empty
[02:55:23] [main/WARN] [FML]: Patcher expecting empty class data file for net.minecraft.client.renderer.RenderGlobal, but received non-empty
[02:55:23] [main/WARN] [FML]: Patcher expecting empty class data file for net.minecraft.client.renderer.RenderGlobal$1, but received non-empty
[02:55:23] [main/WARN] [FML]: Patcher expecting empty class data file for net.minecraft.client.renderer.RenderGlobal$2, but received non-empty
[02:55:23] [main/WARN] [FML]: Patcher expecting empty class data file for net.minecraft.client.renderer.RenderGlobal$ContainerLocalRenderInformation, but received non-empty
[02:55:23] [main/WARN] [FML]: Patcher expecting empty class data file for net.minecraft.client.renderer.BlockFluidRenderer, but received non-empty
[02:55:23] [main/WARN] [FML]: Patcher expecting empty class data file for net.minecraft.client.renderer.BlockModelRenderer, but received non-empty
[02:55:23] [main/WARN] [FML]: Patcher expecting empty class data file for net.minecraft.client.renderer.BlockModelRenderer$1, but received non-empty
[02:55:23] [main/WARN] [FML]: Patcher expecting empty class data file for net.minecraft.client.renderer.BlockModelRenderer$EnumNeighborInfo, but received non-empty
[02:55:23] [main/WARN] [FML]: Patcher expecting empty class data file for net.minecraft.client.renderer.BlockModelRenderer$AmbientOcclusionFace, but received non-empty
[02:55:23] [main/WARN] [FML]: Patcher expecting empty class data file for net.minecraft.client.renderer.BlockModelRenderer$VertexTranslations, but received non-empty
[02:55:23] [main/WARN] [FML]: Patcher expecting empty class data file for net.minecraft.client.renderer.BlockModelRenderer$Orientation, but received non-empty
[02:55:23] [main/WARN] [FML]: Patcher expecting empty class data file for net.minecraft.client.renderer.block.model.BakedQuad, but received non-empty
[02:55:23] [main/WARN] [FML]: Patcher expecting empty class data file for net.minecraft.client.renderer.block.model.BakedQuadRetextured, but received non-empty
[02:55:23] [main/WARN] [FML]: Patcher expecting empty class data file for net.minecraft.client.renderer.block.model.FaceBakery, but received non-empty
[02:55:23] [main/WARN] [FML]: Patcher expecting empty class data file for net.minecraft.client.renderer.block.model.FaceBakery$5, but received non-empty
[02:55:23] [main/WARN] [FML]: Patcher expecting empty class data file for net.minecraft.client.renderer.block.model.ItemOverrideList, but received non-empty
[02:55:23] [main/WARN] [FML]: Patcher expecting empty class data file for net.minecraft.client.renderer.tileentity.TileEntityRendererDispatcher, but received non-empty
[02:55:23] [main/WARN] [FML]: Patcher expecting empty class data file for net.minecraft.client.renderer.tileentity.TileEntitySpecialRenderer, but received non-empty
[02:55:23] [main/WARN] [FML]: Patcher expecting empty class data file for net.minecraft.client.renderer.chunk.ChunkRenderDispatcher, but received non-empty
[02:55:23] [main/WARN] [FML]: Patcher expecting empty class data file for net.minecraft.client.renderer.chunk.ChunkRenderDispatcher$1, but received non-empty
[02:55:23] [main/WARN] [FML]: Patcher expecting empty class data file for net.minecraft.client.renderer.chunk.ChunkRenderDispatcher$2, but received non-empty
[02:55:23] [main/WARN] [FML]: Patcher expecting empty class data file for net.minecraft.client.renderer.chunk.ChunkRenderDispatcher$3, but received non-empty
[02:55:23] [main/WARN] [FML]: Patcher expecting empty class data file for net.minecraft.client.renderer.chunk.ChunkRenderDispatcher$PendingUpload, but received non-empty
[02:55:23] [main/WARN] [FML]: Patcher expecting empty class data file for net.minecraft.client.renderer.chunk.RenderChunk, but received non-empty
[02:55:23] [main/WARN] [FML]: Patcher expecting empty class data file for net.minecraft.client.renderer.entity.RenderManager, but received non-empty
[02:55:23] [main/WARN] [FML]: Patcher expecting empty class data file for net.minecraft.client.renderer.entity.RenderItemFrame, but received non-empty
[02:55:23] [main/WARN] [FML]: Patcher expecting empty class data file for net.minecraft.client.renderer.RenderItem, but received non-empty
[02:55:23] [main/WARN] [FML]: Patcher expecting empty class data file for net.minecraft.client.renderer.RenderItem$1, but received non-empty
[02:55:23] [main/WARN] [FML]: Patcher expecting empty class data file for net.minecraft.client.renderer.RenderItem$9, but received non-empty
[02:55:23] [main/WARN] [FML]: Patcher expecting empty class data file for net.minecraft.client.renderer.RenderItem$10, but received non-empty
[02:55:23] [main/WARN] [FML]: Patcher expecting empty class data file for net.minecraft.client.renderer.RenderItem$2, but received non-empty
[02:55:23] [main/WARN] [FML]: Patcher expecting empty class data file for net.minecraft.client.renderer.RenderItem$3, but received non-empty
[02:55:23] [main/WARN] [FML]: Patcher expecting empty class data file for net.minecraft.client.renderer.RenderItem$4, but received non-empty
[02:55:23] [main/WARN] [FML]: Patcher expecting empty class data file for net.minecraft.client.renderer.RenderItem$5, but received non-empty
[02:55:23] [main/WARN] [FML]: Patcher expecting empty class data file for net.minecraft.client.renderer.RenderItem$6, but received non-empty
[02:55:23] [main/WARN] [FML]: Patcher expecting empty class data file for net.minecraft.client.renderer.RenderItem$7, but received non-empty
[02:55:23] [main/WARN] [FML]: Patcher expecting empty class data file for net.minecraft.client.renderer.RenderItem$8, but received non-empty
[02:55:23] [main/WARN] [FML]: Patcher expecting empty class data file for net.minecraft.client.renderer.entity.RenderLivingBase, but received non-empty
[02:55:23] [main/WARN] [FML]: Patcher expecting empty class data file for net.minecraft.client.renderer.entity.RenderLivingBase$1, but received non-empty
[02:55:23] [main/WARN] [FML]: Patcher expecting empty class data file for net.minecraft.client.renderer.entity.layers.LayerArmorBase, but received non-empty
[02:55:23] [main/WARN] [FML]: Patcher expecting empty class data file for net.minecraft.client.renderer.texture.LayeredColorMaskTexture, but received non-empty
[02:55:23] [main/WARN] [FML]: Patcher expecting empty class data file for net.minecraft.client.renderer.texture.Stitcher, but received non-empty
[02:55:23] [main/WARN] [FML]: Patcher expecting empty class data file for net.minecraft.client.renderer.texture.Stitcher$Holder, but received non-empty
[02:55:23] [main/WARN] [FML]: Patcher expecting empty class data file for net.minecraft.client.renderer.texture.Stitcher$Slot, but received non-empty
[02:55:23] [main/WARN] [FML]: Patcher expecting empty class data file for net.minecraft.client.renderer.texture.TextureMap, but received non-empty
[02:55:23] [main/WARN] [FML]: Patcher expecting empty class data file for net.minecraft.client.renderer.texture.TextureMap$1, but received non-empty
[02:55:23] [main/WARN] [FML]: Patcher expecting empty class data file for net.minecraft.client.renderer.texture.TextureMap$2, but received non-empty
[02:55:23] [main/WARN] [FML]: Patcher expecting empty class data file for net.minecraft.client.renderer.texture.TextureMap$3, but received non-empty
[02:55:23] [main/WARN] [FML]: Patcher expecting empty class data file for net.minecraft.client.renderer.texture.TextureAtlasSprite, but received non-empty
[02:55:23] [main/WARN] [FML]: Patcher expecting empty class data file for net.minecraft.client.renderer.texture.TextureAtlasSprite$1, but received non-empty
[02:55:23] [main/WARN] [FML]: Patcher expecting empty class data file for net.minecraft.client.renderer.texture.TextureManager, but received non-empty
[02:55:23] [main/WARN] [FML]: Patcher expecting empty class data file for net.minecraft.client.renderer.texture.TextureManager$1, but received non-empty
[02:55:23] [main/WARN] [FML]: Patcher expecting empty class data file for net.minecraft.client.renderer.texture.TextureUtil, but received non-empty
[02:55:23] [main/WARN] [FML]: Patcher expecting empty class data file for net.minecraft.client.resources.ResourcePackRepository, but received non-empty
[02:55:23] [main/WARN] [FML]: Patcher expecting empty class data file for net.minecraft.client.resources.ResourcePackRepository$2, but received non-empty
[02:55:23] [main/WARN] [FML]: Patcher expecting empty class data file for net.minecraft.client.resources.ResourcePackRepository$3, but received non-empty
[02:55:23] [main/WARN] [FML]: Patcher expecting empty class data file for net.minecraft.client.resources.ResourcePackRepository$Entry, but received non-empty
[02:55:23] [main/WARN] [FML]: Patcher expecting empty class data file for net.minecraft.client.renderer.block.model.ModelRotation, but received non-empty
[02:55:23] [main/WARN] [FML]: Patcher expecting empty class data file for net.minecraft.client.renderer.block.model.ModelBakery, but received non-empty
[02:55:23] [main/WARN] [FML]: Patcher expecting empty class data file for net.minecraft.client.renderer.block.model.ModelBakery$1, but received non-empty
[02:55:23] [main/WARN] [FML]: Patcher expecting empty class data file for net.minecraft.client.renderer.block.model.ModelBakery$2, but received non-empty
[02:55:23] [main/WARN] [FML]: Patcher expecting empty class data file for net.minecraft.client.renderer.block.model.ModelBakery$3, but received non-empty
[02:55:23] [main/WARN] [FML]: Patcher expecting empty class data file for net.minecraft.server.integrated.IntegratedServer, but received non-empty
[02:55:23] [main/WARN] [FML]: Patcher expecting empty class data file for net.minecraft.server.integrated.IntegratedServer$1, but received non-empty
[02:55:23] [main/WARN] [FML]: Patcher expecting empty class data file for net.minecraft.server.integrated.IntegratedServer$2, but received non-empty
[02:55:23] [main/WARN] [FML]: Patcher expecting empty class data file for net.minecraft.server.integrated.IntegratedServer$3, but received non-empty
[02:55:23] [main/WARN] [FML]: Patcher expecting empty class data file for net.minecraft.client.renderer.OpenGlHelper, but received non-empty
[02:55:23] [main/WARN] [FML]: Patcher expecting empty class data file for net.minecraft.client.renderer.OpenGlHelper$1, but received non-empty
[02:55:23] [main/WARN] [FML]: Patcher expecting empty class data file for net.minecraft.client.renderer.OpenGlHelper$FboMode, but received non-empty
[02:55:23] [main/INFO] [FML]: Found valid fingerprint for Minecraft Forge. Certificate fingerprint e3c3d50c7c986df74c645c0ac54639741c90a557
[02:55:23] [main/DEBUG] [FML]: Coremod plugin class FMLCorePlugin run successfully
[02:55:23] [main/INFO] [LaunchWrapper]: Calling tweak class net.minecraftforge.fml.relauncher.CoreModManager$FMLPluginWrapper
[02:55:23] [main/DEBUG] [FML]: Injecting coremod FMLForgePlugin \{net.minecraftforge.classloading.FMLForgePlugin\} class transformers
[02:55:23] [main/DEBUG] [FML]: Injection complete
[02:55:23] [main/DEBUG] [FML]: Running coremod plugin for FMLForgePlugin \{net.minecraftforge.classloading.FMLForgePlugin\}
[02:55:23] [main/DEBUG] [FML]: Running coremod plugin FMLForgePlugin
[02:55:23] [main/DEBUG] [FML]: Coremod plugin class FMLForgePlugin run successfully
[02:55:23] [main/INFO] [LaunchWrapper]: Calling tweak class net.minecraftforge.fml.relauncher.CoreModManager$FMLPluginWrapper
[02:55:23] [main/DEBUG] [FML]: Injecting coremod CreativePatchingLoader \{com.creativemd.creativecore.core.CreativePatchingLoader\} class transformers
[02:55:23] [main/DEBUG] [FML]: Injection complete
[02:55:23] [main/DEBUG] [FML]: Running coremod plugin for CreativePatchingLoader \{com.creativemd.creativecore.core.CreativePatchingLoader\}
[02:55:23] [main/DEBUG] [FML]: Running coremod plugin CreativePatchingLoader
[02:55:23] [main/DEBUG] [FML]: Coremod plugin class CreativePatchingLoader run successfully
[02:55:23] [main/INFO] [LaunchWrapper]: Calling tweak class org.spongepowered.asm.launch.MixinTweaker
[02:55:23] [main/DEBUG] [mixin]: Processing prepare() for PlatformAgent[MixinPlatformAgentFMLLegacy:ContainerHandleURI(file:/workspaces/modjava/servidor_minecraft/./mods/%5B1.12.2%5D%20SecurityCraft%20v1.10.jar)]
[02:55:23] [main/DEBUG] [mixin]: Processing prepare() for PlatformAgent[MixinPlatformAgentDefault:ContainerHandleURI(file:/workspaces/modjava/servidor_minecraft/./mods/%5B1.12.2%5D%20SecurityCraft%20v1.10.jar)]
[02:55:23] [main/DEBUG] [mixin]: Creating FML remapper adapter: org.spongepowered.asm.bridge.RemapperAdapterFML
[02:55:23] [main/INFO] [mixin]: Initialised Mixin FML Remapper Adapter with net.minecraftforge.fml.common.asm.transformers.deobf.FMLDeobfuscatingRemapper@1473b8c0
[02:55:23] [main/DEBUG] [mixin]: Processing launch tasks for PlatformAgent[MixinPlatformAgentFMLLegacy:ContainerHandleURI(file:/workspaces/modjava/servidor_minecraft/./mods/%5B1.12.2%5D%20SecurityCraft%20v1.10.jar)]
[02:55:23] [main/DEBUG] [mixin]: Processing launch tasks for PlatformAgent[MixinPlatformAgentDefault:ContainerHandleURI(file:/workspaces/modjava/servidor_minecraft/./mods/%5B1.12.2%5D%20SecurityCraft%20v1.10.jar)]
[02:55:23] [main/DEBUG] [mixin]: Scanning file:/workspaces/modjava/servidor_minecraft/forge-1.12.2-14.23.5.2860.jar for mixin tweaker
[02:55:23] [main/DEBUG] [mixin]: Scanning file:/workspaces/modjava/servidor_minecraft/./mods/%5B1.12.2%5D%20SecurityCraft%20v1.10.jar for mixin tweaker
[02:55:23] [main/DEBUG] [mixin]: Scanning file:/workspaces/modjava/servidor_minecraft/./mods/CreativeCore_v1.10.71_mc1.12.2.jar for mixin tweaker
[02:55:23] [main/DEBUG] [mixin]: Scanning file:/workspaces/modjava/servidor_minecraft/./mods/obfuscate-0.4.2-1.12.2.jar for mixin tweaker
[02:55:23] [main/DEBUG] [mixin]: Scanning file:/workspaces/modjava/servidor_minecraft/./mods/OptiFine-OptiFine-1.12.2_HD_U_G5.jar for mixin tweaker
[02:55:23] [main/DEBUG] [mixin]: Scanning file:/workspaces/modjava/servidor_minecraft/./mods/techguns-1.12.2-2.0.2.0_pre3.2.jar for mixin tweaker
[02:55:23] [main/DEBUG] [mixin]: Scanning file:/workspaces/modjava/servidor_minecraft/./mods/memory_repo/net/ilexiconn/llibrary-core/1.0.11-1.12.2/llibrary-core-1.0.11-1.12.2.jar for mixin tweaker
[02:55:23] [main/DEBUG] [mixin]: Scanning asmgen:/ for mixin tweaker
[02:55:23] [main/DEBUG] [mixin]: Adding agents for Mixin Container ContainerHandleURI(file:/workspaces/modjava/servidor_minecraft/./mods/%5B1.12.2%5D%20SecurityCraft%20v1.10.jar)
[02:55:23] [main/DEBUG] [mixin]: inject() running with 1 agents
[02:55:23] [main/DEBUG] [mixin]: Processing inject() for PlatformAgent[MixinPlatformAgentFMLLegacy:ContainerHandleURI(file:/workspaces/modjava/servidor_minecraft/./mods/%5B1.12.2%5D%20SecurityCraft%20v1.10.jar)]
[02:55:23] [main/DEBUG] [mixin]: FML agent is co-initiralising coremod instance SecurityCraftLoadingPlugin {[]} for ContainerHandleURI(file:/workspaces/modjava/servidor_minecraft/./mods/%5B1.12.2%5D%20SecurityCraft%20v1.10.jar)
[02:55:23] [main/DEBUG] [FML]: Injecting coremod SecurityCraftLoadingPlugin \{net.geforcemods.securitycraft.SecurityCraftLoadingPlugin\} class transformers
[02:55:23] [main/DEBUG] [FML]: Injection complete
[02:55:23] [main/DEBUG] [FML]: Running coremod plugin for SecurityCraftLoadingPlugin \{net.geforcemods.securitycraft.SecurityCraftLoadingPlugin\}
[02:55:23] [main/DEBUG] [FML]: Running coremod plugin SecurityCraftLoadingPlugin
[02:55:23] [main/DEBUG] [FML]: Coremod plugin class SecurityCraftLoadingPlugin run successfully
[02:55:23] [main/DEBUG] [mixin]: Processing inject() for PlatformAgent[MixinPlatformAgentDefault:ContainerHandleURI(file:/workspaces/modjava/servidor_minecraft/./mods/%5B1.12.2%5D%20SecurityCraft%20v1.10.jar)]
[02:55:23] [main/INFO] [LaunchWrapper]: Calling tweak class net.minecraftforge.fml.common.launcher.FMLDeobfTweaker
[02:55:23] [main/DEBUG] [FML]: Loaded 215 rules from AccessTransformer config file forge_at.cfg
[02:55:23] [main/DEBUG] [FML]: Loaded 1 rules from AccessTransformer mod jar file ./mods/journeymap-1.12.2-5.7.1p3.jar!META-INF/journeymap_at.cfg

[02:55:23] [main/DEBUG] [FML]: Loaded 11 rules from AccessTransformer mod jar file ./mods/llibrary-1.7.20-1.12.2.jar!META-INF/llibrary_at.cfg

[02:55:23] [main/DEBUG] [FML]: Loaded 42 rules from AccessTransformer mod jar file ./mods/[1.12.2] SecurityCraft v1.10.jar!META-INF/securitycraft_at.cfg

[02:55:23] [main/DEBUG] [FML]: Loaded 13 rules from AccessTransformer mod jar file ./mods/jei_1.12.2-4.16.1.1013.jar!META-INF/jei_at.cfg

[02:55:23] [main/DEBUG] [mixin]: Adding new mixin transformer proxy #2
[02:55:23] [main/DEBUG] [FML]: Validating minecraft
[02:55:23] [main/DEBUG] [mixin]: Preparing mixins for MixinEnvironment[INIT]
[02:55:23] [main/DEBUG] [FML]: Minecraft validated, launching...
[02:55:23] [main/INFO] [LaunchWrapper]: Calling tweak class net.minecraftforge.fml.relauncher.CoreModManager$FMLPluginWrapper
[02:55:23] [main/DEBUG] [FML]: Injecting coremod ObfuscatePlugin \{com.mrcrayfish.obfuscate.asm.ObfuscatePlugin\} class transformers
[02:55:23] [main/TRACE] [FML]: Registering transformer com.mrcrayfish.obfuscate.asm.ObfuscateTransformer
[02:55:23] [main/DEBUG] [FML]: Injection complete
[02:55:23] [main/DEBUG] [FML]: Running coremod plugin for ObfuscatePlugin \{com.mrcrayfish.obfuscate.asm.ObfuscatePlugin\}
[02:55:23] [main/DEBUG] [FML]: Running coremod plugin ObfuscatePlugin
[02:55:23] [main/DEBUG] [FML]: Coremod plugin class ObfuscatePlugin run successfully
[02:55:23] [main/INFO] [LaunchWrapper]: Calling tweak class net.minecraftforge.fml.relauncher.CoreModManager$FMLPluginWrapper
[02:55:23] [main/DEBUG] [FML]: Injecting coremod llibrary \{net.ilexiconn.llibrary.server.core.plugin.LLibraryPlugin\} class transformers
[02:55:23] [main/TRACE] [FML]: Registering transformer net.ilexiconn.llibrary.server.core.plugin.LLibraryTransformer
[02:55:23] [main/TRACE] [FML]: Registering transformer net.ilexiconn.llibrary.server.core.patcher.LLibraryRuntimePatcher
[02:55:23] [main/DEBUG] [LLibrary Core]: Found runtime patcher net.ilexiconn.llibrary.server.core.patcher.LLibraryRuntimePatcher
[02:55:23] [main/DEBUG] [FML]: Injection complete
[02:55:23] [main/DEBUG] [FML]: Running coremod plugin for llibrary \{net.ilexiconn.llibrary.server.core.plugin.LLibraryPlugin\}
[02:55:23] [main/DEBUG] [FML]: Running coremod plugin llibrary
[02:55:23] [main/DEBUG] [FML]: Coremod plugin class LLibraryPlugin run successfully
[02:55:23] [main/INFO] [LaunchWrapper]: Calling tweak class net.minecraftforge.fml.relauncher.CoreModManager$FMLPluginWrapper
[02:55:23] [main/DEBUG] [FML]: Injecting coremod Techguns Core \{techguns.core.TechgunsFMLPlugin\} class transformers
[02:55:23] [main/DEBUG] [LLibrary Core]: Found no method mapping for java/lang/String/format(Ljava/lang/String;[Ljava/lang/Object;)Ljava/lang/String;
[02:55:23] [main/DEBUG] [LLibrary Core]: Found no method mapping for net/minecraft/client/model/ModelBiped/<init>(FZ)V
[02:55:23] [main/DEBUG] [LLibrary Core]: Found no method mapping for net/minecraft/client/renderer/entity/RenderPlayer/<init>(Lnet/minecraft/client/renderer/entity/RenderManager;Z)V
[02:55:23] [main/DEBUG] [LLibrary Core]: Found no method mapping for net/minecraftforge/client/ForgeHooksClient/handleCameraTransforms(Lnet/minecraft/client/renderer/block/model/IBakedModel;Lnet/minecraft/client/renderer/block/model/ItemCameraTransforms$TransformType;Z)Lnet/minecraft/client/renderer/block/model/IBakedModel;
[02:55:23] [main/TRACE] [FML]: Registering transformer techguns.core.TechgunsASMTransformer
[02:55:23] [main/DEBUG] [FML]: Injection complete
[02:55:23] [main/DEBUG] [FML]: Running coremod plugin for Techguns Core \{techguns.core.TechgunsFMLPlugin\}
[02:55:23] [main/DEBUG] [FML]: Running coremod plugin Techguns Core
[02:55:23] [main/DEBUG] [FML]: Coremod plugin class TechgunsFMLPlugin run successfully
[02:55:23] [main/INFO] [LaunchWrapper]: Loading tweak class name net.minecraftforge.fml.common.launcher.TerminalTweaker
[02:55:23] [main/INFO] [LaunchWrapper]: Loading tweak class name org.spongepowered.asm.mixin.EnvironmentStateTweaker
[02:55:23] [main/INFO] [LaunchWrapper]: Calling tweak class net.minecraftforge.fml.common.launcher.TerminalTweaker
[02:55:23] [main/INFO] [LaunchWrapper]: Calling tweak class org.spongepowered.asm.mixin.EnvironmentStateTweaker
[02:55:23] [main/INFO] [STDOUT]: [optifine.OptiFineForgeTweaker:dbg:56]: OptiFineForgeTweaker: getLaunchArguments
[02:55:23] [main/DEBUG] [mixin]: Adding new mixin transformer proxy #3
[02:55:23] [main/DEBUG] [LLibrary Core]: Patching class net/minecraft/server/MinecraftServer
[02:55:23] [main/DEBUG] [LLibrary Core]:    Patching method run()V
[02:55:23] [main/DEBUG] [LLibrary Core]: Found no method mapping for net/ilexiconn/llibrary/server/core/patcher/LLibraryHooks/getTickRate()J
[02:55:23] [main/DEBUG] [LLibrary Core]: Found no method mapping for net/ilexiconn/llibrary/server/core/patcher/LLibraryHooks/getTickRate()J
[02:55:23] [main/DEBUG] [LLibrary Core]: Found no method mapping for net/ilexiconn/llibrary/server/core/patcher/LLibraryHooks/getTickRate()J
[02:55:23] [main/DEBUG] [LLibrary Core]: Found no method mapping for net/ilexiconn/llibrary/server/core/patcher/LLibraryHooks/getTickRate()J
[02:55:23] [main/DEBUG] [mixin]: Preparing mixins for MixinEnvironment[DEFAULT]
[02:55:23] [main/DEBUG] [mixin]: Selecting config securitycraft.mixins.json
[02:55:23] [main/DEBUG] [mixin]: Preparing securitycraft.mixins.json (18)
[02:55:23] [main/DEBUG] [mixin]: Found name transformer: net.minecraftforge.fml.common.asm.transformers.DeobfuscationTransformer
[02:55:23] [main/DEBUG] [mixin]: Rebuilding transformer delegation list:
[02:55:23] [main/DEBUG] [mixin]: Found name transformer: net.minecraftforge.fml.common.asm.transformers.DeobfuscationTransformer
[02:55:23] [main/DEBUG] [mixin]:   Adding:    net.minecraftforge.fml.common.asm.transformers.PatchingTransformer
[02:55:23] [main/DEBUG] [mixin]:   Excluding: org.spongepowered.asm.mixin.transformer.Proxy
[02:55:23] [main/DEBUG] [mixin]:   Adding:    $wrapper.net.minecraftforge.fml.common.asm.transformers.SideTransformer
[02:55:23] [main/DEBUG] [mixin]:   Excluding: $wrapper.net.minecraftforge.fml.common.asm.transformers.EventSubscriptionTransformer
[02:55:23] [main/DEBUG] [mixin]:   Adding:    $wrapper.net.minecraftforge.fml.common.asm.transformers.EventSubscriberTransformer
[02:55:23] [main/DEBUG] [mixin]:   Adding:    $wrapper.net.minecraftforge.fml.common.asm.transformers.SoundEngineFixTransformer
[02:55:23] [main/DEBUG] [mixin]:   Adding:    net.minecraftforge.fml.common.asm.transformers.DeobfuscationTransformer
[02:55:23] [main/DEBUG] [mixin]:   Adding:    net.minecraftforge.fml.common.asm.transformers.AccessTransformer
[02:55:23] [main/DEBUG] [mixin]:   Adding:    net.minecraftforge.fml.common.asm.transformers.ModAccessTransformer
[02:55:23] [main/DEBUG] [mixin]:   Adding:    net.minecraftforge.fml.common.asm.transformers.ItemStackTransformer
[02:55:23] [main/DEBUG] [mixin]:   Adding:    net.minecraftforge.fml.common.asm.transformers.ItemBlockTransformer
[02:55:23] [main/DEBUG] [mixin]:   Adding:    net.minecraftforge.fml.common.asm.transformers.ItemBlockSpecialTransformer
[02:55:23] [main/DEBUG] [mixin]:   Adding:    net.minecraftforge.fml.common.asm.transformers.PotionEffectTransformer
[02:55:23] [main/DEBUG] [mixin]:   Excluding: org.spongepowered.asm.mixin.transformer.Proxy
[02:55:23] [main/DEBUG] [mixin]:   Adding:    $wrapper.com.mrcrayfish.obfuscate.asm.ObfuscateTransformer
[02:55:23] [main/DEBUG] [mixin]:   Adding:    $wrapper.net.ilexiconn.llibrary.server.core.plugin.LLibraryTransformer
[02:55:23] [main/DEBUG] [mixin]:   Adding:    $wrapper.net.ilexiconn.llibrary.server.core.patcher.LLibraryRuntimePatcher
[02:55:23] [main/DEBUG] [mixin]:   Adding:    $wrapper.techguns.core.TechgunsASMTransformer
[02:55:23] [main/DEBUG] [mixin]:   Excluding: net.minecraftforge.fml.common.asm.transformers.TerminalTransformer
[02:55:23] [main/DEBUG] [mixin]:   Excluding: org.spongepowered.asm.mixin.transformer.Proxy
[02:55:23] [main/DEBUG] [mixin]: Transformer delegation list created with 15 entries
[02:55:23] [main/TRACE] [mixin]: Added class metadata for net/minecraft/entity/player/EntityPlayerMP to metadata cache
[02:55:23] [main/TRACE] [mixin]: Added class metadata for net/minecraft/entity/EntityTrackerEntry to metadata cache
[02:55:23] [main/TRACE] [mixin]: Added class metadata for net/minecraft/server/management/PlayerList to metadata cache
[02:55:23] [main/TRACE] [mixin]: Added class metadata for net/minecraft/world/Teleporter to metadata cache
[02:55:23] [main/TRACE] [mixin]: Added class metadata for net/minecraft/inventory/ContainerBrewingStand to metadata cache
[02:55:23] [main/TRACE] [mixin]: Added class metadata for net/minecraft/network/NetHandlerPlayServer to metadata cache
[02:55:23] [main/TRACE] [mixin]: Added class metadata for net/minecraft/world/gen/structure/template/Template to metadata cache
[02:55:23] [main/TRACE] [mixin]: Added class metadata for net/minecraft/item/ItemShears to metadata cache
[02:55:23] [main/TRACE] [mixin]: Added class metadata for net/minecraft/item/ItemSword to metadata cache
[02:55:23] [main/TRACE] [mixin]: Added class metadata for net/minecraft/tileentity/TileEntityNote to metadata cache
[02:55:23] [main/TRACE] [mixin]: Added class metadata for net/minecraft/item/ItemChorusFruit to metadata cache
[02:55:23] [main/DEBUG] [mixin]: Registering new injector for @Inject with org.spongepowered.asm.mixin.injection.struct.CallbackInjectionInfo
[02:55:23] [main/DEBUG] [mixin]: Registering new injector for @ModifyArg with org.spongepowered.asm.mixin.injection.struct.ModifyArgInjectionInfo
[02:55:23] [main/DEBUG] [mixin]: Registering new injector for @ModifyArgs with org.spongepowered.asm.mixin.injection.struct.ModifyArgsInjectionInfo
[02:55:23] [main/DEBUG] [mixin]: Registering new injector for @Redirect with org.spongepowered.asm.mixin.injection.struct.RedirectInjectionInfo
[02:55:23] [main/DEBUG] [mixin]: Registering new injector for @ModifyVariable with org.spongepowered.asm.mixin.injection.struct.ModifyVariableInjectionInfo
[02:55:23] [main/DEBUG] [mixin]: Registering new injector for @ModifyConstant with org.spongepowered.asm.mixin.injection.struct.ModifyConstantInjectionInfo
[02:55:23] [main/TRACE] [mixin]: Added class metadata for net/geforcemods/securitycraft/blockentities/RiftStabilizerBlockEntity$TeleportationType to metadata cache
[02:55:24] [main/DEBUG] [mixin]: Mixing camera.PlayerListMixin from securitycraft.mixins.json into net.minecraft.server.management.PlayerList
[02:55:24] [main/TRACE] [mixin]: Added class metadata for net/geforcemods/securitycraft/util/PlayerUtils to metadata cache
[02:55:24] [main/TRACE] [mixin]: Added class metadata for net/geforcemods/securitycraft/entity/camera/SecurityCamera to metadata cache
[02:55:24] [main/TRACE] [mixin]: Added class metadata for org/spongepowered/asm/mixin/injection/callback/CallbackInfo to metadata cache
[02:55:24] [main/TRACE] [mixin]: Added class metadata for net/minecraft/entity/player/EntityPlayer to metadata cache
[02:55:24] [main/TRACE] [mixin]: Added class metadata for net/minecraft/network/Packet to metadata cache
[02:55:24] [main/TRACE] [mixin]: Added class metadata for net/minecraft/nbt/NBTTagCompound to metadata cache
[02:55:24] [main/TRACE] [mixin]: Added class metadata for java/util/Iterator to metadata cache
[02:55:24] [main/TRACE] [mixin]: Added class metadata for net/minecraft/nbt/NBTBase to metadata cache
[02:55:24] [main/TRACE] [mixin]: Added class metadata for net/minecraft/server/management/DemoPlayerInteractionManager to metadata cache
[02:55:24] [main/TRACE] [mixin]: Added class metadata for net/minecraft/server/management/PlayerInteractionManager to metadata cache
[02:55:24] [main/INFO] [LaunchWrapper]: Launching wrapped minecraft {net.minecraft.server.MinecraftServer}
[02:55:24] [main/DEBUG] [mixin]: Mixing reinforced.TileEntityNoteMixin from securitycraft.mixins.json into net.minecraft.tileentity.TileEntityNote
[02:55:24] [main/TRACE] [mixin]: Added class metadata for net/minecraft/tileentity/TileEntity to metadata cache
[02:55:24] [main/TRACE] [mixin]: Added class metadata for net/minecraft/world/World to metadata cache
[02:55:24] [main/TRACE] [mixin]: Added class metadata for net/minecraft/block/state/IBlockState to metadata cache
[02:55:24] [main/TRACE] [mixin]: Added class metadata for net/geforcemods/securitycraft/api/IReinforcedBlock to metadata cache
[02:55:24] [main/TRACE] [mixin]: Added class metadata for net/minecraftforge/common/capabilities/ICapabilitySerializable to metadata cache
[02:55:24] [main/TRACE] [mixin]: Added class metadata for net/minecraftforge/common/capabilities/ICapabilityProvider to metadata cache
[02:55:24] [main/TRACE] [mixin]: Added class metadata for net/minecraftforge/common/util/INBTSerializable to metadata cache
[02:55:24] [main/TRACE] [mixin]: Added class metadata for net/minecraft/util/math/BlockPos to metadata cache
[02:55:25] [main/DEBUG] [mixin]: Mixing reinforced.ItemSwordMixin from securitycraft.mixins.json into net.minecraft.item.ItemSword
[02:55:25] [main/TRACE] [mixin]: Added class metadata for net/minecraft/item/Item to metadata cache
[02:55:25] [main/TRACE] [mixin]: Added class metadata for net/minecraftforge/registries/IForgeRegistryEntry$Impl to metadata cache
[02:55:25] [main/TRACE] [mixin]: Added class metadata for net/geforcemods/securitycraft/SCContent to metadata cache
[02:55:25] [main/TRACE] [mixin]: Added class metadata for java/lang/Float to metadata cache
[02:55:25] [main/TRACE] [mixin]: Added class metadata for java/lang/Number to metadata cache
[02:55:25] [main/TRACE] [mixin]: Added class metadata for java/io/Serializable to metadata cache
[02:55:25] [main/TRACE] [mixin]: Added class metadata for java/lang/Comparable to metadata cache
[02:55:25] [main/TRACE] [mixin]: Added class metadata for org/spongepowered/asm/mixin/injection/callback/CallbackInfoReturnable to metadata cache
[02:55:25] [main/TRACE] [mixin]: Added class metadata for java/lang/Boolean to metadata cache
[02:55:25] [main/TRACE] [mixin]: Added class metadata for net/minecraftforge/registries/IForgeRegistryEntry to metadata cache
[02:55:25] [main/TRACE] [mixin]: Added class metadata for net/minecraft/item/ItemStack to metadata cache
[02:55:25] [main/DEBUG] [mixin]: Mixing camera.EntityPlayerMPMixin from securitycraft.mixins.json into net.minecraft.entity.player.EntityPlayerMP
[02:55:25] [main/TRACE] [mixin]: Added class metadata for net/minecraft/entity/EntityLivingBase to metadata cache
[02:55:25] [main/TRACE] [mixin]: Added class metadata for net/minecraft/entity/Entity to metadata cache
[02:55:25] [main/TRACE] [mixin]: Added class metadata for net/minecraft/command/ICommandSender to metadata cache
[02:55:25] [main/TRACE] [mixin]: Added class metadata for net/minecraft/inventory/IContainerListener to metadata cache
[02:55:25] [main/DEBUG] [mixin]: Mixing reinforced.ItemShearsMixin from securitycraft.mixins.json into net.minecraft.item.ItemShears
[02:55:25] [main/DEBUG] [mixin]: Mixing riftstabilizer.ItemChorusFruitMixin from securitycraft.mixins.json into net.minecraft.item.ItemChorusFruit
[02:55:25] [main/TRACE] [mixin]: Added class metadata for net/minecraft/item/ItemFood to metadata cache
[02:55:25] [main/TRACE] [mixin]: Added class metadata for net/minecraft/util/math/Vec3d to metadata cache
[02:55:25] [main/TRACE] [mixin]: Added class metadata for net/geforcemods/securitycraft/SCEventHandler to metadata cache
[02:55:26] [main/DEBUG] [FML]: Creating vanilla freeze snapshot
[02:55:26] [main/DEBUG] [FML]: Vanilla freeze snapshot created
[02:55:26] [main/DEBUG] [mixin]: Mixing passcode.TemplateMixin from securitycraft.mixins.json into net.minecraft.world.gen.structure.template.Template
[02:55:26] [main/TRACE] [mixin]: Added class metadata for net/geforcemods/securitycraft/api/IPasscodeProtected to metadata cache
[02:55:26] [main/TRACE] [mixin]: Added class metadata for net/minecraft/util/math/Vec3i to metadata cache
[02:55:26] [main/TRACE] [mixin]: Added class metadata for java/util/Collection to metadata cache
[02:55:26] [main/TRACE] [mixin]: Added class metadata for java/util/ArrayList to metadata cache
[02:55:26] [main/TRACE] [mixin]: Added class metadata for net/minecraft/util/math/BlockPos$MutableBlockPos to metadata cache
[02:55:26] [main/TRACE] [mixin]: Added class metadata for java/util/List to metadata cache
[02:55:26] [main/TRACE] [mixin]: Added class metadata for net/minecraft/world/gen/structure/template/Template$BlockInfo to metadata cache
[02:55:26] [main/TRACE] [mixin]: Added class metadata for net/minecraft/block/Block to metadata cache
[02:55:26] [main/TRACE] [mixin]: Added class metadata for com/google/common/base/Predicate to metadata cache
[02:55:26] [main/TRACE] [mixin]: Added class metadata for net/minecraft/world/gen/structure/template/Template$1 to metadata cache
[02:55:26] [main/TRACE] [mixin]: Added class metadata for net/minecraft/world/gen/structure/template/Template$EntityInfo to metadata cache
[02:55:26] [main/DEBUG] [mixin]: Mixing potion.ContainerBrewingStandMixin from securitycraft.mixins.json into net.minecraft.inventory.ContainerBrewingStand
[02:55:26] [main/TRACE] [mixin]: Added class metadata for net/minecraft/inventory/Container to metadata cache
[02:55:26] [main/TRACE] [mixin]: Added class metadata for net/minecraft/inventory/Slot to metadata cache
[02:55:27] [Server thread/INFO] [net.minecraft.server.dedicated.DedicatedServer]: Starting minecraft server version 1.12.2
[02:55:27] [Server thread/INFO] [FML]: MinecraftForge v14.23.5.2860 Initialized
[02:55:27] [Server thread/INFO] [FML]: Starts to replace vanilla recipe ingredients with ore ingredients.
[02:55:27] [Server thread/INFO] [FML]: Invalid recipe found with multiple oredict ingredients in the same ingredient...
[02:55:27] [Server thread/INFO] [FML]: Replaced 1227 ore ingredients
[02:55:27] [Server thread/DEBUG] [FML]: File /workspaces/modjava/servidor_minecraft/config/injectedDependencies.json not found. No dependencies injected
[02:55:27] [Server thread/DEBUG] [FML]: Building injected Mod Containers [net.minecraftforge.fml.common.FMLContainer, net.minecraftforge.common.ForgeModContainer, com.creativemd.creativecore.core.CreativeCoreDummy, com.mrcrayfish.obfuscate.Obfuscate, techguns.core.TechgunsCore]
[02:55:27] [Server thread/DEBUG] [FML]: Attempting to load mods contained in the minecraft jar file and associated classes
[02:55:27] [Server thread/DEBUG] [FML]: Found a minecraft related file at /workspaces/modjava/servidor_minecraft/forge-1.12.2-14.23.5.2860.jar, examining for mod candidates
[02:55:27] [Server thread/TRACE] [FML]: Skipping known library file /workspaces/modjava/servidor_minecraft/./mods/[1.12.2] SecurityCraft v1.10.jar
[02:55:27] [Server thread/TRACE] [FML]: Skipping known library file /workspaces/modjava/servidor_minecraft/./mods/CreativeCore_v1.10.71_mc1.12.2.jar
[02:55:27] [Server thread/TRACE] [FML]: Skipping known library file /workspaces/modjava/servidor_minecraft/./mods/obfuscate-0.4.2-1.12.2.jar
[02:55:27] [Server thread/TRACE] [FML]: Skipping known library file /workspaces/modjava/servidor_minecraft/./mods/OptiFine-OptiFine-1.12.2_HD_U_G5.jar
[02:55:27] [Server thread/TRACE] [FML]: Skipping known library file /workspaces/modjava/servidor_minecraft/./mods/techguns-1.12.2-2.0.2.0_pre3.2.jar
[02:55:27] [Server thread/TRACE] [FML]: Skipping known library file /workspaces/modjava/servidor_minecraft/./mods/memory_repo/net/ilexiconn/llibrary-core/1.0.11-1.12.2/llibrary-core-1.0.11-1.12.2.jar
[02:55:27] [Server thread/DEBUG] [FML]: Minecraft jar mods loaded successfully
[02:55:27] [Server thread/INFO] [FML]: Searching /workspaces/modjava/servidor_minecraft/./mods for mods
[02:55:27] [Server thread/DEBUG] [FML]:   Adding NoCubes_SRP_Nests_Addon_3.0.0.jar to the mod list
[02:55:27] [Server thread/DEBUG] [FML]:   Adding OverLast-1.12.2-0.2.9B9.jar to the mod list
[02:55:27] [Server thread/DEBUG] [FML]:   Adding CreativeCore_v1.10.71_mc1.12.2.jar to the mod list
[02:55:27] [Server thread/DEBUG] [FML]:   Adding simpletomb-1.12.2-1.0.0.jar to the mod list
[02:55:27] [Server thread/DEBUG] [FML]:   Adding Netherite(1.12.2).jar to the mod list
[02:55:27] [Server thread/DEBUG] [FML]:   Adding SRParasites-1.12.2v1.9.21.jar to the mod list
[02:55:27] [Server thread/DEBUG] [FML]:   Adding PlayerRevive_v1.2.40_mc1.12.2.jar to the mod list
[02:55:27] [Server thread/DEBUG] [FML]:   Adding guns-0.15.3-1.12.2.jar to the mod list
[02:55:27] [Server thread/DEBUG] [FML]:   Adding techguns-1.12.2-2.0.2.0_pre3.2.jar to the mod list
[02:55:27] [Server thread/DEBUG] [FML]:   Adding TravelersBackpack-1.12.2-1.0.35 (1).jar to the mod list
[02:55:27] [Server thread/DEBUG] [FML]:   Adding OptiFine-OptiFine-1.12.2_HD_U_G5.jar to the mod list
[02:55:27] [Server thread/DEBUG] [FML]:   Adding jei_1.12.2-4.16.1.1013.jar to the mod list
[02:55:27] [Server thread/DEBUG] [FML]:   Adding [1.12.2] SecurityCraft v1.10.jar to the mod list
[02:55:27] [Server thread/DEBUG] [FML]:   Adding NoCubes_SRP_Combat_Addon_3.0.0.jar to the mod list
[02:55:27] [Server thread/DEBUG] [FML]:   Adding NoCubes_SRP_Survival_Addon_3.0.0.jar to the mod list
[02:55:27] [Server thread/DEBUG] [FML]:   Adding carryon-1.12.2-1.12.7.23.jar to the mod list
[02:55:27] [Server thread/DEBUG] [FML]:   Adding llibrary-1.7.20-1.12.2.jar to the mod list
[02:55:27] [Server thread/DEBUG] [FML]:   Adding journeymap-1.12.2-5.7.1p3.jar to the mod list
[02:55:27] [Server thread/DEBUG] [FML]:   Adding obfuscate-0.4.2-1.12.2.jar to the mod list
[02:55:27] [Server thread/DEBUG] [FML]:   Adding Hwyla-1.8.26-B41_1.12.2.jar to the mod list
[02:55:27] [Server thread/DEBUG] [FML]: Found a candidate zip or jar file [1.12.2] SecurityCraft v1.10.jar
[02:55:27] [Server thread/DEBUG] [FML]: Found a candidate zip or jar file carryon-1.12.2-1.12.7.23.jar
[02:55:27] [Server thread/DEBUG] [FML]: Found a candidate zip or jar file CreativeCore_v1.10.71_mc1.12.2.jar
[02:55:27] [Server thread/DEBUG] [FML]: Found a candidate zip or jar file guns-0.15.3-1.12.2.jar
[02:55:27] [Server thread/DEBUG] [FML]: Found a candidate zip or jar file Hwyla-1.8.26-B41_1.12.2.jar
[02:55:27] [Server thread/DEBUG] [FML]: Found a candidate zip or jar file jei_1.12.2-4.16.1.1013.jar
[02:55:27] [Server thread/DEBUG] [FML]: Found a candidate zip or jar file journeymap-1.12.2-5.7.1p3.jar
[02:55:27] [Server thread/DEBUG] [FML]: Found a candidate zip or jar file Netherite(1.12.2).jar
[02:55:27] [Server thread/DEBUG] [FML]: Found a candidate zip or jar file NoCubes_SRP_Combat_Addon_3.0.0.jar
[02:55:27] [Server thread/DEBUG] [FML]: Found a candidate zip or jar file NoCubes_SRP_Nests_Addon_3.0.0.jar
[02:55:27] [Server thread/DEBUG] [FML]: Found a candidate zip or jar file NoCubes_SRP_Survival_Addon_3.0.0.jar
[02:55:27] [Server thread/TRACE] [FML]: Skipping already parsed coremod or tweaker obfuscate-0.4.2-1.12.2.jar
[02:55:27] [Server thread/TRACE] [FML]: Skipping already parsed coremod or tweaker OptiFine-OptiFine-1.12.2_HD_U_G5.jar
[02:55:27] [Server thread/DEBUG] [FML]: Found a candidate zip or jar file OverLast-1.12.2-0.2.9B9.jar
[02:55:27] [Server thread/DEBUG] [FML]: Found a candidate zip or jar file PlayerRevive_v1.2.40_mc1.12.2.jar
[02:55:27] [Server thread/DEBUG] [FML]: Found a candidate zip or jar file simpletomb-1.12.2-1.0.0.jar
[02:55:27] [Server thread/DEBUG] [FML]: Found a candidate zip or jar file SRParasites-1.12.2v1.9.21.jar
[02:55:27] [Server thread/DEBUG] [FML]: Found a candidate zip or jar file techguns-1.12.2-2.0.2.0_pre3.2.jar
[02:55:27] [Server thread/DEBUG] [FML]: Found a candidate zip or jar file TravelersBackpack-1.12.2-1.0.35 (1).jar
[02:55:27] [Server thread/TRACE] [FML]: Skipping already parsed coremod or tweaker llibrary-core-1.0.11-1.12.2.jar
[02:55:27] [Server thread/DEBUG] [FML]: Found a candidate zip or jar file llibrary-1.7.20-1.12.2.jar
[02:55:27] [Server thread/DEBUG] [FML]: Examining file forge-1.12.2-14.23.5.2860.jar for potential mods
[02:55:27] [Server thread/DEBUG] [FML]: The mod container forge-1.12.2-14.23.5.2860.jar appears to be missing an mcmod.info file
[02:55:28] [Server thread/DEBUG] [FML]: Examining file [1.12.2] SecurityCraft v1.10.jar for potential mods
[02:55:28] [Server thread/TRACE] [FML]: Located mcmod.info file in file [1.12.2] SecurityCraft v1.10.jar
[02:55:28] [Server thread/DEBUG] [FML]: Identified a mod of type Lnet/minecraftforge/fml/common/Mod; (net.geforcemods.securitycraft.SecurityCraft) - loading
[02:55:28] [Server thread/TRACE] [FML]: Parsed dependency info for securitycraft: Requirements: [forge@[14.23.5.2826,)] After:[forge@[14.23.5.2826,)] Before:[]
[02:55:28] [Server thread/DEBUG] [FML]: Attempting to load the file version.properties from [1.12.2] SecurityCraft v1.10.jar to locate a version number for mod securitycraft
[02:55:28] [Server thread/WARN] [FML]: Mod securitycraft is missing the required element 'version' and a version.properties file could not be found. Falling back to metadata version v1.10
[02:55:28] [Server thread/DEBUG] [FML]: Examining file carryon-1.12.2-1.12.7.23.jar for potential mods
[02:55:28] [Server thread/TRACE] [FML]: Located mcmod.info file in file carryon-1.12.2-1.12.7.23.jar
[02:55:28] [Server thread/DEBUG] [FML]: Identified a mod of type Lnet/minecraftforge/fml/common/Mod; (tschipp.carryon.CarryOn) - loading
[02:55:28] [Server thread/TRACE] [FML]: Parsed dependency info for carryon: Requirements: [forge@[13.20.1.2386,)] After:[forge@[13.20.1.2386,), gamestages] Before:[]
[02:55:28] [Server thread/DEBUG] [FML]: Examining file CreativeCore_v1.10.71_mc1.12.2.jar for potential mods
[02:55:28] [Server thread/TRACE] [FML]: Located mcmod.info file in file CreativeCore_v1.10.71_mc1.12.2.jar
[02:55:28] [Server thread/DEBUG] [FML]: Identified a mod of type Lnet/minecraftforge/fml/common/Mod; (com.creativemd.creativecore.CreativeCore) - loading
[02:55:28] [Server thread/TRACE] [FML]: Parsed dependency info for creativecore: Requirements: [] After:[] Before:[]
[02:55:28] [Server thread/DEBUG] [FML]: Examining file guns-0.15.3-1.12.2.jar for potential mods
[02:55:28] [Server thread/TRACE] [FML]: Located mcmod.info file in file guns-0.15.3-1.12.2.jar
[02:55:28] [Server thread/DEBUG] [FML]: Identified a mod of type Lnet/minecraftforge/fml/common/Mod; (com.mrcrayfish.guns.MrCrayfishGunMod) - loading
[02:55:28] [Server thread/TRACE] [FML]: Parsed dependency info for cgm: Requirements: [obfuscate@[0.2.1,)] After:[obfuscate@[0.2.1,), controllable@[0.3.0,)] Before:[]
[02:55:28] [Server thread/DEBUG] [FML]: Examining file Hwyla-1.8.26-B41_1.12.2.jar for potential mods
[02:55:28] [Server thread/TRACE] [FML]: Located mcmod.info file in file Hwyla-1.8.26-B41_1.12.2.jar
[02:55:28] [Server thread/DEBUG] [FML]: Identified a mod of type Lnet/minecraftforge/fml/common/Mod; (mcp.mobius.waila.Waila) - loading
[02:55:28] [Server thread/TRACE] [FML]: Parsed dependency info for waila: Requirements: [] After:[] Before:[]
[02:55:28] [Server thread/DEBUG] [FML]: Examining file jei_1.12.2-4.16.1.1013.jar for potential mods
[02:55:28] [Server thread/TRACE] [FML]: Located mcmod.info file in file jei_1.12.2-4.16.1.1013.jar
[02:55:28] [Server thread/DEBUG] [FML]: Identified a mod of type Lnet/minecraftforge/fml/common/Mod; (mezz.jei.JustEnoughItems) - loading
[02:55:28] [Server thread/TRACE] [FML]: Parsed dependency info for jei: Requirements: [forge@[14.23.5.2816,)] After:[forge@[14.23.5.2816,)] Before:[]
[02:55:28] [Server thread/DEBUG] [FML]: Examining file journeymap-1.12.2-5.7.1p3.jar for potential mods
[02:55:28] [Server thread/TRACE] [FML]: Located mcmod.info file in file journeymap-1.12.2-5.7.1p3.jar
[02:55:28] [Server thread/DEBUG] [FML]: Identified a mod of type Lnet/minecraftforge/fml/common/Mod; (journeymap.common.Journeymap) - loading
[02:55:28] [Server thread/TRACE] [FML]: Using mcmod dependency info for journeymap: [] [Forge@[14.23.5.2768,)] []
[02:55:28] [Server thread/DEBUG] [FML]: Examining file Netherite(1.12.2).jar for potential mods
[02:55:28] [Server thread/TRACE] [FML]: Located mcmod.info file in file Netherite(1.12.2).jar
[02:55:28] [Server thread/DEBUG] [FML]: Identified a mod of type Lnet/minecraftforge/fml/common/Mod; (net.mcreator.netherite1_12_2.netherite1_12_2) - loading
[02:55:28] [Server thread/TRACE] [FML]: Using mcmod dependency info for netherite1_12_2: [] [] []
[02:55:28] [Server thread/DEBUG] [FML]: Examining file NoCubes_SRP_Combat_Addon_3.0.0.jar for potential mods
[02:55:28] [Server thread/TRACE] [FML]: Located mcmod.info file in file NoCubes_SRP_Combat_Addon_3.0.0.jar
[02:55:28] [Server thread/DEBUG] [FML]: Identified a mod of type Lnet/minecraftforge/fml/common/Mod; (net.mcreator.nocubessrparmory.SRPCombatAddonbyNoCube) - loading
[02:55:28] [Server thread/TRACE] [FML]: Using mcmod dependency info for nocubessrparmory: [] [] []
[02:55:28] [Server thread/DEBUG] [FML]: Examining file NoCubes_SRP_Nests_Addon_3.0.0.jar for potential mods
[02:55:28] [Server thread/TRACE] [FML]: Located mcmod.info file in file NoCubes_SRP_Nests_Addon_3.0.0.jar
[02:55:28] [Server thread/DEBUG] [FML]: Identified a mod of type Lnet/minecraftforge/fml/common/Mod; (net.mcreator.nocubessrpnests.SRPNestsAddonbyNoCube) - loading
[02:55:28] [Server thread/TRACE] [FML]: Using mcmod dependency info for nocubessrpnests: [] [] []
[02:55:28] [Server thread/DEBUG] [FML]: Examining file NoCubes_SRP_Survival_Addon_3.0.0.jar for potential mods
[02:55:28] [Server thread/TRACE] [FML]: Located mcmod.info file in file NoCubes_SRP_Survival_Addon_3.0.0.jar
[02:55:28] [Server thread/DEBUG] [FML]: Identified a mod of type Lnet/minecraftforge/fml/common/Mod; (net.mcreator.nocubessrpsurvival.SRPSurvivalAddonbyNoCube) - loading
[02:55:28] [Server thread/TRACE] [FML]: Using mcmod dependency info for nocubessrpsurvival: [] [] []
[02:55:28] [Server thread/DEBUG] [FML]: Examining file OverLast-1.12.2-0.2.9B9.jar for potential mods
[02:55:28] [Server thread/TRACE] [FML]: Located mcmod.info file in file OverLast-1.12.2-0.2.9B9.jar
[02:55:28] [Server thread/DEBUG] [FML]: Identified a mod of type Lnet/minecraftforge/fml/common/Mod; (com.overlast.OverLast) - loading
[02:55:28] [Server thread/TRACE] [FML]: Parsed dependency info for overlast: Requirements: [forge@[14.23.1.2611,), srparasites@[1.9.19,)] After:[forge@[14.23.1.2611,), srparasites@[1.9.19,), sereneseasons, playerrevive, cgm, dynamicstealth, spartanshields, lostcities, apexguns, crafttweaker] Before:[]
[02:55:28] [Server thread/DEBUG] [FML]: Examining file PlayerRevive_v1.2.40_mc1.12.2.jar for potential mods
[02:55:28] [Server thread/TRACE] [FML]: Located mcmod.info file in file PlayerRevive_v1.2.40_mc1.12.2.jar
[02:55:28] [Server thread/DEBUG] [FML]: Identified a mod of type Lnet/minecraftforge/fml/common/Mod; (com.creativemd.playerrevive.PlayerRevive) - loading
[02:55:28] [Server thread/TRACE] [FML]: Parsed dependency info for playerrevive: Requirements: [creativecore] After:[creativecore] Before:[]
[02:55:28] [Server thread/DEBUG] [FML]: Examining file simpletomb-1.12.2-1.0.0.jar for potential mods
[02:55:28] [Server thread/TRACE] [FML]: Located mcmod.info file in file simpletomb-1.12.2-1.0.0.jar
[02:55:28] [Server thread/DEBUG] [FML]: Identified a mod of type Lnet/minecraftforge/fml/common/Mod; (com.lothrazar.simpletomb.ModTomb) - loading
[02:55:28] [Server thread/TRACE] [FML]: Parsed dependency info for simpletomb: Requirements: [] After:[] Before:[]
[02:55:28] [Server thread/DEBUG] [FML]: Attempting to load the file version.properties from simpletomb-1.12.2-1.0.0.jar to locate a version number for mod simpletomb
[02:55:28] [Server thread/WARN] [FML]: Mod simpletomb is missing the required element 'version' and a version.properties file could not be found. Falling back to metadata version 1.12.2-1.0.0
[02:55:28] [Server thread/DEBUG] [FML]: Examining file SRParasites-1.12.2v1.9.21.jar for potential mods
[02:55:28] [Server thread/TRACE] [FML]: Located mcmod.info file in file SRParasites-1.12.2v1.9.21.jar
[02:55:29] [Server thread/DEBUG] [FML]: Identified a mod of type Lnet/minecraftforge/fml/common/Mod; (com.dhanantry.scapeandrunparasites.SRPMain) - loading
[02:55:29] [Server thread/TRACE] [FML]: Parsed dependency info for srparasites: Requirements: [] After:[] Before:[]
[02:55:29] [Server thread/DEBUG] [FML]: Examining file techguns-1.12.2-2.0.2.0_pre3.2.jar for potential mods
[02:55:29] [Server thread/TRACE] [FML]: Located mcmod.info file in file techguns-1.12.2-2.0.2.0_pre3.2.jar
[02:55:29] [Server thread/DEBUG] [FML]: Identified a mod of type Lnet/minecraftforge/fml/common/Mod; (techguns.Techguns) - loading
[02:55:29] [Server thread/TRACE] [FML]: Parsed dependency info for techguns: Requirements: [forge@[14.23.5.2807,)] After:[ftblib, chisel, patchouli] Before:[]
[02:55:29] [Server thread/DEBUG] [FML]: Examining file TravelersBackpack-1.12.2-1.0.35 (1).jar for potential mods
[02:55:29] [Server thread/TRACE] [FML]: Located mcmod.info file in file TravelersBackpack-1.12.2-1.0.35 (1).jar
[02:55:29] [Server thread/DEBUG] [FML]: Identified a mod of type Lnet/minecraftforge/fml/common/Mod; (com.tiviacz.travelersbackpack.TravelersBackpack) - loading
[02:55:29] [Server thread/TRACE] [FML]: Parsed dependency info for travelersbackpack: Requirements: [] After:[] Before:[]
[02:55:29] [Server thread/DEBUG] [FML]: Examining file llibrary-1.7.20-1.12.2.jar for potential mods
[02:55:29] [Server thread/TRACE] [FML]: Located mcmod.info file in file llibrary-1.7.20-1.12.2.jar
[02:55:29] [Server thread/DEBUG] [FML]: Identified a mod of type Lnet/minecraftforge/fml/common/Mod; (net.ilexiconn.llibrary.LLibrary) - loading
[02:55:29] [Server thread/TRACE] [FML]: Parsed dependency info for llibrary: Requirements: [forge@[14.23.5.2772,)] After:[forge@[14.23.5.2772,)] Before:[]
[02:55:29] [Server thread/INFO] [FML]: Forge Mod Loader has identified 25 mods to load
[02:55:29] [Server thread/DEBUG] [FML]: Found API mcp.mobius.waila.api (owned by Waila providing WailaAPI) embedded in waila
[02:55:29] [Server thread/DEBUG] [FML]: Found API journeymap.client.api.util (owned by journeymap providing journeymap|client-api-util) embedded in journeymap
[02:55:29] [Server thread/DEBUG] [FML]: Found API journeymap.client.api.event (owned by journeymap providing journeymap|client-api-event) embedded in journeymap
[02:55:29] [Server thread/DEBUG] [FML]: Found API net.geforcemods.securitycraft.api (owned by securitycraft providing SecurityCraftAPI) embedded in securitycraft
[02:55:29] [Server thread/DEBUG] [FML]: Found API journeymap.client.api (owned by journeymap providing journeymap|client-api) embedded in journeymap
[02:55:29] [Server thread/DEBUG] [FML]: Found API com.creativemd.playerrevive.api (owned by playerrevive providing PlayerReviveAPI) embedded in playerrevive
[02:55:29] [Server thread/DEBUG] [FML]: Found API mezz.jei.api (owned by jei providing JustEnoughItemsAPI) embedded in jei
[02:55:29] [Server thread/DEBUG] [FML]: Found API journeymap.client.api.display (owned by journeymap providing journeymap|client-api-display) embedded in journeymap
[02:55:29] [Server thread/DEBUG] [FML]: Found API journeymap.client.api.model (owned by journeymap providing journeymap|client-api-model) embedded in journeymap
[02:55:29] [Server thread/DEBUG] [FML]: Creating API container dummy for API SecurityCraftAPI: owner: securitycraft, dependents: []
[02:55:29] [Server thread/DEBUG] [FML]: Creating API container dummy for API JustEnoughItemsAPI: owner: jei, dependents: []
[02:55:29] [Server thread/DEBUG] [FML]: Creating API container dummy for API journeymap|client-api-model: owner: journeymap, dependents: []
[02:55:29] [Server thread/DEBUG] [FML]: Creating API container dummy for API journeymap|client-api: owner: journeymap, dependents: []
[02:55:29] [Server thread/DEBUG] [FML]: Creating API container dummy for API journeymap|client-api-display: owner: journeymap, dependents: []
[02:55:29] [Server thread/DEBUG] [FML]: Creating API container dummy for API journeymap|client-api-event: owner: journeymap, dependents: []
[02:55:29] [Server thread/DEBUG] [FML]: Creating API container dummy for API WailaAPI: owner: Waila, dependents: [waila]
[02:55:29] [Server thread/DEBUG] [FML]: Creating API container dummy for API journeymap|client-api-util: owner: journeymap, dependents: []
[02:55:29] [Server thread/DEBUG] [FML]: Creating API container dummy for API PlayerReviveAPI: owner: playerrevive, dependents: []
[02:55:29] [Server thread/TRACE] [FML]: Received a system property request ''
[02:55:29] [Server thread/TRACE] [FML]: System property request managing the state of 0 mods
[02:55:29] [Server thread/DEBUG] [FML]: After merging, found state information for 0 mods
[02:55:29] [Server thread/WARN] [FML]: Missing English translation for FML: assets/fml/lang/en_us.lang
[02:55:29] [Server thread/DEBUG] [FML]: Enabling mod securitycraft
[02:55:29] [Server thread/DEBUG] [FML]: Enabling mod carryon
[02:55:29] [Server thread/DEBUG] [FML]: Enabling mod creativecore
[02:55:29] [Server thread/DEBUG] [FML]: Enabling mod cgm
[02:55:29] [Server thread/DEBUG] [FML]: Enabling mod waila
[02:55:29] [Server thread/DEBUG] [FML]: Enabling mod jei
[02:55:29] [Server thread/DEBUG] [FML]: Enabling mod journeymap
[02:55:29] [Server thread/DEBUG] [FML]: Enabling mod netherite1_12_2
[02:55:29] [Server thread/DEBUG] [FML]: Enabling mod nocubessrparmory
[02:55:29] [Server thread/DEBUG] [FML]: Enabling mod nocubessrpnests
[02:55:29] [Server thread/DEBUG] [FML]: Enabling mod nocubessrpsurvival
[02:55:29] [Server thread/DEBUG] [FML]: Enabling mod overlast
[02:55:29] [Server thread/DEBUG] [FML]: Enabling mod playerrevive
[02:55:29] [Server thread/DEBUG] [FML]: Enabling mod simpletomb
[02:55:29] [Server thread/DEBUG] [FML]: Enabling mod srparasites
[02:55:29] [Server thread/DEBUG] [FML]: Enabling mod techguns
[02:55:29] [Server thread/DEBUG] [FML]: Enabling mod travelersbackpack
[02:55:29] [Server thread/DEBUG] [FML]: Enabling mod llibrary
[02:55:29] [Server thread/TRACE] [FML]: Verifying mod requirements are satisfied
[02:55:29] [Server thread/TRACE] [FML]: All mod requirements are satisfied
[02:55:29] [Server thread/TRACE] [FML]: Sorting mods into an ordered list
[02:55:29] [Server thread/TRACE] [FML]: Mod sorting completed successfully
[02:55:29] [Server thread/DEBUG] [FML]: Mod sorting data
[02:55:29] [Server thread/DEBUG] [FML]: 	securitycraft(SecurityCraft:v1.10): [1.12.2] SecurityCraft v1.10.jar (required-after:forge@[14.23.5.2826,))
[02:55:29] [Server thread/DEBUG] [FML]: 	carryon(Carry On:1.12.3): carryon-1.12.2-1.12.7.23.jar (required-after:forge@[13.20.1.2386,);after:gamestages;)
[02:55:29] [Server thread/DEBUG] [FML]: 	creativecore(CreativeCore:1.10.0): CreativeCore_v1.10.71_mc1.12.2.jar ()
[02:55:29] [Server thread/DEBUG] [FML]: 	cgm(MrCrayfish's Gun Mod:0.15.3): guns-0.15.3-1.12.2.jar (required-after:obfuscate@[0.2.1,);after:controllable@[0.3.0,))
[02:55:29] [Server thread/DEBUG] [FML]: 	WailaAPI(API: WailaAPI:1.3): Hwyla-1.8.26-B41_1.12.2.jar ()
[02:55:29] [Server thread/DEBUG] [FML]: 	waila(Waila:1.8.26): Hwyla-1.8.26-B41_1.12.2.jar ()
[02:55:29] [Server thread/DEBUG] [FML]: 	jei(Just Enough Items:4.16.1.1013): jei_1.12.2-4.16.1.1013.jar (required-after:forge@[14.23.5.2816,);)
[02:55:29] [Server thread/DEBUG] [FML]: 	journeymap(JourneyMap:1.12.2-5.7.1p3): journeymap-1.12.2-5.7.1p3.jar ()
[02:55:29] [Server thread/DEBUG] [FML]: 	netherite1_12_2(Netherite (1.12.2):1.1): Netherite(1.12.2).jar ()
[02:55:29] [Server thread/DEBUG] [FML]: 	nocubessrparmory(SRP: Combat Addon (by NoCube):3.0.0): NoCubes_SRP_Combat_Addon_3.0.0.jar ()
[02:55:29] [Server thread/DEBUG] [FML]: 	nocubessrpnests(SRP: Nests Addon (by NoCube):3.0.0): NoCubes_SRP_Nests_Addon_3.0.0.jar ()
[02:55:29] [Server thread/DEBUG] [FML]: 	nocubessrpsurvival(SRP: Survival Addon (by NoCube):3.0.0): NoCubes_SRP_Survival_Addon_3.0.0.jar ()
[02:55:29] [Server thread/DEBUG] [FML]: 	playerrevive(Player Revive:1.0): PlayerRevive_v1.2.40_mc1.12.2.jar (required-after:creativecore)
[02:55:29] [Server thread/DEBUG] [FML]: 	srparasites(Scape and Run Parasites:1.9.21): SRParasites-1.12.2v1.9.21.jar ()
[02:55:29] [Server thread/DEBUG] [FML]: 	overlast(Parasites Addon : OverLast:0.2.9): OverLast-1.12.2-0.2.9B9.jar (required-after:forge@[14.23.1.2611,);required-after:srparasites@[1.9.19,);after:sereneseasons;after:playerrevive;after:cgm;after:dynamicstealth;after:spartanshields;after:lostcities;after:apexguns;after:crafttweaker)
[02:55:29] [Server thread/DEBUG] [FML]: 	simpletomb(Simple Tomb:1.12.2-1.0.0): simpletomb-1.12.2-1.0.0.jar ()
[02:55:29] [Server thread/DEBUG] [FML]: 	techguns(Techguns:2.0.2.0): techguns-1.12.2-2.0.2.0_pre3.2.jar (required:forge@[14.23.5.2807,);after:ftblib;after:chisel;after:patchouli)
[02:55:29] [Server thread/DEBUG] [FML]: 	travelersbackpack(Traveler's Backpack:1.0.35): TravelersBackpack-1.12.2-1.0.35 (1).jar ()
[02:55:29] [Server thread/DEBUG] [FML]: 	llibrary(LLibrary:1.7.20): llibrary-1.7.20-1.12.2.jar (required-after:forge@[14.23.5.2772,))
[02:55:29] [Server thread/DEBUG] [FML]: 	SecurityCraftAPI(API: SecurityCraftAPI:1.3): [1.12.2] SecurityCraft v1.10.jar ()
[02:55:29] [Server thread/DEBUG] [FML]: 	JustEnoughItemsAPI(API: JustEnoughItemsAPI:4.13.0): jei_1.12.2-4.16.1.1013.jar ()
[02:55:29] [Server thread/DEBUG] [FML]: 	journeymap|client-api-model(API: journeymap|client-api-model:1.4): journeymap-1.12.2-5.7.1p3.jar ()
[02:55:29] [Server thread/DEBUG] [FML]: 	journeymap|client-api(API: journeymap|client-api:1.4): journeymap-1.12.2-5.7.1p3.jar ()
[02:55:29] [Server thread/DEBUG] [FML]: 	journeymap|client-api-display(API: journeymap|client-api-display:1.4): journeymap-1.12.2-5.7.1p3.jar ()
[02:55:29] [Server thread/DEBUG] [FML]: 	journeymap|client-api-event(API: journeymap|client-api-event:1.4): journeymap-1.12.2-5.7.1p3.jar ()
[02:55:29] [Server thread/DEBUG] [FML]: 	journeymap|client-api-util(API: journeymap|client-api-util:1.4): journeymap-1.12.2-5.7.1p3.jar ()
[02:55:29] [Server thread/DEBUG] [FML]: 	PlayerReviveAPI(API: PlayerReviveAPI:3): PlayerRevive_v1.2.40_mc1.12.2.jar ()
[02:55:29] [Server thread/DEBUG] [FML]: Loading @Config anotation data
[02:55:29] [Server thread/TRACE] [FML]: Sending event FMLConstructionEvent to mod minecraft
[02:55:29] [Server thread/TRACE] [FML]: Sent event FMLConstructionEvent to mod minecraft
[02:55:29] [Server thread/DEBUG] [FML]: Bar Step: Construction - Minecraft took 0.001s
[02:55:29] [Server thread/TRACE] [FML]: Sending event FMLConstructionEvent to mod mcp
[02:55:29] [Server thread/TRACE] [FML]: Sent event FMLConstructionEvent to mod mcp
[02:55:29] [Server thread/DEBUG] [FML]: Bar Step: Construction - Minecraft Coder Pack took 0.001s
[02:55:29] [Server thread/TRACE] [FML]: Sending event FMLConstructionEvent to mod FML
[02:55:29] [Server thread/TRACE] [FML]: Mod FML is using network checker : Invoking method checkModLists
[02:55:29] [Server thread/TRACE] [FML]: Testing mod FML to verify it accepts its own version in a remote connection
[02:55:29] [Server thread/TRACE] [FML]: The mod FML accepts its own version (8.0.99.99)
[02:55:29] [Server thread/INFO] [FML]: Attempting connection with missing mods [minecraft, mcp, FML, forge, creativecoredummy, obfuscate, techguns_core, securitycraft, carryon, creativecore, cgm, waila, jei, journeymap, netherite1_12_2, nocubessrparmory, nocubessrpnests, nocubessrpsurvival, overlast, playerrevive, simpletomb, srparasites, techguns, travelersbackpack, llibrary] at CLIENT
[02:55:29] [Server thread/INFO] [FML]: Attempting connection with missing mods [minecraft, mcp, FML, forge, creativecoredummy, obfuscate, techguns_core, securitycraft, carryon, creativecore, cgm, waila, jei, journeymap, netherite1_12_2, nocubessrparmory, nocubessrpnests, nocubessrpsurvival, overlast, playerrevive, simpletomb, srparasites, techguns, travelersbackpack, llibrary] at SERVER
[02:55:29] [Server thread/TRACE] [FML]: Sent event FMLConstructionEvent to mod FML
[02:55:29] [Server thread/DEBUG] [FML]: Bar Step: Construction - Forge Mod Loader took 0.306s
[02:55:29] [Server thread/TRACE] [FML]: Sending event FMLConstructionEvent to mod forge
[02:55:29] [Server thread/DEBUG] [forge]: Loading Vanilla annotations: null
[02:55:29] [Server thread/DEBUG] [forge]: Preloading CrashReport Classes
[02:55:29] [Server thread/DEBUG] [forge]: 	net/minecraftforge/common/util/TextTable
[02:55:29] [Server thread/DEBUG] [forge]: 	net/minecraftforge/common/util/TextTable$Alignment
[02:55:29] [Server thread/DEBUG] [forge]: 	net/minecraftforge/common/util/TextTable$Column
[02:55:29] [Server thread/DEBUG] [forge]: 	net/minecraftforge/common/util/TextTable$Row
[02:55:29] [Server thread/DEBUG] [forge]: 	net/minecraftforge/fml/client/SplashProgress$1
[02:55:29] [Server thread/DEBUG] [forge]: 	net/minecraftforge/fml/common/FMLCommonHandler$1
[02:55:29] [Server thread/DEBUG] [forge]: 	net/minecraftforge/fml/common/Loader$1
[02:55:29] [Server thread/TRACE] [FML]: Mod forge is using network checker : No network checking performed
[02:55:29] [Server thread/TRACE] [FML]: Testing mod forge to verify it accepts its own version in a remote connection
[02:55:29] [Server thread/TRACE] [FML]: The mod forge accepts its own version (14.23.5.2860)
[02:55:29] [Server thread/DEBUG] [FML]: Attempting to inject @Config classes into forge for type INSTANCE
[02:55:29] [Server thread/TRACE] [FML]: Sent event FMLConstructionEvent to mod forge
[02:55:29] [Server thread/DEBUG] [FML]: Bar Step: Construction - Minecraft Forge took 0.025s
[02:55:29] [Server thread/TRACE] [FML]: Sending event FMLConstructionEvent to mod creativecoredummy
[02:55:29] [Server thread/TRACE] [FML]: Sent event FMLConstructionEvent to mod creativecoredummy
[02:55:29] [Server thread/DEBUG] [FML]: Bar Step: Construction - CreativeCoreDummy took 0.000s
[02:55:29] [Server thread/TRACE] [FML]: Sending event FMLConstructionEvent to mod obfuscate
[02:55:29] [Server thread/TRACE] [FML]: Sent event FMLConstructionEvent to mod obfuscate
[02:55:29] [Server thread/DEBUG] [FML]: Bar Step: Construction - Obfuscate took 0.013s
[02:55:29] [Server thread/TRACE] [FML]: Sending event FMLConstructionEvent to mod techguns_core
[02:55:29] [Server thread/TRACE] [FML]: Sent event FMLConstructionEvent to mod techguns_core
[02:55:29] [Server thread/DEBUG] [FML]: Bar Step: Construction - Techguns Core took 0.000s
[02:55:29] [Server thread/TRACE] [FML]: Sending event FMLConstructionEvent to mod securitycraft
[02:55:29] [Server thread/TRACE] [FML]: Mod securitycraft is using network checker : Accepting version v1.10
[02:55:29] [Server thread/TRACE] [FML]: Testing mod securitycraft to verify it accepts its own version in a remote connection
[02:55:29] [Server thread/TRACE] [FML]: The mod securitycraft accepts its own version (v1.10)
[02:55:29] [Server thread/DEBUG] [FML]: Attempting to inject @SidedProxy classes into securitycraft
[02:55:29] [Server thread/DEBUG] [FML]: Attempting to inject @EventBusSubscriber classes into the eventbus for securitycraft
[02:55:29] [Server thread/DEBUG] [FML]: Registering @EventBusSubscriber for net.geforcemods.securitycraft.ConfigHandler for mod securitycraft
[02:55:29] [Server thread/DEBUG] [FML]: Injected @EventBusSubscriber class net.geforcemods.securitycraft.ConfigHandler
[02:55:29] [Server thread/DEBUG] [FML]: Registering @EventBusSubscriber for net.geforcemods.securitycraft.SCEventHandler for mod securitycraft
[02:55:29] [Server thread/DEBUG] [FML]: Injected @EventBusSubscriber class net.geforcemods.securitycraft.SCEventHandler
[02:55:29] [Server thread/DEBUG] [FML]: Registering @EventBusSubscriber for net.geforcemods.securitycraft.RegistrationHandler for mod securitycraft
[02:55:29] [Server thread/DEBUG] [FML]: Injected @EventBusSubscriber class net.geforcemods.securitycraft.RegistrationHandler
[02:55:29] [Server thread/DEBUG] [FML]: Attempting to inject @Config classes into securitycraft for type INSTANCE
[02:55:29] [Server thread/TRACE] [FML]: Sent event FMLConstructionEvent to mod securitycraft
[02:55:29] [Server thread/DEBUG] [FML]: Bar Step: Construction - SecurityCraft took 0.181s
[02:55:29] [Server thread/TRACE] [FML]: Sending event FMLConstructionEvent to mod carryon
[02:55:29] [Server thread/ERROR] [FML]: The mod carryon is expecting signature fd21553434f4905f2f73ea7838147ac4ea07bd88 for source carryon-1.12.2-1.12.7.23.jar, however there is no signature matching that description
[02:55:29] [Server thread/TRACE] [FML]: Mod carryon is using network checker : Accepting version 1.12.3
[02:55:29] [Server thread/TRACE] [FML]: Testing mod carryon to verify it accepts its own version in a remote connection
[02:55:29] [Server thread/TRACE] [FML]: The mod carryon accepts its own version (1.12.3)
[02:55:29] [Server thread/DEBUG] [FML]: Attempting to inject @SidedProxy classes into carryon
[02:55:29] [Server thread/DEBUG] [FML]: Attempting to inject @EventBusSubscriber classes into the eventbus for carryon
[02:55:29] [Server thread/DEBUG] [FML]: Registering @EventBusSubscriber for tschipp.carryon.CarryOn for mod carryon
[02:55:29] [Server thread/DEBUG] [FML]: Injected @EventBusSubscriber class tschipp.carryon.CarryOn
[02:55:29] [Server thread/DEBUG] [FML]: Registering @EventBusSubscriber for tschipp.carryon.common.config.CarryOnConfig$EventHandler for mod carryon
[02:55:29] [Server thread/DEBUG] [FML]: Injected @EventBusSubscriber class tschipp.carryon.common.config.CarryOnConfig$EventHandler
[02:55:29] [Server thread/DEBUG] [FML]: Attempting to inject @Config classes into carryon for type INSTANCE
[02:55:29] [Server thread/TRACE] [FML]: Sent event FMLConstructionEvent to mod carryon
[02:55:29] [Server thread/DEBUG] [FML]: Bar Step: Construction - Carry On took 0.038s
[02:55:29] [Server thread/TRACE] [FML]: Sending event FMLConstructionEvent to mod creativecore
[02:55:29] [Server thread/DEBUG] [forge]: Preloading CrashReport Classes
[02:55:29] [Server thread/DEBUG] [forge]: 	com/creativemd/creativecore/common/world/CreativeWorld$1
[02:55:29] [Server thread/TRACE] [FML]: Mod creativecore is using network checker : Accepting version 1.10.0
[02:55:29] [Server thread/TRACE] [FML]: Testing mod creativecore to verify it accepts its own version in a remote connection
[02:55:29] [Server thread/TRACE] [FML]: The mod creativecore accepts its own version (1.10.0)
[02:55:29] [Server thread/DEBUG] [FML]: Attempting to inject @SidedProxy classes into creativecore
[02:55:29] [Server thread/DEBUG] [FML]: Attempting to inject @EventBusSubscriber classes into the eventbus for creativecore
[02:55:29] [Server thread/DEBUG] [FML]: Attempting to inject @Config classes into creativecore for type INSTANCE
[02:55:29] [Server thread/TRACE] [FML]: Sent event FMLConstructionEvent to mod creativecore
[02:55:29] [Server thread/DEBUG] [FML]: Bar Step: Construction - CreativeCore took 0.019s
[02:55:29] [Server thread/TRACE] [FML]: Sending event FMLConstructionEvent to mod cgm
[02:55:29] [Server thread/TRACE] [FML]: Mod cgm is using network checker : Accepting version 0.15.3
[02:55:29] [Server thread/TRACE] [FML]: Testing mod cgm to verify it accepts its own version in a remote connection
[02:55:29] [Server thread/TRACE] [FML]: The mod cgm accepts its own version (0.15.3)
[02:55:29] [Server thread/DEBUG] [FML]: Attempting to inject @SidedProxy classes into cgm
[02:55:29] [Server thread/DEBUG] [FML]: Attempting to inject @EventBusSubscriber classes into the eventbus for cgm
[02:55:29] [Server thread/DEBUG] [FML]: Registering @EventBusSubscriber for com.mrcrayfish.guns.common.SpreadHandler for mod cgm
[02:55:29] [Server thread/DEBUG] [FML]: Injected @EventBusSubscriber class com.mrcrayfish.guns.common.SpreadHandler
[02:55:29] [Server thread/DEBUG] [FML]: Registering @EventBusSubscriber for com.mrcrayfish.guns.init.RegistrationHandler$Potions for mod cgm
[02:55:29] [Server thread/DEBUG] [FML]: Injected @EventBusSubscriber class com.mrcrayfish.guns.init.RegistrationHandler$Potions
[02:55:29] [Server thread/DEBUG] [FML]: Registering @EventBusSubscriber for com.mrcrayfish.guns.init.RegistrationHandler$Items for mod cgm
[02:55:29] [Server thread/DEBUG] [FML]: Injected @EventBusSubscriber class com.mrcrayfish.guns.init.RegistrationHandler$Items
[02:55:29] [Server thread/DEBUG] [FML]: Registering @EventBusSubscriber for com.mrcrayfish.guns.init.RegistrationHandler$Recipes for mod cgm
[02:55:29] [Server thread/DEBUG] [FML]: Injected @EventBusSubscriber class com.mrcrayfish.guns.init.RegistrationHandler$Recipes
[02:55:29] [Server thread/DEBUG] [FML]: Registering @EventBusSubscriber for com.mrcrayfish.guns.init.RegistrationHandler$Sounds for mod cgm
[02:55:29] [Server thread/DEBUG] [FML]: Injected @EventBusSubscriber class com.mrcrayfish.guns.init.RegistrationHandler$Sounds
[02:55:29] [Server thread/DEBUG] [FML]: Registering @EventBusSubscriber for com.mrcrayfish.guns.GunConfig for mod cgm
[02:55:29] [Server thread/DEBUG] [FML]: Injected @EventBusSubscriber class com.mrcrayfish.guns.GunConfig
[02:55:29] [Server thread/DEBUG] [FML]: Registering @EventBusSubscriber for com.mrcrayfish.guns.init.RegistrationHandler$Blocks for mod cgm
[02:55:29] [Server thread/DEBUG] [FML]: Injected @EventBusSubscriber class com.mrcrayfish.guns.init.RegistrationHandler$Blocks
[02:55:29] [Server thread/DEBUG] [FML]: Attempting to inject @Config classes into cgm for type INSTANCE
[02:55:29] [Server thread/TRACE] [FML]: Sent event FMLConstructionEvent to mod cgm
[02:55:29] [Server thread/DEBUG] [FML]: Bar Step: Construction - MrCrayfish's Gun Mod took 0.053s
[02:55:29] [Server thread/TRACE] [FML]: Sending event FMLConstructionEvent to mod waila
[02:55:29] [Server thread/TRACE] [FML]: Mod waila is using network checker : No network checking performed
[02:55:29] [Server thread/TRACE] [FML]: Testing mod waila to verify it accepts its own version in a remote connection
[02:55:29] [Server thread/TRACE] [FML]: The mod waila accepts its own version (1.8.26)
[02:55:29] [Server thread/DEBUG] [FML]: Attempting to inject @SidedProxy classes into waila
[02:55:29] [Server thread/DEBUG] [FML]: Attempting to inject @EventBusSubscriber classes into the eventbus for waila
[02:55:29] [Server thread/DEBUG] [FML]: Registering @EventBusSubscriber for mcp.mobius.waila.handlers.NetworkHandler for mod waila
[02:55:29] [Server thread/DEBUG] [FML]: Injected @EventBusSubscriber class mcp.mobius.waila.handlers.NetworkHandler
[02:55:29] [Server thread/DEBUG] [FML]: Attempting to inject @Config classes into waila for type INSTANCE
[02:55:29] [Server thread/TRACE] [FML]: Sent event FMLConstructionEvent to mod waila
[02:55:29] [Server thread/DEBUG] [FML]: Bar Step: Construction - Waila took 0.013s
[02:55:29] [Server thread/TRACE] [FML]: Sending event FMLConstructionEvent to mod jei
[02:55:29] [Server thread/TRACE] [FML]: Mod jei is using network checker : Invoking method checkModLists
[02:55:29] [Server thread/TRACE] [FML]: Testing mod jei to verify it accepts its own version in a remote connection
[02:55:29] [Server thread/TRACE] [FML]: The mod jei accepts its own version (4.16.1.1013)
[02:55:30] [Server thread/DEBUG] [FML]: Attempting to inject @SidedProxy classes into jei
[02:55:30] [Server thread/DEBUG] [FML]: Attempting to inject @EventBusSubscriber classes into the eventbus for jei
[02:55:30] [Server thread/DEBUG] [FML]: Attempting to inject @Config classes into jei for type INSTANCE
[02:55:30] [Server thread/TRACE] [FML]: Sent event FMLConstructionEvent to mod jei
[02:55:30] [Server thread/DEBUG] [FML]: Bar Step: Construction - Just Enough Items took 0.008s
[02:55:30] [Server thread/TRACE] [FML]: Sending event FMLConstructionEvent to mod journeymap
[02:55:30] [Server thread/TRACE] [FML]: Mod journeymap is using network checker : Invoking method checkModLists
[02:55:30] [Server thread/TRACE] [FML]: Testing mod journeymap to verify it accepts its own version in a remote connection
[02:55:30] [Server thread/TRACE] [FML]: The mod journeymap accepts its own version (1.12.2-5.7.1p3)
[02:55:30] [Server thread/DEBUG] [FML]: Attempting to inject @SidedProxy classes into journeymap
[02:55:30] [Server thread/DEBUG] [FML]: Attempting to inject @EventBusSubscriber classes into the eventbus for journeymap
[02:55:30] [Server thread/DEBUG] [FML]: Attempting to inject @Config classes into journeymap for type INSTANCE
[02:55:30] [Server thread/TRACE] [FML]: Sent event FMLConstructionEvent to mod journeymap
[02:55:30] [Server thread/DEBUG] [FML]: Bar Step: Construction - JourneyMap took 0.012s
[02:55:30] [Server thread/TRACE] [FML]: Sending event FMLConstructionEvent to mod netherite1_12_2
[02:55:30] [Server thread/TRACE] [FML]: Mod netherite1_12_2 is using network checker : Accepting version 1.1
[02:55:30] [Server thread/TRACE] [FML]: Testing mod netherite1_12_2 to verify it accepts its own version in a remote connection
[02:55:30] [Server thread/TRACE] [FML]: The mod netherite1_12_2 accepts its own version (1.1)
[02:55:30] [Server thread/DEBUG] [FML]: Attempting to inject @SidedProxy classes into netherite1_12_2
[02:55:30] [Server thread/DEBUG] [FML]: Attempting to inject @EventBusSubscriber classes into the eventbus for netherite1_12_2
[02:55:30] [Server thread/DEBUG] [FML]: Attempting to inject @Config classes into netherite1_12_2 for type INSTANCE
[02:55:30] [Server thread/TRACE] [FML]: Sent event FMLConstructionEvent to mod netherite1_12_2
[02:55:30] [Server thread/DEBUG] [FML]: Bar Step: Construction - Netherite (1.12.2) took 0.016s
[02:55:30] [Server thread/TRACE] [FML]: Sending event FMLConstructionEvent to mod nocubessrparmory
[02:55:30] [Server thread/TRACE] [FML]: Mod nocubessrparmory is using network checker : Accepting version 3.0.0
[02:55:30] [Server thread/TRACE] [FML]: Testing mod nocubessrparmory to verify it accepts its own version in a remote connection
[02:55:30] [Server thread/TRACE] [FML]: The mod nocubessrparmory accepts its own version (3.0.0)
[02:55:30] [Server thread/DEBUG] [FML]: Attempting to inject @SidedProxy classes into nocubessrparmory
[02:55:30] [Server thread/DEBUG] [FML]: Attempting to inject @EventBusSubscriber classes into the eventbus for nocubessrparmory
[02:55:30] [Server thread/DEBUG] [FML]: Attempting to inject @Config classes into nocubessrparmory for type INSTANCE
[02:55:30] [Server thread/TRACE] [FML]: Sent event FMLConstructionEvent to mod nocubessrparmory
[02:55:30] [Server thread/DEBUG] [FML]: Bar Step: Construction - SRP: Combat Addon (by NoCube) took 0.013s
[02:55:30] [Server thread/TRACE] [FML]: Sending event FMLConstructionEvent to mod nocubessrpnests
[02:55:30] [Server thread/TRACE] [FML]: Mod nocubessrpnests is using network checker : Accepting version 3.0.0
[02:55:30] [Server thread/TRACE] [FML]: Testing mod nocubessrpnests to verify it accepts its own version in a remote connection
[02:55:30] [Server thread/TRACE] [FML]: The mod nocubessrpnests accepts its own version (3.0.0)
[02:55:30] [Server thread/DEBUG] [FML]: Attempting to inject @SidedProxy classes into nocubessrpnests
[02:55:30] [Server thread/DEBUG] [FML]: Attempting to inject @EventBusSubscriber classes into the eventbus for nocubessrpnests
[02:55:30] [Server thread/DEBUG] [FML]: Attempting to inject @Config classes into nocubessrpnests for type INSTANCE
[02:55:30] [Server thread/TRACE] [FML]: Sent event FMLConstructionEvent to mod nocubessrpnests
[02:55:30] [Server thread/DEBUG] [FML]: Bar Step: Construction - SRP: Nests Addon (by NoCube) took 0.014s
[02:55:30] [Server thread/TRACE] [FML]: Sending event FMLConstructionEvent to mod nocubessrpsurvival
[02:55:30] [Server thread/TRACE] [FML]: Mod nocubessrpsurvival is using network checker : Accepting version 3.0.0
[02:55:30] [Server thread/TRACE] [FML]: Testing mod nocubessrpsurvival to verify it accepts its own version in a remote connection
[02:55:30] [Server thread/TRACE] [FML]: The mod nocubessrpsurvival accepts its own version (3.0.0)
[02:55:30] [Server thread/DEBUG] [FML]: Attempting to inject @SidedProxy classes into nocubessrpsurvival
[02:55:30] [Server thread/DEBUG] [FML]: Attempting to inject @EventBusSubscriber classes into the eventbus for nocubessrpsurvival
[02:55:30] [Server thread/DEBUG] [FML]: Attempting to inject @Config classes into nocubessrpsurvival for type INSTANCE
[02:55:30] [Server thread/TRACE] [FML]: Sent event FMLConstructionEvent to mod nocubessrpsurvival
[02:55:30] [Server thread/DEBUG] [FML]: Bar Step: Construction - SRP: Survival Addon (by NoCube) took 0.013s
[02:55:30] [Server thread/TRACE] [FML]: Sending event FMLConstructionEvent to mod playerrevive
[02:55:30] [Server thread/TRACE] [FML]: Mod playerrevive is using network checker : Accepting version 1.0
[02:55:30] [Server thread/TRACE] [FML]: Testing mod playerrevive to verify it accepts its own version in a remote connection
[02:55:30] [Server thread/TRACE] [FML]: The mod playerrevive accepts its own version (1.0)
[02:55:30] [Server thread/DEBUG] [FML]: Attempting to inject @SidedProxy classes into playerrevive
[02:55:30] [Server thread/DEBUG] [FML]: Attempting to inject @EventBusSubscriber classes into the eventbus for playerrevive
[02:55:30] [Server thread/DEBUG] [FML]: Registering @EventBusSubscriber for com.creativemd.playerrevive.PlayerRevive for mod playerrevive
[02:55:30] [Server thread/DEBUG] [FML]: Injected @EventBusSubscriber class com.creativemd.playerrevive.PlayerRevive
[02:55:30] [Server thread/DEBUG] [FML]: Attempting to inject @Config classes into playerrevive for type INSTANCE
[02:55:30] [Server thread/TRACE] [FML]: Sent event FMLConstructionEvent to mod playerrevive
[02:55:30] [Server thread/DEBUG] [FML]: Bar Step: Construction - Player Revive took 0.015s
[02:55:30] [Server thread/TRACE] [FML]: Sending event FMLConstructionEvent to mod srparasites
[02:55:30] [Server thread/TRACE] [FML]: Mod srparasites is using network checker : Accepting version 1.9.21
[02:55:30] [Server thread/TRACE] [FML]: Testing mod srparasites to verify it accepts its own version in a remote connection
[02:55:30] [Server thread/TRACE] [FML]: The mod srparasites accepts its own version (1.9.21)
[02:55:30] [Server thread/DEBUG] [FML]: Attempting to inject @SidedProxy classes into srparasites
[02:55:30] [Server thread/DEBUG] [FML]: Attempting to inject @EventBusSubscriber classes into the eventbus for srparasites
[02:55:30] [Server thread/DEBUG] [FML]: Registering @EventBusSubscriber for com.dhanantry.scapeandrunparasites.init.SRPBiomes$RegistrationHandler for mod srparasites
[02:55:30] [Server thread/DEBUG] [FML]: Injected @EventBusSubscriber class com.dhanantry.scapeandrunparasites.init.SRPBiomes$RegistrationHandler
[02:55:30] [Server thread/DEBUG] [FML]: Registering @EventBusSubscriber for com.dhanantry.scapeandrunparasites.init.SRPEntities$RegistrationHandler for mod srparasites
[02:55:30] [Server thread/DEBUG] [FML]: Injected @EventBusSubscriber class com.dhanantry.scapeandrunparasites.init.SRPEntities$RegistrationHandler
[02:55:30] [Server thread/DEBUG] [FML]: Registering @EventBusSubscriber for com.dhanantry.scapeandrunparasites.init.SRPBlocks$RegistrationHandler for mod srparasites
[02:55:30] [Server thread/WARN] [FML]: Patcher expecting empty class data file for net.minecraft.block.state.BlockStateContainer$Builder, but received non-empty
[02:55:30] [Server thread/DEBUG] [FML]: Injected @EventBusSubscriber class com.dhanantry.scapeandrunparasites.init.SRPBlocks$RegistrationHandler
[02:55:30] [Server thread/DEBUG] [FML]: Registering @EventBusSubscriber for com.dhanantry.scapeandrunparasites.init.SRPItems$RegistrationHandler for mod srparasites
[02:55:30] [Server thread/DEBUG] [FML]: Injected @EventBusSubscriber class com.dhanantry.scapeandrunparasites.init.SRPItems$RegistrationHandler
[02:55:30] [Server thread/DEBUG] [FML]: Registering @EventBusSubscriber for com.dhanantry.scapeandrunparasites.init.SRPSpawning$DimensionHandler for mod srparasites
[02:55:30] [Server thread/DEBUG] [FML]: Injected @EventBusSubscriber class com.dhanantry.scapeandrunparasites.init.SRPSpawning$DimensionHandler
[02:55:30] [Server thread/DEBUG] [FML]: Registering @EventBusSubscriber for com.dhanantry.scapeandrunparasites.init.SRPPotions$RegistrationHandler for mod srparasites
[02:55:30] [Server thread/DEBUG] [FML]: Injected @EventBusSubscriber class com.dhanantry.scapeandrunparasites.init.SRPPotions$RegistrationHandler
[02:55:30] [Server thread/DEBUG] [FML]: Attempting to inject @Config classes into srparasites for type INSTANCE
[02:55:30] [Server thread/TRACE] [FML]: Sent event FMLConstructionEvent to mod srparasites
[02:55:30] [Server thread/DEBUG] [FML]: Bar Step: Construction - Scape and Run Parasites took 0.184s
[02:55:30] [Server thread/TRACE] [FML]: Sending event FMLConstructionEvent to mod overlast
[02:55:30] [Server thread/TRACE] [FML]: Mod overlast is using network checker : Accepting version 0.2.9
[02:55:30] [Server thread/TRACE] [FML]: Testing mod overlast to verify it accepts its own version in a remote connection
[02:55:30] [Server thread/TRACE] [FML]: The mod overlast accepts its own version (0.2.9)
[02:55:30] [Server thread/DEBUG] [FML]: Attempting to inject @SidedProxy classes into overlast
[02:55:30] [Server thread/DEBUG] [FML]: Attempting to inject @EventBusSubscriber classes into the eventbus for overlast
[02:55:30] [Server thread/DEBUG] [FML]: Registering @EventBusSubscriber for com.overlast.season.WorldSeason for mod overlast
[02:55:30] [Server thread/DEBUG] [FML]: Injected @EventBusSubscriber class com.overlast.season.WorldSeason
[02:55:30] [Server thread/DEBUG] [FML]: Registering @EventBusSubscriber for com.overlast.enchantment.EnchantmentRegistryHandler for mod overlast
[02:55:30] [Server thread/DEBUG] [FML]: Injected @EventBusSubscriber class com.overlast.enchantment.EnchantmentRegistryHandler
[02:55:30] [Server thread/DEBUG] [FML]: Registering @EventBusSubscriber for com.overlast.util.Registererer for mod overlast
[02:55:30] [Server thread/DEBUG] [FML]: Injected @EventBusSubscriber class com.overlast.util.Registererer
[02:55:30] [Server thread/DEBUG] [FML]: Registering @EventBusSubscriber for com.overlast.config.OverConfig$ConfigEvents for mod overlast
[02:55:30] [Server thread/DEBUG] [FML]: Injected @EventBusSubscriber class com.overlast.config.OverConfig$ConfigEvents
[02:55:30] [Server thread/DEBUG] [FML]: Registering @EventBusSubscriber for com.overlast.enchantment.EnchantmentSRPkiller for mod overlast
[02:55:30] [Server thread/DEBUG] [FML]: Injected @EventBusSubscriber class com.overlast.enchantment.EnchantmentSRPkiller
[02:55:30] [Server thread/DEBUG] [FML]: Registering @EventBusSubscriber for com.overlast.season.DailyRadio for mod overlast
[02:55:30] [Server thread/DEBUG] [FML]: Injected @EventBusSubscriber class com.overlast.season.DailyRadio
[02:55:30] [Server thread/DEBUG] [FML]: Registering @EventBusSubscriber for com.overlast.util.client.ModelRegisterer for mod overlast
[02:55:30] [Server thread/DEBUG] [FML]: Injected @EventBusSubscriber class com.overlast.util.client.ModelRegisterer
[02:55:30] [Server thread/DEBUG] [FML]: Registering @EventBusSubscriber for com.overlast.handlers.EventFinalBattle for mod overlast
[02:55:30] [Server thread/DEBUG] [FML]: Injected @EventBusSubscriber class com.overlast.handlers.EventFinalBattle
[02:55:30] [Server thread/DEBUG] [FML]: Registering @EventBusSubscriber for com.overlast.handlers.EventHandlerServer for mod overlast
[02:55:30] [Server thread/DEBUG] [FML]: Injected @EventBusSubscriber class com.overlast.handlers.EventHandlerServer
[02:55:30] [Server thread/DEBUG] [FML]: Registering @EventBusSubscriber for com.overlast.cap.CapEvents for mod overlast
[02:55:30] [Server thread/DEBUG] [FML]: Injected @EventBusSubscriber class com.overlast.cap.CapEvents
[02:55:30] [Server thread/DEBUG] [FML]: Attempting to inject @Config classes into overlast for type INSTANCE
[02:55:30] [Server thread/TRACE] [FML]: Sent event FMLConstructionEvent to mod overlast
[02:55:30] [Server thread/DEBUG] [FML]: Bar Step: Construction - Parasites Addon : OverLast took 0.319s
[02:55:30] [Server thread/TRACE] [FML]: Sending event FMLConstructionEvent to mod simpletomb
[02:55:30] [Server thread/TRACE] [FML]: Mod simpletomb is using network checker : Accepting version 1.12.2-1.0.0
[02:55:30] [Server thread/TRACE] [FML]: Testing mod simpletomb to verify it accepts its own version in a remote connection
[02:55:30] [Server thread/TRACE] [FML]: The mod simpletomb accepts its own version (1.12.2-1.0.0)
[02:55:30] [Server thread/DEBUG] [FML]: Attempting to inject @SidedProxy classes into simpletomb
[02:55:30] [Server thread/DEBUG] [FML]: Attempting to inject @EventBusSubscriber classes into the eventbus for simpletomb
[02:55:30] [Server thread/DEBUG] [FML]: Registering @EventBusSubscriber for com.lothrazar.simpletomb.ConfigTomb for mod simpletomb
[02:55:30] [Server thread/DEBUG] [FML]: Injected @EventBusSubscriber class com.lothrazar.simpletomb.ConfigTomb
[02:55:30] [Server thread/DEBUG] [FML]: Registering @EventBusSubscriber for com.lothrazar.simpletomb.TombRegistry for mod simpletomb
[02:55:30] [Server thread/DEBUG] [FML]: Injected @EventBusSubscriber class com.lothrazar.simpletomb.TombRegistry
[02:55:30] [Server thread/DEBUG] [FML]: Attempting to inject @Config classes into simpletomb for type INSTANCE
[02:55:30] [Server thread/TRACE] [FML]: Sent event FMLConstructionEvent to mod simpletomb
[02:55:30] [Server thread/DEBUG] [FML]: Bar Step: Construction - Simple Tomb took 0.011s
[02:55:30] [Server thread/TRACE] [FML]: Sending event FMLConstructionEvent to mod techguns
[02:55:30] [Server thread/TRACE] [FML]: Mod techguns is using network checker : Accepting version 2.0.2.0
[02:55:30] [Server thread/TRACE] [FML]: Testing mod techguns to verify it accepts its own version in a remote connection
[02:55:30] [Server thread/TRACE] [FML]: The mod techguns accepts its own version (2.0.2.0)
[02:55:30] [Server thread/DEBUG] [FML]: Attempting to inject @SidedProxy classes into techguns
[02:55:30] [Server thread/DEBUG] [FML]: Attempting to inject @EventBusSubscriber classes into the eventbus for techguns
[02:55:30] [Server thread/DEBUG] [FML]: Registering @EventBusSubscriber for techguns.events.TGTickHandler for mod techguns
[02:55:30] [Server thread/DEBUG] [FML]: Injected @EventBusSubscriber class techguns.events.TGTickHandler
[02:55:30] [Server thread/DEBUG] [FML]: Registering @EventBusSubscriber for techguns.CommonProxy for mod techguns
[02:55:30] [Server thread/DEBUG] [FML]: Injected @EventBusSubscriber class techguns.CommonProxy
[02:55:30] [Server thread/DEBUG] [FML]: Registering @EventBusSubscriber for techguns.events.TGEventHandler for mod techguns
[02:55:30] [Server thread/DEBUG] [FML]: Injected @EventBusSubscriber class techguns.events.TGEventHandler
[02:55:30] [Server thread/DEBUG] [FML]: Registering @EventBusSubscriber for techguns.TGConfig for mod techguns
[02:55:30] [Server thread/DEBUG] [FML]: Injected @EventBusSubscriber class techguns.TGConfig
[02:55:30] [Server thread/DEBUG] [FML]: Registering @EventBusSubscriber for techguns.debug.Keybinds for mod techguns
[02:55:30] [Server thread/DEBUG] [FML]: Injected @EventBusSubscriber class techguns.debug.Keybinds
[02:55:30] [Server thread/DEBUG] [FML]: Registering @EventBusSubscriber for techguns.capabilities.CapabilityEventHandler for mod techguns
[02:55:30] [Server thread/DEBUG] [FML]: Injected @EventBusSubscriber class techguns.capabilities.CapabilityEventHandler
[02:55:30] [Server thread/DEBUG] [FML]: Registering @EventBusSubscriber for techguns.server.ServerProxy for mod techguns
[02:55:30] [Server thread/DEBUG] [FML]: Injected @EventBusSubscriber class techguns.server.ServerProxy
[02:55:30] [Server thread/DEBUG] [FML]: Attempting to inject @Config classes into techguns for type INSTANCE
[02:55:30] [Server thread/TRACE] [FML]: Sent event FMLConstructionEvent to mod techguns
[02:55:30] [Server thread/DEBUG] [FML]: Bar Step: Construction - Techguns took 0.122s
[02:55:30] [Server thread/TRACE] [FML]: Sending event FMLConstructionEvent to mod travelersbackpack
[02:55:30] [Server thread/TRACE] [FML]: Mod travelersbackpack is using network checker : Accepting version 1.0.35
[02:55:30] [Server thread/TRACE] [FML]: Testing mod travelersbackpack to verify it accepts its own version in a remote connection
[02:55:30] [Server thread/TRACE] [FML]: The mod travelersbackpack accepts its own version (1.0.35)
[02:55:30] [Server thread/DEBUG] [FML]: Attempting to inject @SidedProxy classes into travelersbackpack
[02:55:30] [Server thread/DEBUG] [FML]: Attempting to inject @EventBusSubscriber classes into the eventbus for travelersbackpack
[02:55:30] [Server thread/DEBUG] [FML]: Registering @EventBusSubscriber for com.tiviacz.travelersbackpack.handlers.CommonEventHandler for mod travelersbackpack
[02:55:30] [Server thread/DEBUG] [FML]: Injected @EventBusSubscriber class com.tiviacz.travelersbackpack.handlers.CommonEventHandler
[02:55:30] [Server thread/DEBUG] [FML]: Registering @EventBusSubscriber for com.tiviacz.travelersbackpack.handlers.PlayerEventHandler for mod travelersbackpack
[02:55:30] [Server thread/DEBUG] [FML]: Injected @EventBusSubscriber class com.tiviacz.travelersbackpack.handlers.PlayerEventHandler
[02:55:30] [Server thread/DEBUG] [FML]: Attempting to inject @Config classes into travelersbackpack for type INSTANCE
[02:55:30] [Server thread/TRACE] [FML]: Sent event FMLConstructionEvent to mod travelersbackpack
[02:55:30] [Server thread/DEBUG] [FML]: Bar Step: Construction - Traveler's Backpack took 0.033s
[02:55:30] [Server thread/TRACE] [FML]: Sending event FMLConstructionEvent to mod llibrary
[02:55:30] [Server thread/TRACE] [FML]: Mod llibrary is using network checker : Accepting version 1.7.20
[02:55:30] [Server thread/TRACE] [FML]: Testing mod llibrary to verify it accepts its own version in a remote connection
[02:55:30] [Server thread/TRACE] [FML]: The mod llibrary accepts its own version (1.7.20)
[02:55:30] [Server thread/DEBUG] [FML]: Attempting to inject @SidedProxy classes into llibrary
[02:55:30] [Server thread/DEBUG] [FML]: Attempting to inject @EventBusSubscriber classes into the eventbus for llibrary
[02:55:30] [Server thread/DEBUG] [FML]: Attempting to inject @Config classes into llibrary for type INSTANCE
[02:55:30] [Server thread/TRACE] [FML]: Sent event FMLConstructionEvent to mod llibrary
[02:55:30] [Server thread/DEBUG] [FML]: Bar Step: Construction - LLibrary took 0.019s
[02:55:30] [Server thread/DEBUG] [FML]: Bar Finished: Construction took 1.429s
[02:55:30] [Server thread/DEBUG] [FML]: Mod signature data
[02:55:30] [Server thread/DEBUG] [FML]:  	Valid Signatures:
[02:55:30] [Server thread/DEBUG] [FML]: 		(e3c3d50c7c986df74c645c0ac54639741c90a557) FML	(Forge Mod Loader	8.0.99.99)	forge-1.12.2-14.23.5.2860.jar
[02:55:30] [Server thread/DEBUG] [FML]: 		(e3c3d50c7c986df74c645c0ac54639741c90a557) forge	(Minecraft Forge	14.23.5.2860)	forge-1.12.2-14.23.5.2860.jar
[02:55:30] [Server thread/DEBUG] [FML]: 		(0e5cb559be7d03f3fc18b8cba547d663e25f28af) simpletomb	(Simple Tomb	1.12.2-1.0.0)	simpletomb-1.12.2-1.0.0.jar
[02:55:30] [Server thread/DEBUG] [FML]: 		(b9f30a813bee3b9dd5652c460310cfcd54f6b7ec) llibrary	(LLibrary	1.7.20)	llibrary-1.7.20-1.12.2.jar
[02:55:30] [Server thread/DEBUG] [FML]:  	Missing Signatures:
[02:55:30] [Server thread/DEBUG] [FML]: 		minecraft	(Minecraft	1.12.2)	minecraft.jar
[02:55:30] [Server thread/DEBUG] [FML]: 		mcp	(Minecraft Coder Pack	9.42)	minecraft.jar
[02:55:30] [Server thread/DEBUG] [FML]: 		creativecoredummy	(CreativeCoreDummy	1.0.0)	minecraft.jar
[02:55:30] [Server thread/DEBUG] [FML]: 		obfuscate	(Obfuscate	0.4.2)	minecraft.jar
[02:55:30] [Server thread/DEBUG] [FML]: 		techguns_core	(Techguns Core	1.12.2-1.0)	minecraft.jar
[02:55:30] [Server thread/DEBUG] [FML]: 		securitycraft	(SecurityCraft	v1.10)	[1.12.2] SecurityCraft v1.10.jar
[02:55:30] [Server thread/DEBUG] [FML]: 		carryon	(Carry On	1.12.3)	carryon-1.12.2-1.12.7.23.jar
[02:55:30] [Server thread/DEBUG] [FML]: 		creativecore	(CreativeCore	1.10.0)	CreativeCore_v1.10.71_mc1.12.2.jar
[02:55:30] [Server thread/DEBUG] [FML]: 		cgm	(MrCrayfish's Gun Mod	0.15.3)	guns-0.15.3-1.12.2.jar
[02:55:30] [Server thread/DEBUG] [FML]: 		waila	(Waila	1.8.26)	Hwyla-1.8.26-B41_1.12.2.jar
[02:55:30] [Server thread/DEBUG] [FML]: 		jei	(Just Enough Items	4.16.1.1013)	jei_1.12.2-4.16.1.1013.jar
[02:55:30] [Server thread/DEBUG] [FML]: 		journeymap	(JourneyMap	1.12.2-5.7.1p3)	journeymap-1.12.2-5.7.1p3.jar
[02:55:30] [Server thread/DEBUG] [FML]: 		netherite1_12_2	(Netherite (1.12.2)	1.1)	Netherite(1.12.2).jar
[02:55:30] [Server thread/DEBUG] [FML]: 		nocubessrparmory	(SRP: Combat Addon (by NoCube)	3.0.0)	NoCubes_SRP_Combat_Addon_3.0.0.jar
[02:55:30] [Server thread/DEBUG] [FML]: 		nocubessrpnests	(SRP: Nests Addon (by NoCube)	3.0.0)	NoCubes_SRP_Nests_Addon_3.0.0.jar
[02:55:30] [Server thread/DEBUG] [FML]: 		nocubessrpsurvival	(SRP: Survival Addon (by NoCube)	3.0.0)	NoCubes_SRP_Survival_Addon_3.0.0.jar
[02:55:30] [Server thread/DEBUG] [FML]: 		playerrevive	(Player Revive	1.0)	PlayerRevive_v1.2.40_mc1.12.2.jar
[02:55:30] [Server thread/DEBUG] [FML]: 		srparasites	(Scape and Run Parasites	1.9.21)	SRParasites-1.12.2v1.9.21.jar
[02:55:30] [Server thread/DEBUG] [FML]: 		overlast	(Parasites Addon : OverLast	0.2.9)	OverLast-1.12.2-0.2.9B9.jar
[02:55:30] [Server thread/DEBUG] [FML]: 		techguns	(Techguns	2.0.2.0)	techguns-1.12.2-2.0.2.0_pre3.2.jar
[02:55:30] [Server thread/DEBUG] [FML]: 		travelersbackpack	(Traveler's Backpack	1.0.35)	TravelersBackpack-1.12.2-1.0.35 (1).jar
[02:55:30] [Server thread/INFO] [FML]: Processing ObjectHolder annotations
[02:55:31] [Server thread/INFO] [FML]: Found 1482 ObjectHolder annotations
[02:55:31] [Server thread/INFO] [FML]: Identifying ItemStackHolder annotations
[02:55:31] [Server thread/INFO] [FML]: Found 0 ItemStackHolder annotations
[02:55:31] [Server thread/TRACE] [FML]: Sending event FMLPreInitializationEvent to mod minecraft
[02:55:31] [Server thread/TRACE] [FML]: Sent event FMLPreInitializationEvent to mod minecraft
[02:55:31] [Server thread/DEBUG] [FML]: Bar Step: PreInitialization - Minecraft took 0.000s
[02:55:31] [Server thread/TRACE] [FML]: Sending event FMLPreInitializationEvent to mod mcp
[02:55:31] [Server thread/TRACE] [FML]: Sent event FMLPreInitializationEvent to mod mcp
[02:55:31] [Server thread/DEBUG] [FML]: Bar Step: PreInitialization - Minecraft Coder Pack took 0.001s
[02:55:31] [Server thread/TRACE] [FML]: Sending event FMLPreInitializationEvent to mod FML
[02:55:31] [Server thread/TRACE] [FML]: Sent event FMLPreInitializationEvent to mod FML
[02:55:31] [Server thread/DEBUG] [FML]: Bar Step: PreInitialization - Forge Mod Loader took 0.000s
[02:55:31] [Server thread/TRACE] [FML]: Sending event FMLPreInitializationEvent to mod forge
[02:55:31] [Server thread/INFO] [FML]: Configured a dormant chunk cache size of 0
[02:55:31] [Server thread/TRACE] [FML]: Sent event FMLPreInitializationEvent to mod forge
[02:55:31] [Server thread/DEBUG] [FML]: Bar Step: PreInitialization - Minecraft Forge took 0.042s
[02:55:31] [Server thread/TRACE] [FML]: Sending event FMLPreInitializationEvent to mod creativecoredummy
[02:55:31] [Server thread/TRACE] [FML]: Sent event FMLPreInitializationEvent to mod creativecoredummy
[02:55:31] [Server thread/DEBUG] [FML]: Bar Step: PreInitialization - CreativeCoreDummy took 0.001s
[02:55:31] [Server thread/TRACE] [FML]: Sending event FMLPreInitializationEvent to mod obfuscate
[02:55:31] [Forge Version Check/INFO] [forge.VersionCheck]: [carryon] Starting version check at https://gist.githubusercontent.com/Tschipp/dccadee7c90d7a34e6e76a35d9d6fa2e/raw/
[02:55:31] [Server thread/INFO] [Obfuscate]: Successfully injected SyncedPlayerData capability
[02:55:31] [Server thread/TRACE] [FML]: Sent event FMLPreInitializationEvent to mod obfuscate
[02:55:31] [Server thread/DEBUG] [FML]: Bar Step: PreInitialization - Obfuscate took 0.015s
[02:55:31] [Server thread/TRACE] [FML]: Sending event FMLPreInitializationEvent to mod techguns_core
[02:55:31] [Server thread/TRACE] [FML]: Sent event FMLPreInitializationEvent to mod techguns_core
[02:55:31] [Server thread/DEBUG] [FML]: Bar Step: PreInitialization - Techguns Core took 0.000s
[02:55:31] [Server thread/TRACE] [FML]: Sending event FMLPreInitializationEvent to mod securitycraft
[02:55:31] [Forge Version Check/DEBUG] [forge.VersionCheck]: [carryon] Received version check data:
{
  "homepage": "https://minecraft.curseforge.com/projects/carry-on/files",
    "promos": {
    "1.11.2-recommended": "1.7.1",
    "1.10.2-recommended": "1.7.1",
    "1.12-recommended": "1.7.1",
    "1.11.2-latest": "1.7.1",
    "1.10.2-latest": "1.7.1",
    "1.12-latest": "1.7.1"
  },
  "1.11.2": {
    "1.0": "Initial Release",
    "1.1": "[Feature] Added config option to carry all blocks \n[Feature]Blocks can now only be picked up from a certain range. Configurable",
    "1.1.1" : "[Bugfix] Fixed Crash on Startup \n[Change] Config Errors now no longer crash the game, but log the error \n[Change] Arm Rotation now respects if the player is sneaking",
    "1.2" : "[Feature] Mobs and other Entities can now also be picked up \n[Feature] The slowness effect can now be disabled for Creative Mode \n[Feature] Added support for GameStages by Darkhax \n[Bugfix] Jitteriness of blocks when on Servers has been removed \n[Bugfix] When MoBends is installed, the Head and Arms will again be rendered, but the arms won’t have rotation \n[Bugfix] Fixed players being able to steal chests from eachother, even when the chunks were protected with FTBUtils \n[Bugfix] When the player is shot with arrows, the world no longer freaks out \n[Change] Change to Forbidden Blocks config, It’s highly recommended that you reload your config file and read the wiki",
    "1.3" : "[Feature] The Carry Key(shift by default) can be rebound \n[Feature] Entities drag you down when in water \n[Feature] Slowness values can be tweaked in the config \n[Bugfix] Fixed a crash when placing certain blocks \n[Bugfix] Carrying entities at night no longer darkens the screen \n[Change] Some changes to default Blacklists",
    "1.4" : "[Feature] Added new Command (/carryon) \n[Bugfix] Pick-Block no longer switches slot when carrying \n[Bugfix] Entities cannot be carried while they are hurt anymore \n[Bugfix] Fixed incompability with RefinedStorage \n[Change] If issues arise with block placement, it will no longer crash the game",
    "1.4.1" : "[Hotfix] Restored old Pickup Functionality for some Tile Entities",
    "1.5" : "[Feature] Added Whitelist \n[Change] Carrying is now smoother",
    "1.5.1" : "[Hotfix] Fixed item duplication glitch",
    "1.6" : "[Feature] Added Scripting \n[Feature] Added admin command /reloadscripts \n[Feature] The jacket layer of the arm now moves correctly \n[Feature] It's no longer possible to break blocks while carrying n\[Bugfix] Entites and blocks have proper lighting applied to them \n[Change] Carrying is a lot smoother",
    "1.7" : "[Feature] Added Support for Real First Person Render \n[Feature] Added Potion effect Condition \n[Bugfix] Picking up pets now works correctly \n[Bugfix] Improved Behavior with keepInventory",
    "1.7.1": "[Bugfix] Rendering issue \n[Bugfix] Animania config Error \n[Change] You now cannot break blocks or hit entities while carrying \n[Change] Animania Wagons are blacklisted \n[Change] Stair Blocks now face the player when placed"
       
  },
   "1.10.2": {
    "1.1": "Downdate to 1.10.2 \nAdded config option to carry all blocks \nBlocks can now only be picked up from a certain range. Configurable",
    "1.1.1" : "[Bugfix] Fixed Crash on Startup \n[Change] Config Errors now no longer crash the game, but log the error \n[Change] Arm Rotation now respects if the player is sneaking",
    "1.2" : "[Feature] Mobs and other Entities can now also be picked up \n[Feature] The slowness effect can now be disabled for Creative Mode \n[Bugfix] Jitteriness of blocks when on Servers has been removed \n[Bugfix] When MoBends is installed, the Head and Arms will again be rendered, but the arms won’t have rotation \n[Bugfix] Fixed players being able to steal chests from eachother, even when the chunks were protected with FTBUtils \n[Bugfix] When the player is shot with arrows, the world no longer freaks out \n[Change] Change to Forbidden Blocks config, It’s highly recommended that you reload your config file and read the wiki",
    "1.2.1" : "[Hotfix] Fixes Crash when opening Inventory",
    "1.3" : "[Feature] The Carry Key(shift by default) can be rebound \n[Feature] Entities drag you down when in water \n[Feature] Slowness values can be tweaked in the config \n[Bugfix] Fixed a crash when placing certain blocks \n[Bugfix] Carrying entities at night no longer darkens the screen \n[Change] Some changes to default Blacklists",
    "1.4" : "[Feature] Added new Command (/carryon) \n[Bugfix] Pick-Block no longer switches slot when carrying \n[Bugfix] Entities cannot be carried while they are hurt anymore \n[Bugfix] Fixed incompability with RefinedStorage \n[Change] If issues arise with block placement, it will no longer crash the game",
    "1.4.1" : "[Hotfix] Restored old Pickup Functionality for some Tile Entities",
    "1.5" : "[Feature] Added Whitelist \n[Change] Carrying is now smoother",
    "1.5.1" : "[Hotfix] Fixed item duplication glitch",
    "1.6" : "[Feature] Added Scripting \n[Feature] Added admin command /reloadscripts \n[Feature] The jacket layer of the arm now moves correctly \n[Feature] It's no longer possible to break blocks while carrying n\[Bugfix] Entites and blocks have proper lighting applied to them \n[Change] Carrying is a lot smoother",
    "1.7" : "[Feature] Added Support for Real First Person Render \n[Feature] Added Potion effect Condition \n[Bugfix] Picking up pets now works correctly \n[Bugfix] Improved Behavior with keepInventory, \n[Bugfix] Fixed rare crash",
    "1.7.1": "[Bugfix] Rendering issue \n[Bugfix] Animania config Error \n[Bugfix] Fixed crash that could break worlds \n[Change] You now cannot break blocks or hit entities while carrying \n[Change] Animania Wagons are blacklisted \n[Change] Stair Blocks now face the player when placed"





  },
   "1.12": {
    "1.1": "Update to 1.12 \nAdded config option to carry all blocks \nBlocks can now only be picked up from a certain range. Configurable",
    "1.1.1" : "[Bugfix] Fixed Crash on Startup \n[Change] Config Errors now no longer crash the game, but log the error \n[Change] Arm Rotation now respects if the player is sneaking",
    "1.2" : "[Feature] Mobs and other Entities can now also be picked up \n[Feature] The slowness effect can now be disabled for Creative Mode \n[Feature] Added support for GameStages by Darkhax \n[Bugfix] Jitteriness of blocks when on Servers has been removed \n[Bugfix] When MoBends is installed, the Head and Arms will again be rendered, but the arms won’t have rotation \n[Bugfix] Fixed players being able to steal chests from eachother, even when the chunks were protected with FTBUtils \n[Bugfix] When the player is shot with arrows, the world no longer freaks out \n[Change] Change to Forbidden Blocks config, It’s highly recommended that you reload your config file and read the wiki",
    "1.3" : "[Feature] The Carry Key(shift by default) can be rebound \n[Feature] Entities drag you down when in water \n[Feature] Slowness values can be tweaked in the config \n[Bugfix] Fixed a crash when placing certain blocks \n[Bugfix] Carrying entities at night no longer darkens the screen \n[Change] Some changes to default Blacklists",
    "1.4" : "[Feature] Added new Command (/carryon) \n[Bugfix] Pick-Block no longer switches slot when carrying \n[Bugfix] Entities cannot be carried while they are hurt anymore \n[Bugfix] Fixed incompability with RefinedStorage \n[Change] If issues arise with block placement, it will no longer crash the game",
    "1.4.1" : "[Hotfix] Restored old Pickup Functionality for some Tile Entities",
    "1.5" : "[Feature] Added Whitelist \n[Change] Carrying is now smoother",
    "1.5.1" : "[Hotfix] Fixed item duplication glitch",
    "1.6" : "[Feature] Added Scripting \n[Feature] Added admin command /reloadscripts \n[Feature] The jacket layer of the arm now moves correctly \n[Feature] It's no longer possible to break blocks while carrying n\[Bugfix] Entites and blocks have proper lighting applied to them \n[Change] Carrying is a lot smoother",
    "1.6.1" : "[Hotfix] Now works again with the latest version of FTBUtilities",
    "1.7" : "[Feature] Added Support for Real First Person Render \n[Feature] Added Potion effect Condition \n[Bugfix] Picking up pets now works correctly \n[Bugfix] Improved Behavior with keepInventory",
    "1.7.1": "[Bugfix] Rendering issue \n[Bugfix] Animania config Error \n[Change] Now uses latest Forge \n[Change] Now uses latest version of Gamestages \n[Change] Now uses latest version of FTBUtilities \n[Change] You now cannot break blocks or hit entities while carrying \n[Change] Animania Wagons are blacklisted \n[Change] Stair Blocks now face the player when placed"


  }
}
[02:55:31] [Forge Version Check/DEBUG] [forge.VersionCheck]: Failed to process update information
com.google.gson.JsonSyntaxException: com.google.gson.stream.MalformedJsonException: Invalid escape sequence at line 21 column 217 path $..1.6
	at com.google.gson.Gson.fromJson(Gson.java:902) ~[Gson.class:?]
	at com.google.gson.Gson.fromJson(Gson.java:852) ~[Gson.class:?]
	at com.google.gson.Gson.fromJson(Gson.java:801) ~[Gson.class:?]
	at com.google.gson.Gson.fromJson(Gson.java:773) ~[Gson.class:?]
	at net.minecraftforge.common.ForgeVersion$1.process(ForgeVersion.java:260) [ForgeVersion$1.class:14.23.5.2860]
	at net.minecraftforge.common.ForgeVersion$1.run(ForgeVersion.java:201) [ForgeVersion$1.class:14.23.5.2860]
Caused by: com.google.gson.stream.MalformedJsonException: Invalid escape sequence at line 21 column 217 path $..1.6
	at com.google.gson.stream.JsonReader.syntaxError(JsonReader.java:1559) ~[JsonReader.class:?]
	at com.google.gson.stream.JsonReader.readEscapeCharacter(JsonReader.java:1550) ~[JsonReader.class:?]
	at com.google.gson.stream.JsonReader.nextQuotedValue(JsonReader.java:1004) ~[JsonReader.class:?]
	at com.google.gson.stream.JsonReader.nextString(JsonReader.java:815) ~[JsonReader.class:?]
	at com.google.gson.internal.bind.ObjectTypeAdapter.read(ObjectTypeAdapter.java:76) ~[ObjectTypeAdapter.class:?]
	at com.google.gson.internal.bind.ObjectTypeAdapter.read(ObjectTypeAdapter.java:70) ~[ObjectTypeAdapter.class:?]
	at com.google.gson.internal.bind.TypeAdapterRuntimeTypeWrapper.read(TypeAdapterRuntimeTypeWrapper.java:41) ~[TypeAdapterRuntimeTypeWrapper.class:?]
	at com.google.gson.internal.bind.MapTypeAdapterFactory$Adapter.read(MapTypeAdapterFactory.java:187) ~[MapTypeAdapterFactory$Adapter.class:?]
	at com.google.gson.internal.bind.MapTypeAdapterFactory$Adapter.read(MapTypeAdapterFactory.java:145) ~[MapTypeAdapterFactory$Adapter.class:?]
	at com.google.gson.Gson.fromJson(Gson.java:887) ~[Gson.class:?]
	... 5 more
[02:55:31] [Forge Version Check/INFO] [forge.VersionCheck]: [travelersbackpack] Starting version check at https://gist.githubusercontent.com/Tiviacz1337/906937677aa472285dff9d6c2a189d5e/raw
[02:55:31] [Forge Version Check/DEBUG] [forge.VersionCheck]: [travelersbackpack] Received version check data:
{ 
        "homepage": "https://www.curseforge.com/minecraft/mc-mods/travelers-backpack", 
        "promos": {
		"1.20.4-recommended": "9.4.2",
		"1.20.4-latest": "9.4.2",
		"1.20.2-recommended": "9.2.4",
		"1.20.2-latest": "9.2.4",
		"1.20.1-recommended": "9.1.16",
		"1.20.1-latest": "9.1.16",
		"1.20-recommended": "9.0.2",
		"1.20-latest": "9.0.2",
		"1.19.4-recommended": "8.4.20",
		"1.19.4-latest": "8.4.20",
		"1.19.3-recommended": "8.3.9",
		"1.19.3-latest": "8.3.9",
		"1.19.2-recommended": "8.2.40",
		"1.19.2-latest": "8.2.40",
		"1.19.1-recommended": "8.1.1",
		"1.19.1-latest": "8.1.1",
		"1.19-recommended": "8.0.8",
		"1.19-latest": "8.0.8",
		"1.18.2-recommended": "7.1.48",
		"1.18.2-latest": "7.1.48",
		"1.18.1-recommended": "7.0.4",
		"1.18.1-latest": "7.0.5",
		"1.17.1-recommended": "6.0.52",
		"1.17.1-latest": "6.0.52",
		"1.16.5-recommended": "5.4.51",
		"1.16.5-latest": "5.4.51",
		"1.16.4-recommended": "5.3.8",
		"1.16.4-latest": "5.3.8",
		"1.16.3-recommended": "5.2.1",
		"1.16.3-latest": "5.2.1",
		"1.16.2-recommended": "5.1.1",
		"1.16.2-latest": "5.1.1",
		"1.16.1-recommended": "5.0.1",
		"1.16.1-latest": "5.0.1",
		"1.15.2-recommended": "4.0.8",
		"1.15.2-latest": "4.0.8",
		"1.14.4-recommended": "3.0.8",
		"1.14.4-latest": "3.0.8",
                "1.12.2-recommended": "1.0.34",
		"1.12.2-latest": "1.0.34"
        }, 
        "1.12.2": {
			"0.0.3a": "Added sleeping bag",
			"0.0.4a": "Added ability to wear backpack on player's back!",
			"0.0.5a": "Implemented swapping between tools!",
			"0.0.6a": "Added missing recipe for sleeping bag",
			"0.0.7a": "Fixes for server",
			"0.0.8a": "Added backpack renderer on player's back!",
			"0.0.9a": "Added tools render on backpack",
			"0.1.0a": "Fixed tile entity data loading",
			"0.1.1a": "Added hose, bug fixes",
			"0.1.2a": "Fixed server crash",
			"0.1.3a": "Added more backpack types!",
			"0.1.4a": "Added fluid render to block and wearable model",
			"0.1.5a": "Fixed some bugs and added more custom backpacks",
			"0.1.6a": "Added potions as fluids!",
			"0.1.7a": "Fixed rendering-thing on server",
			"0.1.8a": "Fixed some minor issues",
			"1.0.19.19": "First beta release",
			"1.0.20.20": "Mainly bug fixes",
			"1.0.21.21": "Bug fixes",
			"1.0.22.22": "Added backpack abilities",
			"1.0.23.23": "Bug fixes",
			"1.0.24.24": "Bug fixes",
			"1.0.25.25": "Bug fixes",
			"1.0.26.26": "Fixed NPE",
			"1.0.27": "Capability code clean-up, bug fix",
			"1.0.28": "Mod ID change, see note in 1.0.28 on the site",
			"1.0.29": "Mod ID change, see note in 1.0.29 on the site",
			"1.0.30": "Bug fixes, standard backpack texture improvements",
			"1.0.31": "Fixed bug that causes buckets to dissapear",
			"1.0.32": "Added in-game warning about modid change and method to keep backpacks after updating to newer version",
			"1.0.33": "Fixed backpack dissapear in explosions",
			"1.0.34": "Mainly bug fixes",
			"1.0.35": "Misc bug fixes"
        },
	"1.14.4":  { 
			"3.0.7": "Initial port",
			"3.0.8": "Compatibility for modded tools"
	},
	"1.15.2":  {
      			"4.0.0": "Initial port",
			"4.0.1": "FPS bug fix",
			"4.0.2": "Fixed unwanted backpack placement after death",
			"4.0.3": "Fixed NPE while using sleeping bag",
			"4.0.4": "Fixed crash, updated few textures",
			"4.0.5": "Bug fixes",
			"4.0.6": "Fixed backpack dissapear in explosions",
			"4.0.7": "Keybind for tool cycle",
			"4.0.8": "Compatibility for modded tools"
	},
	"1.16.1":  { 
			"5.0.0": "Initial port",
			"5.0.1": "Fixed backpack not saving contents, compatibility for modded tools"
	},
	"1.16.2":  { 
			"5.1.0": "Initial port",
			"5.1.1": "Fixed server crashes, backpack not saving contents, compatibility for modded tools"
	},
	"1.16.3":  { 
			"5.2.1": "Initial port"
	},
	"1.16.4":  { 
			"5.3.1": "Initial port",
			"5.3.2": "Bug fixes, game-breaking change",
			"5.3.3": "A lot of bug fixes",
			"5.3.4": "Dupe bug fix",
			"5.3.5": "Curios integration",
			"5.3.6": "Crafting grid dupe bug fix",
			"5.3.7": "Crash fix, curiosIntegration option migration",
			"5.3.8": "Fixed item saving bug"
	},
	"1.16.5":  { 
			"5.3.8": "Fixed item saving bug",
			"5.4.0": "Few new custom backpacks",
			"5.4.1": "Fixed villager trades",
			"5.4.2": "Fixed crash with turkish language and small tweaks",
			"5.4.3": "Fixed dupe bug",
			"5.4.4": "JEI dupe bug fix and more",
			"5.4.5": "Dyeable backpacks update! :>",
			"5.4.6": "More backpacks and bug fixes",
			"5.4.7": "Exploit and bug fixes",
			"5.4.8": "Fixed spawn point setting",
			"5.4.9": "20 new backpacks",
			"5.4.10": "Added backpack abilties",
			"5.4.11": "Code cleanup",
			"5.4.12": "Fixed crash",
			"5.4.13": "Added sorting buttons",
			"5.4.14": "Fixed LAN crash",
			"5.4.15": "Fixed few bugs",
			"5.4.16": "Fixed crash",
			"5.4.17": "Fixed bugs",
			"5.4.18": "Fixed crash",
			"5.4.19": "Fixed curio dupe bug",
			"5.4.20": "Added 9 new abilities",
			"5.4.21": "Added too many backpacks slowness effect",
			"5.4.22": "Fixed abilities",
			"5.4.23": "Added colorable sleeping bags",
			"5.4.24": "Bug fixes",
			"5.4.25": "Added slot memory",
			"5.4.26": "Added dedicated settings menu",
			"5.4.28": "Added milk and milk effect",
			"5.4.29": "Mobs can spawn with backpack equipped",
			"5.4.31": "Added /restore command",
			"5.4.32": "Added void protection config option",
			"5.4.33": "Fixed bad coded coordinates",
			"5.4.35": "Tweaked config and commands",
			"5.4.36": "Added backpack tiers",
			"5.4.37": "Changed tier upgrades recipes",
			"5.4.38": "Added enableTierUpgrades config option",
			"5.4.39": "Added Crafting widget",
			"5.4.40": "Fixed dupe bug",
			"5.4.41": "Backpack can be placed in fluids after death",
			"5.4.42": "Added compat with gravestone mods",
			"5.4.43": "Tweaked some recipes",
			"5.4.44": "Misc",
			"5.4.45": "Misc",
			"5.4.46": "Misc",
			"5.4.47": "Added tool slots widget",
			"5.4.48": "Fixed few bugs",
			"5.4.49": "Shift + Right Click with Empty Hand allows to place backpack on the ground",
			"5.4.50": "Sleeping bag can be used without backpack",
			"5.4.51": "Added loot to chests and fixed bugs"
	},
	"1.17.1":  { 
			"6.0.0": "Initial Release",
			"6.0.1": "Fixed datapack issue",
			"6.0.2": "Fixed crash with newest Forge",
			"6.0.3": "Fixed backpack disappearing on death",
			"6.0.4": "JEI integration and more",
			"6.0.5": "Dyeable backpacks update! :>",
			"6.0.6": "More backpacks and bug fixes",
			"6.0.7": "Fixed significant FPS drop",
			"6.0.8": "Fixed dupe bug",
			"6.0.9": "Fixed spawn point setting",
			"6.0.10": "20 new backpacks",
			"6.0.11": "Added backpack abilties",
			"6.0.12": "Code cleanup",
			"6.0.13": "Fixed crash",
			"6.0.14": "Added sorting buttons",
			"6.0.15": "Fixed LAN crash",
			"6.0.16": "Fixed few bugs",
			"6.0.17": "Fixed crash",
			"6.0.18": "Fixed bugs",
			"6.0.19": "Fixed crash",
			"6.0.20": "Fixed curio dupe bug",
			"6.0.21": "Added 9 new abilities",
			"6.0.22": "Added too many backpacks slowness effect",
			"6.0.23": "Fixed abilities",
			"6.0.24": "Added colorable sleeping bags",
			"6.0.25": "Bug fixes",
			"6.0.26": "Added slot memory",
			"6.0.27": "Added dedicated settings menu",
			"6.0.29": "Added milk and milk effect",
			"6.0.30": "Mobs can spawn with backpack equipped",
			"6.0.32": "Added /restore command",
			"6.0.33": "Added void protection config option",
			"6.0.34": "Fixed bad coded coordinates",
			"6.0.36": "Tweaked config and commands",
			"6.0.37": "Added backpack Tiers",
			"6.0.38": "Changed tier upgrades recipes",
			"6.0.39": "Added enableTierUpgrades config option",
			"6.0.40": "Added Crafting widget",
			"6.0.41": "Fixed dupe bug",
			"6.0.42": "Backpack can be placed in fluids after death",
			"6.0.43": "Added compat with gravestone mods",
			"6.0.44": "Added inventory tooltip in preview",
			"6.0.45": "Misc",
			"6.0.46": "Misc",
			"6.0.47": "Misc",
			"6.0.48": "Added tool slots widget",
			"6.0.49": "Fixed few bugs",
			"6.0.50": "Shift + Right Click with Empty Hand allows to place backpack on the ground",
			"6.0.51": "Sleeping bag can be used without backpack",
			"6.0.52": "Added loot to chests and fixed bugs"
	},
	"1.18.1":  { 
			"7.0.0": "Initial Release",
			"7.0.1": "Backpack lose items bug fix",
			"7.0.2": "New backpacks",
			"7.0.3": "Fixed dupe bug",
			"7.0.4": "Fixed spawn point setting"
	},
	"1.18.2":  { 
			"7.1.0": "Initial Release",
			"7.1.1": "Fixed spawn point setting",
			"7.1.2": "20 new backpacks",
			"7.1.3": "Added backpack abilties",
			"7.1.4": "Code cleanup",
			"7.1.5": "Fixed bug with duplicating buckets",
			"7.1.6": "Fixed crash",
			"7.1.7": "Added sorting buttons",
			"7.1.8": "Fixed LAN crash",
			"7.1.9": "Fixed few bugs",
			"7.1.10": "Fixed crash",
			"7.1.11": "Fixed bugs",
			"7.1.12": "Fixed crash",
			"7.1.13": "Fixed curio dupe bug",
			"7.1.14": "Added 9 new abilities",
			"7.1.15": "Added too many backpacks slowness effect",
			"7.1.16": "Fixed abilities",
			"7.1.17": "Added colorable sleeping bags",
			"7.1.18": "Bug fixes",
			"7.1.20": "Added slot memory",
			"7.1.21": "Added dedicated settings menu",
			"7.1.23": "Added milk and milk effect",
			"7.1.24": "Mobs can spawn with backpack equipped",
			"7.1.26": "Added /restore command",
			"7.1.27": "Added void protection config option",
			"7.1.28": "Fixed bad coded coordinates",
			"7.1.30": "Tweaked config and commands",
			"7.1.31": "Added backpack Tiers",
			"7.1.32": "Changed tier upgrades recipes",
			"7.1.33": "Added enableTierUpgrades config option",
			"7.1.34": "Added Crafting widget",
			"7.1.35": "Fixed dupe bug",
			"7.1.36": "Backpack can be placed in fluids after death",
			"7.1.37": "Added compat with gravestone mods",
			"7.1.38": "Added inventory preview in tooltip",
			"7.1.39": "Misc",
			"7.1.40": "Misc",
			"7.1.41": "Misc",
			"7.1.42": "Added tool slots widget",
			"7.1.43": "Fixed few bugs",
			"7.1.44": "Shift + Right Click with Empty Hand allows to place backpack on the ground",
			"7.1.45": "Sleeping bag can be used without backpack",
			"7.1.46": "Added loot to chests and fixed bugs",
			"7.1.47": "Configuration for backpack slots",
			"7.1.48": "Added recipes to recipe book"
			
	},
	"1.19":  { 
			"8.0.0": "Initial Release",
			"8.0.1": "Fixed crashes",
			"8.0.2": "20 new backpacks",
			"8.0.3": "Added backpack abilties",
			"8.0.4": "Updated Forge",
			"8.0.5": "Fixed few bugs",
			"8.0.6": "Code cleanup",
			"8.0.7": "Fixed crash",
			"8.0.8": "Added sorting buttons"
	},
	"1.19.1":  { 
			"8.1.0": "Initial Release",
			"8.1.1": "Fixed LAN crash"
	},
	"1.19.2":  { 
			"8.2.0": "Initial Release",
			"8.2.1": "Fixed few bugs",
			"8.2.2": "Fixed crash",
			"8.2.3": "Fixed bugs",
			"8.2.4": "Fixed crash",
			"8.2.5": "Fixed curio dupe bug",
			"8.2.6": "Added 9 new abilities",
			"8.2.7": "Added too many backpacks slowness effect",
			"8.2.8": "Fixed abilities",
			"8.2.9": "Added colorable sleeping bags",
			"8.2.10": "Bug fixes",
			"8.2.11": "Added slot memory",
			"8.2.12": "Added dedicated settings menu",
			"8.2.14": "Added milk and milk effect",
			"8.2.15": "Mobs can spawn with backpack equipped",
			"8.2.17": "Added /restore command",
			"8.2.18": "Added void protection config option",
			"8.2.19": "Fixed bad coded coordinates",
			"8.2.21": "Tweaked config and commands",
			"8.2.22": "Added backpack tiers",
			"8.2.23": "Changed tier upgrades recipes",
			"8.2.24": "Missing texture hotfix",
			"8.2.25": "Added enableTierUpgrades config option",
			"8.2.26": "Added Crafting widget",
			"8.2.27": "Fixed dupe bug",
			"8.2.28": "Backpack can be placed in fluids after death",
			"8.2.29": "Added compat with gravestone mods",
			"8.2.30": "Added inventory preview in tooltip",
			"8.2.31": "Misc",
			"8.2.32": "Misc",
			"8.2.33": "Misc",
			"8.2.34": "Added tool slots widget",
			"8.2.35": "Fixed few bugs",
			"8.2.36": "Shift + Right Click with Empty Hand allows to place backpack on the ground",
			"8.2.37": "Sleeping bag can be used without backpack",
			"8.2.38": "Added loot to chests and fixed bugs",
			"8.2.39": "Configuration for backpack slots",
			"8.2.40": "Added recipes to recipe book"
	},
	"1.19.3":  { 
			"8.3.0": "Initial Release",
			"8.3.2": "Added milk and milk effect",
			"8.3.3": "Mobs can spawn with backpack equipped",
			"8.3.5": "Added /restore command",
			"8.2.6": "Added void protection config option",
			"8.2.7": "Fixed bad coded coordinates",
			"8.2.9": "Tweaked config and commands"
	},
	"1.19.4":  { 
			"8.4.2": "Tweaked config and commands",
			"8.4.3": "Added backpack tiers",
			"8.4.4": "Changed tier upgrades recipes",
			"8.4.5": "Added enableTierUpgrades config option",
			"8.4.6": "Added support for new smithing table",
			"8.4.7": "Added support for new smithing table",
			"8.4.8": "Added Crafting widget",
			"8.4.9": "Fixed dupe bug",
			"8.4.10": "Backpack can be placed in fluids after death",
			"8.4.11": "Added compat with gravestone mods",
			"8.4.12": "Added inventory preview in tooltip",
			"8.4.13": "Misc",
			"8.4.14": "Misc",
			"8.4.15": "Misc",
			"8.4.16": "Added tool slots widget",
			"8.4.17": "Fixed few bugs",
			"8.4.18": "Shift + Right Click with Empty Hand allows to place backpack on the ground",
			"8.4.19": "Sleeping bag can be used without backpack",
			"8.4.20": "Added loot to chests and fixed bugs"
	},
	"1.20":  { 
			"9.0.0": "Initial update",
			"9.0.1": "Fixed disappearing backpack on contact with water",
			"9.0.2": "Fixed smithing bug and restored Curios compat"
	},
	"1.20.1":  { 
			"9.1.0": "Initial update",
			"9.1.1": "Initial update",
			"9.1.2": "Fixed dupe bug",
			"9.1.3": "Added compat with gravestone mods",
			"9.1.4": "Added inventory preview in tooltip",
			"9.1.5": "Misc",
			"9.1.6": "Misc",
			"9.1.7": "Misc",
			"9.1.8": "Added tool slots widget",
			"9.1.9": "Fixed few bugs",
			"9.1.10": "Shift + Right Click with Empty Hand allows to place backpack on the ground",
			"9.1.11": "Sleeping bag can be used without backpack",
			"9.1.12": "Configuration for backpack slots",
			"9.1.13": "Added loot to chests and fixed bugs",
			"9.1.14": "Added recipes to recipe book",
			"9.1.15": "Improvements",
			"9.1.16": "Stopped excessive drops of backpack from mob farms, added visibility button, fixed some bugs"
	},
	"1.20.2":  { 
			"9.2.0": "Initial update",
			"9.2.1": "Fixed few bugs",
			"9.2.2": "Shift + Right Click with Empty Hand allows to place backpack on the ground",
			"9.2.3": "Sleeping bag can be used without backpack",
			"9.2.4": "Added loot to chests and fixed bugs"
	},
	"1.20.4":  { 
			"9.4.0": "Initial update",
			"9.4.1": "Configuration for backpack slots",
			"9.4.2": "Added recipes to recipe book"
	}
}
[02:55:31] [Forge Version Check/INFO] [forge.VersionCheck]: [travelersbackpack] Found status: AHEAD Target: null
[02:55:31] [Forge Version Check/INFO] [forge.VersionCheck]: [securitycraft] Starting version check at https://www.github.com/Geforce132/SecurityCraft/raw/master/Updates/Forge.json
[02:55:31] [Forge Version Check/DEBUG] [forge.VersionCheck]: [securitycraft] Received version check data:
{
    "homepage": "https://www.curseforge.com/minecraft/mc-mods/security-craft/",
    "promos": {
        "1.7.10-latest": "v1.8.13",
        "1.7.10-recommended": "v1.8.13",
        "1.8-latest": "v1.8.12.1",
        "1.8-recommended": "v1.8.12.1",
        "1.8.8-latest": "v1.8.12.1",
        "1.8.8-recommended": "v1.8.12.1",
        "1.8.9-latest": "v1.8.12.1",
        "1.8.9-recommended": "v1.8.12.1",
        "1.9.4-latest": "v1.8.12",
        "1.9.4-recommended": "v1.8.12",
        "1.10.2-latest": "v1.8.12",
        "1.10.2-recommended": "v1.8.12",
        "1.11.2-latest": "v1.8.12.1",
        "1.11.2-recommended": "v1.8.12.1",
        "1.12-latest": "v1.8.8.1",
        "1.12-recommended": "v1.8.8.1",
        "1.12.1-latest": "v1.8.8.1",
        "1.12.1-recommended": "v1.8.8.1",
        "1.13.2-latest": "v1.8.13",
        "1.13.2-recommended": "v1.8.13",
        "1.14.3-latest": "v1.8.12-beta2",
        "1.14.3-recommended": "v1.8.12-beta2",
        "1.14.4-latest": "v1.8.22.2",
        "1.14.4-recommended": "v1.8.22.2",
        "1.15.1-latest": "v1.8.15-beta2",
        "1.15.1-recommended": "v1.8.15-beta2",
        "1.15.2-latest": "v1.9.1",
        "1.15.2-recommended": "v1.9.1",
        "1.16.1-latest": "v1.8.19.3",
        "1.16.1-recommended": "v1.8.19.3",
        "1.16.2-latest": "v1.8.19.3",
        "1.16.2-recommended": "v1.8.19.3",
        "1.16.3-latest": "v1.8.21.1",
        "1.16.3-recommended": "v1.8.21.1",
        "1.16.4-latest": "v1.8.21.1",
        "1.16.4-recommended": "v1.8.21.1",
        "1.17.1-latest": "1.9.5",
        "1.17.1-recommended": "1.9.5",
        "1.18.1-latest": "1.9.0.2-beta1",
        "1.18.1-recommended": "1.9.0.2-beta1",
        "1.19-latest": "1.9.3.1",
        "1.19-recommended": "1.9.3.1",
        "1.19.1-latest": "1.9.3.1",
        "1.19.1-recommended": "1.9.3.1",
        "1.19.2-latest": "1.9.6.1",
        "1.19.2-recommended": "1.9.6.1",
        "1.19.3-latest": "1.9.8",
        "1.19.3-recommended": "1.9.8",
        "1.20-latest": "1.9.7-beta2",
        "1.20-recommended": "1.9.7-beta2",
        "1.20.2-latest": "1.9.9",
        "1.20.2-recommended": "1.9.9",
        "1.21-latest": "1.9.10-beta7",
        "1.21-recommended": "1.9.10-beta7",
        "1.21.2-latest": "1.9.11-beta2",
        "1.21.2-recommended": "1.9.11-beta2",
        "1.21.6-latest": "1.10-beta3",
        "1.21.6-recommended": "1.10-beta3",
        "1.21.7-latest": "1.10-beta1",
        "1.21.7-recommended": "1.10-beta1",

        "1.12.2-latest": "v1.10",
        "1.12.2-recommended": "v1.10",
        "1.16.5-latest": "v1.10.0.1",
        "1.16.5-recommended": "v1.10.0.1",
        "1.18.2-latest": "1.10",
        "1.18.2-recommended": "1.10",
        "1.19.4-latest": "1.10.0.1",
        "1.19.4-recommended": "1.10.0.1",
        "1.20.1-latest": "1.10.0.1",
        "1.20.1-recommended": "1.10.0.1",
        "1.20.4-latest": "1.10",
        "1.20.4-recommended": "1.10",
        "1.20.6-latest": "1.10",
        "1.20.6-recommended": "1.10",
        "1.21.1-latest": "1.10",
        "1.21.1-recommended": "1.10",
        "1.21.3-latest": "1.10",
        "1.21.3-recommended": "1.10",
        "1.21.4-latest": "1.10",
        "1.21.4-recommended": "1.10",
        "1.21.5-latest": "1.10-beta3",
        "1.21.5-recommended": "1.10-beta3",
        "1.21.8-latest": "1.10-beta1",
        "1.21.8-recommended": "1.10-beta1"
    },
    "1.7.10": {
        "v1.8.13": "https://github.com/Geforce132/SecurityCraft/blob/eol/1.7.10/Changelog%20v1.8.x.md"
    },
    "1.8": {
        "v1.8.12": "https://github.com/Geforce132/SecurityCraft/blob/eol/1.8/Changelog%20v1.8.x.md"
    },
    "1.8.8": {
        "v1.8.12.1": "https://github.com/Geforce132/SecurityCraft/blob/eol/1.8.9/Changelog%20v1.8.x.md"
    },
    "1.8.9": {
        "v1.8.12.1": "https://github.com/Geforce132/SecurityCraft/blob/eol/1.8.9/Changelog%20v1.8.x.md"
    },
    "1.9.4": {
        "v1.8.12": "https://github.com/Geforce132/SecurityCraft/blob/eol/1.9.4/Changelog%20v1.8.x.md"
    },
    "1.10.2": {
        "v1.8.12": "https://github.com/Geforce132/SecurityCraft/blob/eol/1.10.2/Changelog%20v1.8.x.md"
    },
    "1.11.2": {
        "v1.8.12.1": "https://github.com/Geforce132/SecurityCraft/blob/eol/1.11.2/Changelog%20v1.8.x.md"
    },
    "1.12": {
        "v1.8.8.1": "https://github.com/Geforce132/SecurityCraft/blob/54061f84f188c33db291770e550c4c84a927194c/Changelog%20v1.8.x.md"
    },
    "1.12.1": {
        "v1.8.8.1": "https://github.com/Geforce132/SecurityCraft/blob/54061f84f188c33db291770e550c4c84a927194c/Changelog%20v1.8.x.md"
    },
    "1.13.2": {
        "v1.8.13": "https://github.com/Geforce132/SecurityCraft/blob/eol/1.13.2/Changelog%20v1.8.x.md"
    },
    "1.14.3": {
        "v1.8.12-beta2": "https://github.com/Geforce132/SecurityCraft/blob/b20ce0945abdccb8f2b6abaea5d26c28d0a3b916/Changelog%20v1.8.x.md"
    },
    "1.14.4": {
        "v1.8.22.2": "https://github.com/Geforce132/SecurityCraft/blob/eol/1.14.4/Changelog%20v1.8.x.md"
    },
    "1.15.1": {
        "v1.8.15-beta2": "https://github.com/Geforce132/SecurityCraft/blob/04f414232af5250193ed610da93696a830584cc9/Changelog%20v1.8.x.md"
    },
    "1.15.2": {
        "v1.9.1": "https://github.com/Geforce132/SecurityCraft/blob/eol/1.15.2/Changelog.md"
    },
    "1.16.1": {
        "v1.8.19.3": "https://github.com/Geforce132/SecurityCraft/blob/eol/1.16.1/Changelog%20v1.8.x.md"
    },
    "1.16.2": {
        "v1.8.19.3": "https://github.com/Geforce132/SecurityCraft/blob/2c1c0868dd26f8870bae1b8c0d57041cab3ba897/Changelog%20v1.8.x.md"
    },
    "1.16.3": {
        "v1.8.21.1": "https://github.com/Geforce132/SecurityCraft/blob/44460188b9bf30b94f122ba362092cba5e76e0d2/Changelog%20v1.8.x.md"
    },
    "1.16.4": {
        "v1.8.21.1": "https://github.com/Geforce132/SecurityCraft/blob/44460188b9bf30b94f122ba362092cba5e76e0d2/Changelog%20v1.8.x.md"
    },
    "1.17.1": {
        "1.9.5": "https://github.com/Geforce132/SecurityCraft/blob/eol/1.17.1/Changelog.md"
    },
    "1.18.1": {
        "1.9.0.2-beta1": "https://github.com/Geforce132/SecurityCraft/blob/eol/1.18.1/Changelog.md"
    },
    "1.19": {
        "1.9.3.1": "https://github.com/Geforce132/SecurityCraft/blob/eol/1.19/Changelog.md"
    },
    "1.19.1": {
        "1.9.3.1": "https://github.com/Geforce132/SecurityCraft/blob/c60edcc5881fc8ca4394bfeae3254ab0d693ab5e/Changelog.md"
    },
    "1.19.2": {
        "1.9.6.1": "https://github.com/Geforce132/SecurityCraft/blob/eol/1.19.2/Changelog.md"
    },
    "1.19.3": {
        "1.9.8": "https://github.com/Geforce132/SecurityCraft/blob/eol/1.19.3/Changelog.md"
    },
    "1.20": {
        "1.9.7-beta2": "https://github.com/Geforce132/SecurityCraft/blob/2e41d10948280cfdfe693e52c3580adf5f0cb18c/Changelog.md"
    },
    "1.20.2": {
        "1.9.9": "https://github.com/Geforce132/SecurityCraft/blob/eol/1.20.2/Changelog.md"
    },
    "1.21": {
        "1.9.10-beta7": "https://github.com/Geforce132/SecurityCraft/blob/a74d63ec9796e54c5bd8d22c18a320146560a753/Changelog.md"
    },
    "1.21.2": {
        "1.9.11-beta2": "https://github.com/Geforce132/SecurityCraft/blob/63c87ccbc661cecac0e75d54b81b571a3d17a29e/Changelog.md"
    },
    "1.21.6": {
        "1.10-beta3": "https://github.com/Geforce132/SecurityCraft/blob/eol/1.21.6/Changelog.md"
    },
    "1.21.7": {
        "1.10-beta1": "https://github.com/Geforce132/SecurityCraft/blob/eol/1.21.7/Changelog.md"
    },

    "1.12.2": {
        "v1.10": "https://github.com/Geforce132/SecurityCraft/blob/1.12.2/Changelog.md"
    },
    "1.16.5": {
        "v1.10.0.1": "https://github.com/Geforce132/SecurityCraft/blob/1.16.5/Changelog.md"
    },
    "1.18.2": {
        "1.10": "https://github.com/Geforce132/SecurityCraft/blob/1.18.2/Changelog.md"
    },
    "1.19.4": {
        "1.10.0.1": "https://github.com/Geforce132/SecurityCraft/blob/1.19.4/Changelog.md"
    },
    "1.20.1": {
        "1.10.0.1": "https://github.com/Geforce132/SecurityCraft/blob/1.20.1/Changelog.md"
    },
    "1.20.4": {
        "1.10": "https://github.com/Geforce132/SecurityCraft/blob/1.20.4/Changelog.md"
    },
    "1.20.6": {
        "1.10": "https://github.com/Geforce132/SecurityCraft/blob/1.20.6/Changelog.md"
    },
    "1.21.1": {
        "1.10": "https://github.com/Geforce132/SecurityCraft/blob/1.21.1/Changelog.md"
    },
    "1.21.3": {
        "1.10": "https://github.com/Geforce132/SecurityCraft/blob/1.21.3/Changelog.md"
    },
    "1.21.4": {
        "1.10": "https://github.com/Geforce132/SecurityCraft/blob/1.21.4/Changelog.md"
    },
    "1.21.5": {
        "1.10-beta3": "https://github.com/Geforce132/SecurityCraft/blob/1.21.5/Changelog.md"
    },
    "1.21.8": {
        "1.10-beta1": "https://github.com/Geforce132/SecurityCraft/blob/1.21.8/Changelog.md"
    }
}
[02:55:31] [Forge Version Check/INFO] [forge.VersionCheck]: [securitycraft] Found status: UP_TO_DATE Target: null
[02:55:31] [Forge Version Check/INFO] [forge.VersionCheck]: [simpletomb] Starting version check at https://raw.githubusercontent.com/Lothrazar/tombstone-fork/trunk/1.12/update.json
[02:55:31] [Forge Version Check/DEBUG] [forge.VersionCheck]: Failed to process update information
java.io.FileNotFoundException: https://raw.githubusercontent.com/Lothrazar/tombstone-fork/trunk/1.12/update.json
	at sun.reflect.NativeConstructorAccessorImpl.newInstance0(Native Method) ~[?:1.8.0_462]
	at sun.reflect.NativeConstructorAccessorImpl.newInstance(NativeConstructorAccessorImpl.java:62) ~[?:1.8.0_462]
	at sun.reflect.DelegatingConstructorAccessorImpl.newInstance(DelegatingConstructorAccessorImpl.java:45) ~[?:1.8.0_462]
	at java.lang.reflect.Constructor.newInstance(Constructor.java:423) ~[?:1.8.0_462]
	at sun.net.www.protocol.http.HttpURLConnection$10.run(HttpURLConnection.java:1969) ~[?:1.8.0_462]
	at sun.net.www.protocol.http.HttpURLConnection$10.run(HttpURLConnection.java:1964) ~[?:1.8.0_462]
	at java.security.AccessController.doPrivileged(Native Method) ~[?:1.8.0_462]
	at sun.net.www.protocol.http.HttpURLConnection.getChainedException(HttpURLConnection.java:1963) ~[?:1.8.0_462]
	at sun.net.www.protocol.http.HttpURLConnection.getInputStream0(HttpURLConnection.java:1533) ~[?:1.8.0_462]
	at sun.net.www.protocol.http.HttpURLConnection.access$200(HttpURLConnection.java:94) ~[?:1.8.0_462]
	at sun.net.www.protocol.http.HttpURLConnection$9.run(HttpURLConnection.java:1509) ~[?:1.8.0_462]
	at sun.net.www.protocol.http.HttpURLConnection$9.run(HttpURLConnection.java:1507) ~[?:1.8.0_462]
	at java.security.AccessController.doPrivileged(Native Method) ~[?:1.8.0_462]
	at java.security.AccessController.doPrivilegedWithCombiner(AccessController.java:784) ~[?:1.8.0_462]
	at sun.net.www.protocol.http.HttpURLConnection.getInputStream(HttpURLConnection.java:1506) ~[?:1.8.0_462]
	at sun.net.www.protocol.https.HttpsURLConnectionImpl.getInputStream(HttpsURLConnectionImpl.java:268) ~[?:1.8.0_462]
	at net.minecraftforge.common.ForgeVersion$1.openUrlStream(ForgeVersion.java:239) ~[ForgeVersion$1.class:14.23.5.2860]
	at net.minecraftforge.common.ForgeVersion$1.process(ForgeVersion.java:252) [ForgeVersion$1.class:14.23.5.2860]
	at net.minecraftforge.common.ForgeVersion$1.run(ForgeVersion.java:201) [ForgeVersion$1.class:14.23.5.2860]
Caused by: java.io.FileNotFoundException: https://raw.githubusercontent.com/Lothrazar/tombstone-fork/trunk/1.12/update.json
	at sun.net.www.protocol.http.HttpURLConnection.getInputStream0(HttpURLConnection.java:1915) ~[?:1.8.0_462]
	at sun.net.www.protocol.http.HttpURLConnection.access$200(HttpURLConnection.java:94) ~[?:1.8.0_462]
	at sun.net.www.protocol.http.HttpURLConnection$9.run(HttpURLConnection.java:1509) ~[?:1.8.0_462]
	at sun.net.www.protocol.http.HttpURLConnection$9.run(HttpURLConnection.java:1507) ~[?:1.8.0_462]
	at java.security.AccessController.doPrivileged(Native Method) ~[?:1.8.0_462]
	at java.security.AccessController.doPrivilegedWithCombiner(AccessController.java:784) ~[?:1.8.0_462]
	at sun.net.www.protocol.http.HttpURLConnection.getInputStream(HttpURLConnection.java:1506) ~[?:1.8.0_462]
	at java.net.HttpURLConnection.getResponseCode(HttpURLConnection.java:480) ~[?:1.8.0_462]
	at sun.net.www.protocol.https.HttpsURLConnectionImpl.getResponseCode(HttpsURLConnectionImpl.java:352) ~[?:1.8.0_462]
	at net.minecraftforge.common.ForgeVersion$1.openUrlStream(ForgeVersion.java:223) ~[ForgeVersion$1.class:14.23.5.2860]
	... 2 more
[02:55:31] [Forge Version Check/INFO] [forge.VersionCheck]: [forge] Starting version check at http://files.minecraftforge.net/maven/net/minecraftforge/forge/promotions_slim.json
[02:55:31] [Server thread/TRACE] [FML]: Sent event FMLPreInitializationEvent to mod securitycraft
[02:55:31] [Server thread/DEBUG] [FML]: Bar Step: PreInitialization - SecurityCraft took 0.772s
[02:55:31] [Server thread/TRACE] [FML]: Sending event FMLPreInitializationEvent to mod carryon
[02:55:31] [Server thread/TRACE] [FML]: Sent event FMLPreInitializationEvent to mod carryon
[02:55:31] [Server thread/DEBUG] [FML]: Bar Step: PreInitialization - Carry On took 0.023s
[02:55:31] [Server thread/TRACE] [FML]: Sending event FMLPreInitializationEvent to mod creativecore
[02:55:31] [Server thread/TRACE] [FML]: Sent event FMLPreInitializationEvent to mod creativecore
[02:55:31] [Server thread/DEBUG] [FML]: Bar Step: PreInitialization - CreativeCore took 0.064s
[02:55:31] [Server thread/TRACE] [FML]: Sending event FMLPreInitializationEvent to mod cgm
[02:55:32] [Server thread/WARN] [net.minecraft.network.datasync.EntityDataManager]: defineId called for: class net.minecraft.entity.player.EntityPlayer from class com.mrcrayfish.guns.event.CommonEvents
[02:55:32] [Server thread/WARN] [net.minecraft.network.datasync.EntityDataManager]: defineId called for: class net.minecraft.entity.player.EntityPlayer from class com.mrcrayfish.guns.event.CommonEvents
[02:55:32] [Server thread/TRACE] [FML]: Sent event FMLPreInitializationEvent to mod cgm
[02:55:32] [Server thread/DEBUG] [FML]: Bar Step: PreInitialization - MrCrayfish's Gun Mod took 0.083s
[02:55:32] [Server thread/TRACE] [FML]: Sending event FMLPreInitializationEvent to mod waila
[02:55:32] [Server thread/TRACE] [FML]: Sent event FMLPreInitializationEvent to mod waila
[02:55:32] [Server thread/DEBUG] [FML]: Bar Step: PreInitialization - Waila took 0.025s
[02:55:32] [Server thread/TRACE] [FML]: Sending event FMLPreInitializationEvent to mod jei
[02:55:32] [Server thread/TRACE] [FML]: Sent event FMLPreInitializationEvent to mod jei
[02:55:32] [Server thread/DEBUG] [FML]: Bar Step: PreInitialization - Just Enough Items took 0.015s
[02:55:32] [Server thread/TRACE] [FML]: Sending event FMLPreInitializationEvent to mod journeymap
[02:55:32] [Server thread/TRACE] [FML]: Sent event FMLPreInitializationEvent to mod journeymap
[02:55:32] [Server thread/DEBUG] [FML]: Bar Step: PreInitialization - JourneyMap took 0.001s
[02:55:32] [Server thread/TRACE] [FML]: Sending event FMLPreInitializationEvent to mod netherite1_12_2
[02:55:32] [Server thread/TRACE] [FML]: Sent event FMLPreInitializationEvent to mod netherite1_12_2
[02:55:32] [Server thread/DEBUG] [FML]: Bar Step: PreInitialization - Netherite (1.12.2) took 0.010s
[02:55:32] [Server thread/TRACE] [FML]: Sending event FMLPreInitializationEvent to mod nocubessrparmory
[02:55:32] [Forge Version Check/DEBUG] [forge.VersionCheck]: [forge] Received version check data:
{
  "homepage": "https://files.minecraftforge.net/net/minecraftforge/forge/",
  "promos": {
    "1.1-latest": "1.3.4.29",
    "1.2.3-latest": "1.4.1.64",
    "1.2.4-latest": "2.0.0.68",
    "1.2.5-latest": "3.4.9.171",
    "1.3.2-latest": "4.3.5.318",
    "1.4.0-latest": "5.0.0.326",
    "1.4.1-latest": "6.0.0.329",
    "1.4.2-latest": "6.0.1.355",
    "1.4.3-latest": "6.2.1.358",
    "1.4.4-latest": "6.3.0.378",
    "1.4.5-latest": "6.4.2.448",
    "1.4.6-latest": "6.5.0.489",
    "1.4.7-latest": "6.6.2.534",
    "1.5-latest": "7.7.0.598",
    "1.5.1-latest": "7.7.2.682",
    "1.5.2-latest": "7.8.1.738",
    "1.5.2-recommended": "7.8.1.738",
    "1.6.1-latest": "8.9.0.775",
    "1.6.2-latest": "9.10.1.871",
    "1.6.2-recommended": "9.10.1.871",
    "1.6.3-latest": "9.11.0.878",
    "1.6.4-latest": "9.11.1.1345",
    "1.6.4-recommended": "9.11.1.1345",
    "1.7.2-latest": "10.12.2.1161",
    "1.7.2-recommended": "10.12.2.1161",
    "1.7.10_pre4-latest": "10.12.2.1149",
    "1.7.10-latest": "10.13.4.1614",
    "1.7.10-recommended": "10.13.4.1614",
    "1.8-latest": "11.14.4.1577",
    "1.8-recommended": "11.14.4.1563",
    "1.8.8-latest": "11.15.0.1655",
    "1.8.9-latest": "11.15.1.2318",
    "1.8.9-recommended": "11.15.1.2318",
    "1.9-latest": "12.16.1.1938",
    "1.9-recommended": "12.16.1.1887",
    "1.9.4-latest": "12.17.0.2317",
    "1.9.4-recommended": "12.17.0.2317",
    "1.10-latest": "12.18.0.2000",
    "1.10.2-latest": "12.18.3.2511",
    "1.10.2-recommended": "12.18.3.2511",
    "1.11-latest": "13.19.1.2199",
    "1.11-recommended": "13.19.1.2189",
    "1.11.2-latest": "13.20.1.2588",
    "1.11.2-recommended": "13.20.1.2588",
    "1.12-latest": "14.21.1.2443",
    "1.12-recommended": "14.21.1.2387",
    "1.12.1-latest": "14.22.1.2485",
    "1.12.1-recommended": "14.22.1.2478",
    "1.12.2-latest": "14.23.5.2860",
    "1.12.2-recommended": "14.23.5.2859",
    "1.13.2-latest": "25.0.223",
    "1.14.2-latest": "26.0.63",
    "1.14.3-latest": "27.0.60",
    "1.14.4-latest": "28.2.26",
    "1.14.4-recommended": "28.2.26",
    "1.15-latest": "29.0.4",
    "1.15.1-latest": "30.0.51",
    "1.15.2-latest": "31.2.60",
    "1.15.2-recommended": "31.2.57",
    "1.16.1-latest": "32.0.108",
    "1.16.2-latest": "33.0.61",
    "1.16.3-latest": "34.1.42",
    "1.16.3-recommended": "34.1.0",
    "1.16.4-latest": "35.1.37",
    "1.16.4-recommended": "35.1.4",
    "1.16.5-latest": "36.2.42",
    "1.16.5-recommended": "36.2.34",
    "1.17.1-latest": "37.1.1",
    "1.17.1-recommended": "37.1.1",
    "1.18-latest": "38.0.17",
    "1.18.1-latest": "39.1.2",
    "1.18.1-recommended": "39.1.0",
    "1.18.2-recommended": "40.3.0",
    "1.18.2-latest": "40.3.11",
    "1.19-latest": "41.1.0",
    "1.19-recommended": "41.1.0",
    "1.19.1-latest": "42.0.9",
    "1.19.2-recommended": "43.5.0",
    "1.19.2-latest": "43.5.1",
    "1.19.3-latest": "44.1.23",
    "1.19.3-recommended": "44.1.0",
    "1.19.4-recommended": "45.4.0",
    "1.19.4-latest": "45.4.2",
    "1.20-latest": "46.0.14",
    "1.20.1-recommended": "47.4.0",
    "1.20.1-latest": "47.4.6",
    "1.20.2-latest": "48.1.0",
    "1.20.2-recommended": "48.1.0",
    "1.20.3-latest": "49.0.2",
    "1.20.4-latest": "49.2.0",
    "1.20.4-recommended": "49.2.0",
    "1.20.6-latest": "50.2.1",
    "1.20.6-recommended": "50.2.0",
    "1.21-latest": "51.0.33",
    "1.21.1-latest": "52.1.3",
    "1.21.1-recommended": "52.1.0",
    "1.21.3-latest": "53.1.2",
    "1.21.3-recommended": "53.1.0",
    "1.21.4-latest": "54.1.6",
    "1.21.4-recommended": "54.1.0",
    "1.21.5-latest": "55.1.0",
    "1.21.5-recommended": "55.1.0",
    "1.21.6-latest": "56.0.9",
    "1.21.7-latest": "57.0.3",
    "1.21.8-latest": "58.1.0",
    "1.21.8-recommended": "58.1.0"
  }
}
[02:55:32] [Forge Version Check/INFO] [forge.VersionCheck]: [forge] Found status: AHEAD Target: null
[02:55:32] [Forge Version Check/INFO] [forge.VersionCheck]: [techguns] Starting version check at https://raw.githubusercontent.com/pWn3d1337/Techguns2/master/update.json
[02:55:32] [Server thread/TRACE] [FML]: Sent event FMLPreInitializationEvent to mod nocubessrparmory
[02:55:32] [Server thread/DEBUG] [FML]: Bar Step: PreInitialization - SRP: Combat Addon (by NoCube) took 0.075s
[02:55:32] [Server thread/TRACE] [FML]: Sending event FMLPreInitializationEvent to mod nocubessrpnests
[02:55:32] [Forge Version Check/DEBUG] [forge.VersionCheck]: [techguns] Received version check data:
{
  "homepage": "https://github.com/pWn3d1337/Techguns2",
  "1.12.2": {
    "2.0.1.2": "Beta"
  },
  "promos": {
    "1.12.2-latest": "2.0.1.2",
    "1.12.2-recommended": "2.0.1.2"
  }
}
[02:55:32] [Forge Version Check/INFO] [forge.VersionCheck]: [techguns] Found status: AHEAD Target: null
[02:55:32] [Forge Version Check/INFO] [forge.VersionCheck]: [llibrary] Starting version check at https://gist.githubusercontent.com/Gegy/a6639456aeb8edd92cbf7cbfcf9d65d9/raw/llibrary_updates.json
[02:55:32] [Forge Version Check/DEBUG] [forge.VersionCheck]: [llibrary] Received version check data:
{
  "homepage": "https://minecraft.curseforge.com/projects/llibrary",
  "1.10.2": {
    "1.7.4": "* Allow custom particles for Tabula baked models\n* Support transformations for Tabula baked models\n* If cuboid has a transparent texture, each face will be rendered both inward and outwards\n* Fix occasional jitter when rendering the LLibrary patron cube\n* Fix the LLibrary logger not printing formatted strings",
    "1.7.5": "* Add support for Qubble JSON models\n* Fix baked tabula texture error on newer Forge versions\n* Deprecate update checker if favor of Forge checker",
    "1.7.6": "* Implement fast-fail for untransformed RuntimePatchers\n* Implement more ASM patch predicates",
    "1.7.7": "+ Add ItemTESRContext, allowing mods to retrieve context of an Item TESR such as perspective and NBT\n + View distance override event\n + ApplyRenderRotationsEvent, allowing mods to apply rotations to the player"
  },
  "1.11.2": {
    "1.7.4": "* Allow custom particles for Tabula baked models\n* Support transformations for Tabula baked models\n* If cuboid has a transparent texture, each face will be rendered both inward and outwards\n* Fix occasional jitter when rendering the LLibrary patron cube\n* Fix the LLibrary logger not printing formatted strings",
    "1.7.5": "* Add support for Qubble JSON models\n* Fix baked tabula texture error on newer Forge versions\n* Deprecate update checker if favor of Forge checker",
    "1.7.6": "* Implement fast-fail for untransformed RuntimePatchers\n* Implement more ASM patch predicates",
    "1.7.7": "+ Add ItemTESRContext, allowing mods to retrieve context of an Item TESR such as perspective and NBT\n + View distance override event\n + ApplyRenderRotationsEvent, allowing mods to apply rotations to the player",
    "1.7.10": "* Fix log spam related to issues with config system\n* Fix texture mirroring on Tabula models\n* Fix techne texture parsing\n* Fix crashes related to patron effect with some mods\n* Enable COMPUTE_FRAMES for RuntimePatchers, allowing for more complex transforms",
    "1.7.11": "* Fix server crash"
  },
  "1.12": {
    "1.7.6": "* Initial port to 1.12",
    "1.7.7": "+ Add ItemTESRContext, allowing mods to retrieve context of an Item TESR such as perspective and NBT\n + View distance override event\n + ApplyRenderRotationsEvent, allowing mods to apply rotations to the player",
    "1.7.8": "* Fix LLibrary patron effect being displayed incorrectly\n* Fix TabulaModel mirror not being set",
    "1.7.9": "* Fix a crash when game profile id was null\n* Fix a crash with MineLittlePony due to replacement of arm renderers\n* Fix invalid logger formatting for the TabulaModelHelper\n+ Add dispose method to Element, called when the element is no longer used"
  },
  "1.12.1": {
    "1.7.7": "* Initial port to 1.12.1",
    "1.7.8": "* Fix LLibrary patron effect being displayed incorrectly\n* Fix TabulaModel mirror not being set",
    "1.7.9": "* Fix a crash when game profile id was null\n* Fix a crash with MineLittlePony due to replacement of arm renderers\n* Fix invalid logger formatting for the TabulaModelHelper\n+ Add dispose method to Element, called when the element is no longer used"
  },
  "1.12.2": {
    "1.7.7": "* Initial port to 1.12.2",
    "1.7.8": "* Fix LLibrary patron effect being displayed incorrectly\n* Fix TabulaModel mirror not being set",
    "1.7.9": "* Fix a crash when game profile id was null\n* Fix a crash with MineLittlePony due to replacement of arm renderers\n* Fix invalid logger formatting for the TabulaModelHelper\n+ Add dispose method to Element, called when the element is no longer used",
    "1.7.10": "* Fix log spam related to issues with config system\n* Fix techne texture parsing\n* Fix crashes related to patron effect with some mods\n* Enable COMPUTE_FRAMES for RuntimePatchers, allowing for more complex transforms\n* Fix mod signature",
    "1.7.11": "* Fix server crash",
    "1.7.12": "* Fix crash with sponge",
    "1.7.13": "* Fix memory leak relating to entities not being removed from cache",
    "1.7.14": "* Fix occasional crash on player death",
    "1.7.15": "* Optimize entity data lookup\n* Add opacity controls to AdvancedModelRenderers (@BobMowzie)\n* Add helper methods to AdvancedModelRenderer allowing transformation of positions into world or model space",
    "1.7.17": "* Fix crash on newer forge versions",
    "1.7.18": "* Fix LLibrary crashing without a report in some circumstances",
    "1.7.19": "* Optimize entity property tracking system (@Shadows-of-Fire)",
    "1.7.20": "* Don't print a misleading crash report on failure to receive data from URL"
  },
  "promos": {
    "1.10.2-latest": "1.7.7",
    "1.10.2-recommended": "1.7.6",
    "1.11.2-latest": "1.7.11",
    "1.11.2-recommended": "1.7.11",
    "1.12-latest": "1.7.9",
    "1.12-recommended": "1.7.9",
    "1.12.1-latest": "1.7.9",
    "1.12.1-recommended": "1.7.9",
    "1.12.2-latest": "1.7.20",
    "1.12.2-recommended": "1.7.20"
  }
}
[02:55:32] [Forge Version Check/INFO] [forge.VersionCheck]: [llibrary] Found status: UP_TO_DATE Target: null
[02:55:32] [Server thread/TRACE] [FML]: Sent event FMLPreInitializationEvent to mod nocubessrpnests
[02:55:32] [Server thread/DEBUG] [FML]: Bar Step: PreInitialization - SRP: Nests Addon (by NoCube) took 0.066s
[02:55:32] [Server thread/TRACE] [FML]: Sending event FMLPreInitializationEvent to mod nocubessrpsurvival
[02:55:32] [Server thread/TRACE] [FML]: Sent event FMLPreInitializationEvent to mod nocubessrpsurvival
[02:55:32] [Server thread/DEBUG] [FML]: Bar Step: PreInitialization - SRP: Survival Addon (by NoCube) took 0.064s
[02:55:32] [Server thread/TRACE] [FML]: Sending event FMLPreInitializationEvent to mod playerrevive
[02:55:32] [Server thread/TRACE] [FML]: Sent event FMLPreInitializationEvent to mod playerrevive
[02:55:32] [Server thread/DEBUG] [FML]: Bar Step: PreInitialization - Player Revive took 0.001s
[02:55:32] [Server thread/TRACE] [FML]: Sending event FMLPreInitializationEvent to mod srparasites
[02:55:32] [Server thread/INFO] [srparasites]: [MOD COMPATIBILITY] Checked for 2 mods that may be in the list that need patches or alternative code
[02:55:32] [Server thread/TRACE] [FML]: Sent event FMLPreInitializationEvent to mod srparasites
[02:55:32] [Server thread/DEBUG] [FML]: Bar Step: PreInitialization - Scape and Run Parasites took 0.216s
[02:55:32] [Server thread/TRACE] [FML]: Sending event FMLPreInitializationEvent to mod overlast
[02:55:32] [Server thread/TRACE] [FML]: Sent event FMLPreInitializationEvent to mod overlast
[02:55:32] [Server thread/DEBUG] [FML]: Bar Step: PreInitialization - Parasites Addon : OverLast took 0.011s
[02:55:32] [Server thread/TRACE] [FML]: Sending event FMLPreInitializationEvent to mod simpletomb
[02:55:32] [Server thread/WARN] [FML]: Potentially Dangerous alternative prefix `simpletomb:` for name `tombstone`, expected `simpletomb`. This could be a intended override, but in most cases indicates a broken mod.
[02:55:32] [Server thread/TRACE] [FML]: Sent event FMLPreInitializationEvent to mod simpletomb
[02:55:32] [Server thread/DEBUG] [FML]: Bar Step: PreInitialization - Simple Tomb took 0.008s
[02:55:32] [Server thread/TRACE] [FML]: Sending event FMLPreInitializationEvent to mod techguns
[02:55:33] [Server thread/TRACE] [FML]: Automatically registered mod techguns entity GenericProjectile as techguns:genericprojectile
[02:55:33] [Server thread/TRACE] [FML]: Automatically registered mod techguns entity GenericProjectileIncendiary as techguns:genericprojectileincendiary
[02:55:33] [Server thread/TRACE] [FML]: Automatically registered mod techguns entity RocketProjectile as techguns:rocketprojectile
[02:55:33] [Server thread/TRACE] [FML]: Automatically registered mod techguns entity StoneBulletProjectile as techguns:stonebulletprojectile
[02:55:33] [Server thread/TRACE] [FML]: Automatically registered mod techguns entity BioGunProjectile as techguns:biogunprojectile
[02:55:33] [Server thread/TRACE] [FML]: Automatically registered mod techguns entity FlamethrowerProjectile as techguns:flamethrowerprojectile
[02:55:33] [Server thread/TRACE] [FML]: Automatically registered mod techguns entity GrenadeProjectile as techguns:grenadeprojectile
[02:55:33] [Server thread/TRACE] [FML]: Automatically registered mod techguns entity Grenade40mmProjectile as techguns:grenade40mmprojectile
[02:55:33] [Server thread/TRACE] [FML]: Automatically registered mod techguns entity LaserProjectile as techguns:laserprojectile
[02:55:33] [Server thread/TRACE] [FML]: Automatically registered mod techguns entity TeslaProjectile as techguns:teslaprojectile
[02:55:33] [Server thread/TRACE] [FML]: Automatically registered mod techguns entity NDRProjectile as techguns:ndrprojectile
[02:55:33] [Server thread/TRACE] [FML]: Automatically registered mod techguns entity BlasterProjectile as techguns:blasterprojectile
[02:55:33] [Server thread/TRACE] [FML]: Automatically registered mod techguns entity GaussProjectile as techguns:gaussprojectile
[02:55:33] [Server thread/TRACE] [FML]: Automatically registered mod techguns entity AdvancedBulletProjectile as techguns:advancedbulletprojectile
[02:55:33] [Server thread/TRACE] [FML]: Automatically registered mod techguns entity GuidedMissileProjectile as techguns:guidedmissileprojectile
[02:55:33] [Server thread/TRACE] [FML]: Automatically registered mod techguns entity DeatomizerProjectile as techguns:deatomizerprojectile
[02:55:33] [Server thread/TRACE] [FML]: Automatically registered mod techguns entity AlienBlasterProjectile as techguns:alienblasterprojectile
[02:55:33] [Server thread/TRACE] [FML]: Automatically registered mod techguns entity SonicShotgunProjectile as techguns:sonicshotgunprojectile
[02:55:33] [Server thread/TRACE] [FML]: Automatically registered mod techguns entity CyberdemonBlasterProjectile as techguns:cyberdemonblasterprojectile
[02:55:33] [Server thread/TRACE] [FML]: Automatically registered mod techguns entity PowerHammerProjectile as techguns:powerhammerprojectile
[02:55:33] [Server thread/TRACE] [FML]: Automatically registered mod techguns entity ChainsawProjectile as techguns:chainsawprojectile
[02:55:33] [Server thread/TRACE] [FML]: Automatically registered mod techguns entity FragGrenadeProjectile as techguns:fraggrenadeprojectile
[02:55:33] [Server thread/TRACE] [FML]: Automatically registered mod techguns entity RocketProjectileNuke as techguns:rocketprojectilenuke
[02:55:33] [Server thread/TRACE] [FML]: Automatically registered mod techguns entity TFGProjectile as techguns:tfgprojectile
[02:55:33] [Server thread/TRACE] [FML]: Automatically registered mod techguns entity GenericProjectileExplosive as techguns:genericprojectileexplosive
[02:55:33] [Server thread/TRACE] [FML]: Automatically registered mod techguns entity RocketProjectileHV as techguns:rocketprojectilehv
[02:55:33] [Server thread/TRACE] [FML]: Automatically registered mod techguns entity RadiationEntity as techguns:radiationentity
[02:55:33] [Server thread/TRACE] [FML]: Automatically registered mod techguns entity GuidedMissileProjectileHV as techguns:guidedmissileprojectilehv
[02:55:33] [Server thread/TRACE] [FML]: Automatically registered mod techguns entity techguns.Turret as techguns:turret
[02:55:33] [Server thread/TRACE] [FML]: Automatically registered mod techguns entity techguns.DummySpawn as techguns:tgdummyspawn
[02:55:33] [Server thread/TRACE] [FML]: Automatically registered mod techguns entity techguns.ZombieSoldier as techguns:zombiesoldier
[02:55:33] [Server thread/TRACE] [FML]: Automatically registered mod techguns entity techguns.ZombieFarmer as techguns:zombiefarmer
[02:55:33] [Server thread/TRACE] [FML]: Automatically registered mod techguns entity techguns.ZombieMiner as techguns:zombieminer
[02:55:33] [Server thread/TRACE] [FML]: Automatically registered mod techguns entity techguns.ArmySoldier as techguns:armysoldier
[02:55:33] [Server thread/TRACE] [FML]: Automatically registered mod techguns entity techguns.Bandit as techguns:bandit
[02:55:33] [Server thread/TRACE] [FML]: Automatically registered mod techguns entity techguns.Commando as techguns:commando
[02:55:33] [Server thread/TRACE] [FML]: Automatically registered mod techguns entity techguns.DictatorDave as techguns:dictatordave
[02:55:33] [Server thread/TRACE] [FML]: Automatically registered mod techguns entity techguns.CyberDemon as techguns:cyberdemon
[02:55:33] [Server thread/TRACE] [FML]: Automatically registered mod techguns entity techguns.SkeletonSoldier as techguns:skeletonsoldier
[02:55:33] [Server thread/TRACE] [FML]: Automatically registered mod techguns entity techguns.PsychoSteve as techguns:psychosteve
[02:55:33] [Server thread/TRACE] [FML]: Automatically registered mod techguns entity techguns.StormTrooper as techguns:stormtrooper
[02:55:33] [Server thread/TRACE] [FML]: Automatically registered mod techguns entity techguns.Outcast as techguns:outcast
[02:55:33] [Server thread/TRACE] [FML]: Automatically registered mod techguns entity techguns.ZombiePigmanSoldier as techguns:zombiepigmansoldier
[02:55:33] [Server thread/TRACE] [FML]: Automatically registered mod techguns entity techguns.SuperMutantBasic as techguns:supermutantbasic
[02:55:33] [Server thread/TRACE] [FML]: Automatically registered mod techguns entity techguns.SuperMutantElite as techguns:supermutantelite
[02:55:33] [Server thread/TRACE] [FML]: Automatically registered mod techguns entity techguns.SuperMutantHeavy as techguns:supermutantheavy
[02:55:33] [Server thread/TRACE] [FML]: Automatically registered mod techguns entity techguns.AttackHelicopter as techguns:attackhelicopter
[02:55:33] [Server thread/TRACE] [FML]: Automatically registered mod techguns entity techguns.AlienBug as techguns:alienbug
[02:55:33] [Server thread/TRACE] [FML]: Automatically registered mod techguns entity techguns.Ghastling as techguns:ghastling
[02:55:33] [Server thread/TRACE] [FML]: Automatically registered mod techguns entity techguns.ZombiePoliceman as techguns:zombiepoliceman
[02:55:33] [Server thread/TRACE] [FML]: Sent event FMLPreInitializationEvent to mod techguns
[02:55:33] [Server thread/DEBUG] [FML]: Bar Step: PreInitialization - Techguns took 0.543s
[02:55:33] [Server thread/TRACE] [FML]: Sending event FMLPreInitializationEvent to mod travelersbackpack
[02:55:33] [Server thread/INFO] [travelersbackpack]: Registered the class com.tiviacz.travelersbackpack.fluids.effects.EffectWater as a FluidEffect for water with the ID 0
[02:55:33] [Server thread/INFO] [travelersbackpack]: Registered the class com.tiviacz.travelersbackpack.fluids.effects.EffectLava as a FluidEffect for lava with the ID 1
[02:55:33] [Server thread/INFO] [travelersbackpack]: Registered the class com.tiviacz.travelersbackpack.fluids.effects.EffectMilk as a FluidEffect for milk with the ID 2
[02:55:33] [Server thread/INFO] [travelersbackpack]: Registered the class com.tiviacz.travelersbackpack.fluids.effects.EffectPotion as a FluidEffect for potion with the ID 3
[02:55:33] [Server thread/INFO] [travelersbackpack]: Starting the Integration Handler.
[02:55:33] [Server thread/INFO] [travelersbackpack]: Didn't find any possible mod integration(s)!
[02:55:33] [Server thread/TRACE] [FML]: Sent event FMLPreInitializationEvent to mod travelersbackpack
[02:55:33] [Server thread/DEBUG] [FML]: Bar Step: PreInitialization - Traveler's Backpack took 0.030s
[02:55:33] [Server thread/TRACE] [FML]: Sending event FMLPreInitializationEvent to mod llibrary
[02:55:33] [Server thread/TRACE] [FML]: Sent event FMLPreInitializationEvent to mod llibrary
[02:55:33] [Server thread/DEBUG] [FML]: Bar Step: PreInitialization - LLibrary took 0.057s
[02:55:33] [Server thread/DEBUG] [FML]: Bar Finished: PreInitialization took 2.124s
[02:55:33] [Server thread/INFO] [FML]: Applying holder lookups
[02:55:33] [Server thread/DEBUG] [FML]: Unable to lookup chisel:technical for public static net.minecraft.block.Block techguns.plugins.chisel.TGChiselBlocks.CHISEL_TECHNICAL. This means the object wasn't registered. It's likely just mod options.
[02:55:33] [Server thread/DEBUG] [FML]: Unable to lookup netherite1_12_2:netheritepickaxe for public static net.minecraft.item.Item net.mcreator.netherite1_12_2.MCreatorNetheritePickaxe.block. This means the object wasn't registered. It's likely just mod options.
[02:55:33] [Server thread/DEBUG] [FML]: Unable to lookup nocubessrpnests:spawnfleshworm for public static net.minecraft.item.Item net.mcreator.nocubessrpnests.item.ItemSpawnFleshWorm.block. This means the object wasn't registered. It's likely just mod options.
[02:55:33] [Server thread/DEBUG] [FML]: Unable to lookup nocubessrparmory:pestilentscythe for public static net.minecraft.item.Item net.mcreator.nocubessrparmory.item.ItemPestilentScythe.block. This means the object wasn't registered. It's likely just mod options.
[02:55:33] [Server thread/DEBUG] [FML]: Unable to lookup nocubessrpsurvival:ruptersalad for public static net.minecraft.item.Item net.mcreator.nocubessrpsurvival.item.ItemRupterSalad.block. This means the object wasn't registered. It's likely just mod options.
[02:55:33] [Server thread/DEBUG] [FML]: Unable to lookup netherite1_12_2:netheritesword for public static net.minecraft.item.Item net.mcreator.netherite1_12_2.MCreatorNetheriteSword.block. This means the object wasn't registered. It's likely just mod options.
[02:55:33] [Server thread/DEBUG] [FML]: Unable to lookup nocubessrparmory:pestilentshuriken for public static net.minecraft.item.Item net.mcreator.nocubessrparmory.item.ItemPestilentShuriken.block. This means the object wasn't registered. It's likely just mod options.
[02:55:33] [Server thread/DEBUG] [FML]: Unable to lookup nocubessrparmory:twistedpart for public static net.minecraft.item.Item net.mcreator.nocubessrparmory.item.ItemTwistedPart.block. This means the object wasn't registered. It's likely just mod options.
[02:55:33] [Server thread/DEBUG] [FML]: Unable to lookup nocubessrparmory:gorehatchet for public static net.minecraft.item.Item net.mcreator.nocubessrparmory.item.ItemGoreHatchet.block. This means the object wasn't registered. It's likely just mod options.
[02:55:33] [Server thread/DEBUG] [FML]: Unable to lookup nocubessrparmory:hosttentacle for public static net.minecraft.item.Item net.mcreator.nocubessrparmory.item.ItemHostTentacle.block. This means the object wasn't registered. It's likely just mod options.
[02:55:33] [Server thread/DEBUG] [FML]: Unable to lookup nocubessrparmory:twistedarmorbody for public static net.minecraft.item.Item net.mcreator.nocubessrparmory.item.ItemTwistedArmor.body. This means the object wasn't registered. It's likely just mod options.
[02:55:33] [Server thread/DEBUG] [FML]: Unable to lookup netherite1_12_2:netheriteingot for public static net.minecraft.item.Item net.mcreator.netherite1_12_2.MCreatorNetheriteIngot.block. This means the object wasn't registered. It's likely just mod options.
[02:55:33] [Server thread/DEBUG] [FML]: Unable to lookup nocubessrpnests:wormacid for public static net.minecraft.item.Item net.mcreator.nocubessrpnests.item.ItemWormAcid.block. This means the object wasn't registered. It's likely just mod options.
[02:55:33] [Server thread/DEBUG] [FML]: Unable to lookup nocubessrpsurvival:cookedfleshbarbecue for public static net.minecraft.item.Item net.mcreator.nocubessrpsurvival.item.ItemCookedFleshBarbecue.block. This means the object wasn't registered. It's likely just mod options.
[02:55:33] [Server thread/DEBUG] [FML]: Unable to lookup nocubessrparmory:unfinishedflamethrower for public static net.minecraft.item.Item net.mcreator.nocubessrparmory.item.ItemUnfinishedFlamethrower.block. This means the object wasn't registered. It's likely just mod options.
[02:55:33] [Server thread/DEBUG] [FML]: Unable to lookup nocubessrpsurvival:hardenedflesh for public static net.minecraft.item.Item net.mcreator.nocubessrpsurvival.item.ItemHardenedFlesh.block. This means the object wasn't registered. It's likely just mod options.
[02:55:33] [Server thread/DEBUG] [FML]: Unable to lookup nocubessrpsurvival:rottenegg for public static net.minecraft.item.Item net.mcreator.nocubessrpsurvival.item.ItemRottenEgg.block. This means the object wasn't registered. It's likely just mod options.
[02:55:33] [Server thread/DEBUG] [FML]: Unable to lookup nocubessrparmory:mimicbladered for public static net.minecraft.item.Item net.mcreator.nocubessrparmory.item.ItemMimicBladeRed.block. This means the object wasn't registered. It's likely just mod options.
[02:55:33] [Server thread/DEBUG] [FML]: Unable to lookup netherite1_12_2:netheritearmorboots for public static net.minecraft.item.Item net.mcreator.netherite1_12_2.MCreatorNetheriteArmor.boots. This means the object wasn't registered. It's likely just mod options.
[02:55:33] [Server thread/DEBUG] [FML]: Unable to lookup nocubessrparmory:livingarmorhelmet for public static net.minecraft.item.Item net.mcreator.nocubessrparmory.item.ItemLivingArmor.helmet. This means the object wasn't registered. It's likely just mod options.
[02:55:33] [Server thread/DEBUG] [FML]: Unable to lookup nocubessrpsurvival:flesheater for public static net.minecraft.item.Item net.mcreator.nocubessrpsurvival.item.ItemFleshEater.block. This means the object wasn't registered. It's likely just mod options.
[02:55:33] [Server thread/DEBUG] [FML]: Unable to lookup nocubessrparmory:flamethrowercore for public static net.minecraft.item.Item net.mcreator.nocubessrparmory.item.ItemFlamethrowerCore.block. This means the object wasn't registered. It's likely just mod options.
[02:55:33] [Server thread/DEBUG] [FML]: Unable to lookup nocubessrparmory:evolutionarmorhelmet for public static net.minecraft.item.Item net.mcreator.nocubessrparmory.item.ItemEvolutionArmor.helmet. This means the object wasn't registered. It's likely just mod options.
[02:55:33] [Server thread/DEBUG] [FML]: Unable to lookup nocubessrparmory:livingarmorlegs for public static net.minecraft.item.Item net.mcreator.nocubessrparmory.item.ItemLivingArmor.legs. This means the object wasn't registered. It's likely just mod options.
[02:55:33] [Server thread/DEBUG] [FML]: Unable to lookup nocubessrparmory:pestilentarmorlegs for public static net.minecraft.item.Item net.mcreator.nocubessrparmory.item.ItemPestilentArmor.legs. This means the object wasn't registered. It's likely just mod options.
[02:55:33] [Server thread/DEBUG] [FML]: Unable to lookup netherite1_12_2:netheritearmorlegs for public static net.minecraft.item.Item net.mcreator.netherite1_12_2.MCreatorNetheriteArmor.legs. This means the object wasn't registered. It's likely just mod options.
[02:55:33] [Server thread/DEBUG] [FML]: Unable to lookup nocubessrpsurvival:bonestock for public static net.minecraft.item.Item net.mcreator.nocubessrpsurvival.item.ItemBoneStock.block. This means the object wasn't registered. It's likely just mod options.
[02:55:33] [Server thread/DEBUG] [FML]: Unable to lookup netherite1_12_2:netheriteaxe for public static net.minecraft.item.Item net.mcreator.netherite1_12_2.MCreatorNetheriteAxe.block. This means the object wasn't registered. It's likely just mod options.
[02:55:33] [Server thread/DEBUG] [FML]: Unable to lookup nocubessrparmory:evolutionbow for public static net.minecraft.item.Item net.mcreator.nocubessrparmory.item.ItemEvolutionBow.block. This means the object wasn't registered. It's likely just mod options.
[02:55:33] [Server thread/DEBUG] [FML]: Unable to lookup nocubessrparmory:gorerapier for public static net.minecraft.item.Item net.mcreator.nocubessrparmory.item.ItemGoreRapier.block. This means the object wasn't registered. It's likely just mod options.
[02:55:33] [Server thread/DEBUG] [FML]: Unable to lookup nocubessrparmory:twistedarmorboots for public static net.minecraft.item.Item net.mcreator.nocubessrparmory.item.ItemTwistedArmor.boots. This means the object wasn't registered. It's likely just mod options.
[02:55:33] [Server thread/DEBUG] [FML]: Unable to lookup chisel:ironpane for public static net.minecraft.block.Block techguns.plugins.chisel.TGChiselBlocks.CHISEL_IRON_PANE. This means the object wasn't registered. It's likely just mod options.
[02:55:33] [Server thread/DEBUG] [FML]: Unable to lookup nocubessrparmory:gorearmorhelmet for public static net.minecraft.item.Item net.mcreator.nocubessrparmory.item.ItemGoreArmor.helmet. This means the object wasn't registered. It's likely just mod options.
[02:55:33] [Server thread/DEBUG] [FML]: Unable to lookup nocubessrparmory:thereaper for public static net.minecraft.item.Item net.mcreator.nocubessrparmory.item.ItemTheReaper.block. This means the object wasn't registered. It's likely just mod options.
[02:55:33] [Server thread/DEBUG] [FML]: Unable to lookup cgm:machine_pistol for public static net.minecraft.item.Item com.mrcrayfish.guns.init.ModGuns.MACHINE_PISTOL. This means the object wasn't registered. It's likely just mod options.
[02:55:33] [Server thread/DEBUG] [FML]: Unable to lookup nocubessrparmory:gorearmorboots for public static net.minecraft.item.Item net.mcreator.nocubessrparmory.item.ItemGoreArmor.boots. This means the object wasn't registered. It's likely just mod options.
[02:55:33] [Server thread/DEBUG] [FML]: Unable to lookup nocubessrpnests:darkblend for public static net.minecraft.item.Item net.mcreator.nocubessrpnests.item.ItemDarkBlend.block. This means the object wasn't registered. It's likely just mod options.
[02:55:33] [Server thread/DEBUG] [FML]: Unable to lookup nocubessrpsurvival:cookedbrain for public static net.minecraft.item.Item net.mcreator.nocubessrpsurvival.item.ItemCookedBrain.block. This means the object wasn't registered. It's likely just mod options.
[02:55:33] [Server thread/DEBUG] [FML]: Unable to lookup nocubessrparmory:carbonsteel for public static net.minecraft.item.Item net.mcreator.nocubessrparmory.item.ItemCarbonSteel.block. This means the object wasn't registered. It's likely just mod options.
[02:55:33] [Server thread/DEBUG] [FML]: Unable to lookup nocubessrpnests:organicsample for public static net.minecraft.item.Item net.mcreator.nocubessrpnests.item.ItemOrganicSample.block. This means the object wasn't registered. It's likely just mod options.
[02:55:33] [Server thread/DEBUG] [FML]: Unable to lookup chisel:andesite for public static net.minecraft.block.Block techguns.plugins.chisel.TGChiselBlocks.CHISEL_ANDESITE. This means the object wasn't registered. It's likely just mod options.
[02:55:33] [Server thread/DEBUG] [FML]: Unable to lookup nocubessrpsurvival:buglinlarva for public static net.minecraft.item.Item net.mcreator.nocubessrpsurvival.item.ItemBuglinLarva.block. This means the object wasn't registered. It's likely just mod options.
[02:55:33] [Server thread/DEBUG] [FML]: Unable to lookup nocubessrparmory:bolsterclaw for public static net.minecraft.item.Item net.mcreator.nocubessrparmory.item.ItemBolsterClaw.block. This means the object wasn't registered. It's likely just mod options.
[02:55:33] [Server thread/DEBUG] [FML]: Unable to lookup nocubessrparmory:capsulefuel for public static net.minecraft.item.Item net.mcreator.nocubessrparmory.item.ItemCapsuleFuel.block. This means the object wasn't registered. It's likely just mod options.
[02:55:33] [Server thread/DEBUG] [FML]: Unable to lookup nocubessrparmory:incinerator for public static net.minecraft.item.Item net.mcreator.nocubessrparmory.item.ItemIncinerator.block. This means the object wasn't registered. It's likely just mod options.
[02:55:33] [Server thread/DEBUG] [FML]: Unable to lookup nocubessrparmory:plasmatorchcore for public static net.minecraft.item.Item net.mcreator.nocubessrparmory.item.ItemPlasmaTorchCore.block. This means the object wasn't registered. It's likely just mod options.
[02:55:33] [Server thread/DEBUG] [FML]: Unable to lookup chisel:stonebrick for public static net.minecraft.block.Block techguns.plugins.chisel.TGChiselBlocks.CHISEL_STONEBRICK. This means the object wasn't registered. It's likely just mod options.
[02:55:33] [Server thread/DEBUG] [FML]: Unable to lookup nocubessrparmory:evolutionsickle for public static net.minecraft.item.Item net.mcreator.nocubessrparmory.item.ItemEvolutionSickle.block. This means the object wasn't registered. It's likely just mod options.
[02:55:33] [Server thread/DEBUG] [FML]: Unable to lookup nocubessrparmory:twistedgreataxe for public static net.minecraft.item.Item net.mcreator.nocubessrparmory.item.ItemTwistedGreatAxe.block. This means the object wasn't registered. It's likely just mod options.
[02:55:33] [Server thread/DEBUG] [FML]: Unable to lookup chisel:andesite1 for public static net.minecraft.block.Block techguns.plugins.chisel.TGChiselBlocks.CHISEL_ANDESITE1. This means the object wasn't registered. It's likely just mod options.
[02:55:33] [Server thread/DEBUG] [FML]: Unable to lookup nocubessrparmory:twisteddagger for public static net.minecraft.item.Item net.mcreator.nocubessrparmory.item.ItemTwistedDagger.block. This means the object wasn't registered. It's likely just mod options.
[02:55:33] [Server thread/DEBUG] [FML]: Unable to lookup nocubessrpsurvival:parasiticbonemeal for public static net.minecraft.item.Item net.mcreator.nocubessrpsurvival.item.ItemParasiticBoneMeal.block. This means the object wasn't registered. It's likely just mod options.
[02:55:33] [Server thread/DEBUG] [FML]: Unable to lookup nocubessrparmory:infestedtoolrod for public static net.minecraft.item.Item net.mcreator.nocubessrparmory.item.ItemInfestedToolRod.block. This means the object wasn't registered. It's likely just mod options.
[02:55:33] [Server thread/DEBUG] [FML]: Unable to lookup chisel:limestone2 for public static net.minecraft.block.Block techguns.plugins.chisel.TGChiselBlocks.CHISEL_LIMESTONE2. This means the object wasn't registered. It's likely just mod options.
[02:55:33] [Server thread/DEBUG] [FML]: Unable to lookup nocubessrparmory:plasmatorch for public static net.minecraft.item.Item net.mcreator.nocubessrparmory.item.ItemPlasmaTorch.block. This means the object wasn't registered. It's likely just mod options.
[02:55:33] [Server thread/DEBUG] [FML]: Unable to lookup nocubessrpsurvival:toxicstew for public static net.minecraft.item.Item net.mcreator.nocubessrpsurvival.item.ItemToxicStew.block. This means the object wasn't registered. It's likely just mod options.
[02:55:33] [Server thread/DEBUG] [FML]: Unable to lookup cgm:handgun for public static net.minecraft.item.Item com.mrcrayfish.guns.init.ModGuns.PISTOL. This means the object wasn't registered. It's likely just mod options.
[02:55:33] [Server thread/DEBUG] [FML]: Unable to lookup nocubessrparmory:adaptivearmorhelmet for public static net.minecraft.item.Item net.mcreator.nocubessrparmory.item.ItemAdaptiveArmor.helmet. This means the object wasn't registered. It's likely just mod options.
[02:55:33] [Server thread/DEBUG] [FML]: Unable to lookup nocubessrparmory:livingarmorboots for public static net.minecraft.item.Item net.mcreator.nocubessrparmory.item.ItemLivingArmor.boots. This means the object wasn't registered. It's likely just mod options.
[02:55:33] [Server thread/DEBUG] [FML]: Unable to lookup nocubessrpnests:wormtoothmachete for public static net.minecraft.item.Item net.mcreator.nocubessrpnests.item.ItemWormToothMachete.block. This means the object wasn't registered. It's likely just mod options.
[02:55:33] [Server thread/DEBUG] [FML]: Unable to lookup nocubessrparmory:twistedbow for public static net.minecraft.item.Item net.mcreator.nocubessrparmory.item.ItemTwistedBow.block. This means the object wasn't registered. It's likely just mod options.
[02:55:33] [Server thread/DEBUG] [FML]: Unable to lookup nocubessrpsurvival:cookedflesh for public static net.minecraft.item.Item net.mcreator.nocubessrpsurvival.item.ItemCookedFlesh.block. This means the object wasn't registered. It's likely just mod options.
[02:55:33] [Server thread/DEBUG] [FML]: Unable to lookup nocubessrparmory:flamethrower for public static net.minecraft.item.Item net.mcreator.nocubessrparmory.item.ItemFlamethrower.block. This means the object wasn't registered. It's likely just mod options.
[02:55:33] [Server thread/DEBUG] [FML]: Unable to lookup chisel:planks-oak for public static net.minecraft.block.Block techguns.plugins.chisel.TGChiselBlocks.CHISEL_OAK_PLANKS. This means the object wasn't registered. It's likely just mod options.
[02:55:33] [Server thread/DEBUG] [FML]: Unable to lookup nocubessrparmory:thereapertrue for public static net.minecraft.item.Item net.mcreator.nocubessrparmory.item.ItemTheReaperTrue.block. This means the object wasn't registered. It's likely just mod options.
[02:55:33] [Server thread/DEBUG] [FML]: Unable to lookup cgm:advanced_ammo for public static net.minecraft.item.Item com.mrcrayfish.guns.init.ModGuns.ADVANCED_AMMO. This means the object wasn't registered. It's likely just mod options.
[02:55:33] [Server thread/DEBUG] [FML]: Unable to lookup nocubessrparmory:headbomb for public static net.minecraft.item.Item net.mcreator.nocubessrparmory.item.ItemHeadBomb.block. This means the object wasn't registered. It's likely just mod options.
[02:55:33] [Server thread/DEBUG] [FML]: Unable to lookup cgm:assault_rifle for public static net.minecraft.item.Item com.mrcrayfish.guns.init.ModGuns.ASSAULT_RIFLE. This means the object wasn't registered. It's likely just mod options.
[02:55:33] [Server thread/DEBUG] [FML]: Unable to lookup cgm:grenade_launcher for public static com.mrcrayfish.guns.item.ItemGun com.mrcrayfish.guns.init.ModGuns.GRENADE_LAUNCHER. This means the object wasn't registered. It's likely just mod options.
[02:55:33] [Server thread/DEBUG] [FML]: Unable to lookup chisel:laboratory for public static net.minecraft.block.Block techguns.plugins.chisel.TGChiselBlocks.CHISEL_LABORATORY. This means the object wasn't registered. It's likely just mod options.
[02:55:33] [Server thread/DEBUG] [FML]: Unable to lookup securitycraft:owner for public static net.minecraftforge.registries.DataSerializerEntry net.geforcemods.securitycraft.api.Owner.SERIALIZER. This means the object wasn't registered. It's likely just mod options.
[02:55:33] [Server thread/DEBUG] [FML]: Unable to lookup nocubessrparmory:pestilentknife for public static net.minecraft.item.Item net.mcreator.nocubessrparmory.item.ItemPestilentKnife.block. This means the object wasn't registered. It's likely just mod options.
[02:55:33] [Server thread/DEBUG] [FML]: Unable to lookup nocubessrpsurvival:deadleaf for public static net.minecraft.item.Item net.mcreator.nocubessrpsurvival.item.ItemDeadLeaf.block. This means the object wasn't registered. It's likely just mod options.
[02:55:33] [Server thread/DEBUG] [FML]: Unable to lookup cgm:grenade for public static com.mrcrayfish.guns.item.ItemAmmo com.mrcrayfish.guns.init.ModGuns.GRENADE. This means the object wasn't registered. It's likely just mod options.
[02:55:33] [Server thread/DEBUG] [FML]: Unable to lookup nocubessrpsurvival:plaguesalad for public static net.minecraft.item.Item net.mcreator.nocubessrpsurvival.item.ItemPlagueSalad.block. This means the object wasn't registered. It's likely just mod options.
[02:55:33] [Server thread/DEBUG] [FML]: Unable to lookup nocubessrparmory:flamethrowergrip for public static net.minecraft.item.Item net.mcreator.nocubessrparmory.item.ItemFlamethrowerGrip.block. This means the object wasn't registered. It's likely just mod options.
[02:55:33] [Server thread/DEBUG] [FML]: Unable to lookup cgm:shotgun for public static net.minecraft.item.Item com.mrcrayfish.guns.init.ModGuns.SHOTGUN. This means the object wasn't registered. It's likely just mod options.
[02:55:33] [Server thread/DEBUG] [FML]: Unable to lookup nocubessrparmory:adaptivearmorboots for public static net.minecraft.item.Item net.mcreator.nocubessrparmory.item.ItemAdaptiveArmor.boots. This means the object wasn't registered. It's likely just mod options.
[02:55:33] [Server thread/DEBUG] [FML]: Unable to lookup chisel:concrete_blue1 for public static net.minecraft.block.Block techguns.plugins.chisel.TGChiselBlocks.CHISEL_CONCRETE_BLUE1. This means the object wasn't registered. It's likely just mod options.
[02:55:33] [Server thread/DEBUG] [FML]: Unable to lookup nocubessrpsurvival:rottingburger for public static net.minecraft.item.Item net.mcreator.nocubessrpsurvival.item.ItemRottingBurger.block. This means the object wasn't registered. It's likely just mod options.
[02:55:33] [Server thread/DEBUG] [FML]: Unable to lookup netherite1_12_2:netheritearmorbody for public static net.minecraft.item.Item net.mcreator.netherite1_12_2.MCreatorNetheriteArmor.body. This means the object wasn't registered. It's likely just mod options.
[02:55:33] [Server thread/DEBUG] [FML]: Unable to lookup nocubessrparmory:iconarmorytab for public static net.minecraft.item.Item net.mcreator.nocubessrparmory.item.ItemIconArmoryTab.block. This means the object wasn't registered. It's likely just mod options.
[02:55:33] [Server thread/DEBUG] [FML]: Unable to lookup nocubessrparmory:gorepart for public static net.minecraft.item.Item net.mcreator.nocubessrparmory.item.ItemGorePart.block. This means the object wasn't registered. It's likely just mod options.
[02:55:33] [Server thread/DEBUG] [FML]: Unable to lookup nocubessrpsurvival:devourerarmorbody for public static net.minecraft.item.Item net.mcreator.nocubessrpsurvival.item.ItemDevourerArmor.body. This means the object wasn't registered. It's likely just mod options.
[02:55:33] [Server thread/DEBUG] [FML]: Unable to lookup cgm:rifle for public static net.minecraft.item.Item com.mrcrayfish.guns.init.ModGuns.RIFLE. This means the object wasn't registered. It's likely just mod options.
[02:55:33] [Server thread/DEBUG] [FML]: Unable to lookup nocubessrpsurvival:larvasteak for public static net.minecraft.item.Item net.mcreator.nocubessrpsurvival.item.ItemLarvaSteak.block. This means the object wasn't registered. It's likely just mod options.
[02:55:33] [Server thread/DEBUG] [FML]: Unable to lookup nocubessrparmory:incineratorcore for public static net.minecraft.item.Item net.mcreator.nocubessrparmory.item.ItemIncineratorCore.block. This means the object wasn't registered. It's likely just mod options.
[02:55:33] [Server thread/DEBUG] [FML]: Unable to lookup nocubessrpsurvival:molderedpie for public static net.minecraft.item.Item net.mcreator.nocubessrpsurvival.item.ItemMolderedPie.block. This means the object wasn't registered. It's likely just mod options.
[02:55:33] [Server thread/DEBUG] [FML]: Unable to lookup nocubessrpsurvival:devourerarmorboots for public static net.minecraft.item.Item net.mcreator.nocubessrpsurvival.item.ItemDevourerArmor.boots. This means the object wasn't registered. It's likely just mod options.
[02:55:33] [Server thread/DEBUG] [FML]: Unable to lookup chisel:netherrack for public static net.minecraft.block.Block techguns.plugins.chisel.TGChiselBlocks.CHISEL_NETHERRACK. This means the object wasn't registered. It's likely just mod options.
[02:55:33] [Server thread/DEBUG] [FML]: Unable to lookup nocubessrparmory:carapacearmorboots for public static net.minecraft.item.Item net.mcreator.nocubessrparmory.item.ItemCarapaceArmor.boots. This means the object wasn't registered. It's likely just mod options.
[02:55:33] [Server thread/DEBUG] [FML]: Unable to lookup nocubessrparmory:evolutionknife for public static net.minecraft.item.Item net.mcreator.nocubessrparmory.item.ItemEvolutionKnife.block. This means the object wasn't registered. It's likely just mod options.
[02:55:33] [Server thread/DEBUG] [FML]: Unable to lookup nocubessrparmory:rawcarbonsteel for public static net.minecraft.item.Item net.mcreator.nocubessrparmory.item.ItemRawCarbonSteel.block. This means the object wasn't registered. It's likely just mod options.
[02:55:33] [Server thread/DEBUG] [FML]: Unable to lookup chisel:bricks for public static net.minecraft.block.Block techguns.plugins.chisel.TGChiselBlocks.CHISEL_BRICKS. This means the object wasn't registered. It's likely just mod options.
[02:55:33] [Server thread/DEBUG] [FML]: Unable to lookup chisel:netherbrick for public static net.minecraft.block.Block techguns.plugins.chisel.TGChiselBlocks.CHISEL_NETHERBRICK. This means the object wasn't registered. It's likely just mod options.
[02:55:33] [Server thread/DEBUG] [FML]: Unable to lookup nocubessrparmory:carapacearmorlegs for public static net.minecraft.item.Item net.mcreator.nocubessrparmory.item.ItemCarapaceArmor.legs. This means the object wasn't registered. It's likely just mod options.
[02:55:33] [Server thread/DEBUG] [FML]: Unable to lookup nocubessrparmory:mimicbladepurple for public static net.minecraft.item.Item net.mcreator.nocubessrparmory.item.ItemMimicBladePurple.block. This means the object wasn't registered. It's likely just mod options.
[02:55:33] [Server thread/DEBUG] [FML]: Unable to lookup chisel:stonebrick1 for public static net.minecraft.block.Block techguns.plugins.chisel.TGChiselBlocks.CHISEL_STONEBRICK1. This means the object wasn't registered. It's likely just mod options.
[02:55:33] [Server thread/DEBUG] [FML]: Unable to lookup nocubessrparmory:evolutionarmorlegs for public static net.minecraft.item.Item net.mcreator.nocubessrparmory.item.ItemEvolutionArmor.legs. This means the object wasn't registered. It's likely just mod options.
[02:55:33] [Server thread/DEBUG] [FML]: Unable to lookup nocubessrparmory:hostbomb for public static net.minecraft.item.Item net.mcreator.nocubessrparmory.item.ItemHostBomb.block. This means the object wasn't registered. It's likely just mod options.
[02:55:33] [Server thread/DEBUG] [FML]: Unable to lookup nocubessrparmory:livingpart for public static net.minecraft.item.Item net.mcreator.nocubessrparmory.item.ItemLivingPart.block. This means the object wasn't registered. It's likely just mod options.
[02:55:33] [Server thread/DEBUG] [FML]: Unable to lookup cgm:missile for public static com.mrcrayfish.guns.item.ItemAmmo com.mrcrayfish.guns.init.ModGuns.MISSILE. This means the object wasn't registered. It's likely just mod options.
[02:55:33] [Server thread/DEBUG] [FML]: Unable to lookup cgm:part for public static net.minecraft.item.Item com.mrcrayfish.guns.init.ModGuns.PARTS. This means the object wasn't registered. It's likely just mod options.
[02:55:33] [Server thread/DEBUG] [FML]: Unable to lookup cgm:stun_grenade for public static net.minecraft.item.Item com.mrcrayfish.guns.init.ModGuns.STUN_GRENADE. This means the object wasn't registered. It's likely just mod options.
[02:55:33] [Server thread/DEBUG] [FML]: Unable to lookup nocubessrparmory:pestilentarmorboots for public static net.minecraft.item.Item net.mcreator.nocubessrparmory.item.ItemPestilentArmor.boots. This means the object wasn't registered. It's likely just mod options.
[02:55:33] [Server thread/DEBUG] [FML]: Unable to lookup cgm:bazooka for public static net.minecraft.item.Item com.mrcrayfish.guns.init.ModGuns.BAZOOKA. This means the object wasn't registered. It's likely just mod options.
[02:55:33] [Server thread/DEBUG] [FML]: Unable to lookup cgm:scope for public static net.minecraft.item.Item com.mrcrayfish.guns.init.ModGuns.SCOPES. This means the object wasn't registered. It's likely just mod options.
[02:55:33] [Server thread/DEBUG] [FML]: Unable to lookup cgm:silencer for public static net.minecraft.item.Item com.mrcrayfish.guns.init.ModGuns.SILENCER. This means the object wasn't registered. It's likely just mod options.
[02:55:33] [Server thread/DEBUG] [FML]: Unable to lookup nocubessrparmory:gorearmorlegs for public static net.minecraft.item.Item net.mcreator.nocubessrparmory.item.ItemGoreArmor.legs. This means the object wasn't registered. It's likely just mod options.
[02:55:33] [Server thread/DEBUG] [FML]: Unable to lookup chisel:cobblestone for public static net.minecraft.block.Block techguns.plugins.chisel.TGChiselBlocks.CHISEL_COBBLESTONE. This means the object wasn't registered. It's likely just mod options.
[02:55:33] [Server thread/DEBUG] [FML]: Unable to lookup nocubessrparmory:carapaceshellbreaker for public static net.minecraft.item.Item net.mcreator.nocubessrparmory.item.ItemCarapaceShellbreaker.block. This means the object wasn't registered. It's likely just mod options.
[02:55:33] [Server thread/DEBUG] [FML]: Unable to lookup nocubessrpsurvival:assimilatedsoup for public static net.minecraft.item.Item net.mcreator.nocubessrpsurvival.item.ItemAssimilatedSoup.block. This means the object wasn't registered. It's likely just mod options.
[02:55:33] [Server thread/DEBUG] [FML]: Unable to lookup nocubessrparmory:evolutionaxe for public static net.minecraft.item.Item net.mcreator.nocubessrparmory.item.ItemEvolutionAxe.block. This means the object wasn't registered. It's likely just mod options.
[02:55:33] [Server thread/DEBUG] [FML]: Unable to lookup nocubessrpnests:spawnparasitenest for public static net.minecraft.item.Item net.mcreator.nocubessrpnests.item.ItemSpawnParasiteNest.block. This means the object wasn't registered. It's likely just mod options.
[02:55:33] [Server thread/DEBUG] [FML]: Unable to lookup nocubessrparmory:flamethrowerigniter for public static net.minecraft.item.Item net.mcreator.nocubessrparmory.item.ItemFlamethrowerIgniter.block. This means the object wasn't registered. It's likely just mod options.
[02:55:33] [Server thread/DEBUG] [FML]: Unable to lookup nocubessrpnests:wormtooth for public static net.minecraft.item.Item net.mcreator.nocubessrpnests.item.ItemWormTooth.block. This means the object wasn't registered. It's likely just mod options.
[02:55:33] [Server thread/DEBUG] [FML]: Unable to lookup nocubessrparmory:pestilentarmorhelmet for public static net.minecraft.item.Item net.mcreator.nocubessrparmory.item.ItemPestilentArmor.helmet. This means the object wasn't registered. It's likely just mod options.
[02:55:33] [Server thread/DEBUG] [FML]: Unable to lookup nocubessrparmory:evolutionarmorboots for public static net.minecraft.item.Item net.mcreator.nocubessrparmory.item.ItemEvolutionArmor.boots. This means the object wasn't registered. It's likely just mod options.
[02:55:33] [Server thread/DEBUG] [FML]: Unable to lookup nocubessrparmory:twistedarmorlegs for public static net.minecraft.item.Item net.mcreator.nocubessrparmory.item.ItemTwistedArmor.legs. This means the object wasn't registered. It's likely just mod options.
[02:55:33] [Server thread/DEBUG] [FML]: Unable to lookup netherite1_12_2:netheritehoe for public static net.minecraft.item.Item net.mcreator.netherite1_12_2.MCreatorNetheriteHoe.block. This means the object wasn't registered. It's likely just mod options.
[02:55:33] [Server thread/DEBUG] [FML]: Unable to lookup cgm:basic_ammo for public static net.minecraft.item.Item com.mrcrayfish.guns.init.ModGuns.BASIC_AMMO. This means the object wasn't registered. It's likely just mod options.
[02:55:33] [Server thread/DEBUG] [FML]: Unable to lookup nocubessrparmory:flamethrowerfueltank for public static net.minecraft.item.Item net.mcreator.nocubessrparmory.item.ItemFlamethrowerFuelTank.block. This means the object wasn't registered. It's likely just mod options.
[02:55:33] [Server thread/DEBUG] [FML]: Unable to lookup nocubessrparmory:gorearmorbody for public static net.minecraft.item.Item net.mcreator.nocubessrparmory.item.ItemGoreArmor.body. This means the object wasn't registered. It's likely just mod options.
[02:55:33] [Server thread/DEBUG] [FML]: Unable to lookup nocubessrparmory:invisibleprojectile for public static net.minecraft.item.Item net.mcreator.nocubessrparmory.item.ItemInvisibleProjectile.block. This means the object wasn't registered. It's likely just mod options.
[02:55:33] [Server thread/DEBUG] [FML]: Unable to lookup nocubessrpsurvival:roastedlumps for public static net.minecraft.item.Item net.mcreator.nocubessrpsurvival.item.ItemRoastedLumps.block. This means the object wasn't registered. It's likely just mod options.
[02:55:33] [Server thread/DEBUG] [FML]: Unable to lookup nocubessrpsurvival:devourerarmorlegs for public static net.minecraft.item.Item net.mcreator.nocubessrpsurvival.item.ItemDevourerArmor.legs. This means the object wasn't registered. It's likely just mod options.
[02:55:33] [Server thread/DEBUG] [FML]: Unable to lookup netherite1_12_2:netheritearmorhelmet for public static net.minecraft.item.Item net.mcreator.netherite1_12_2.MCreatorNetheriteArmor.helmet. This means the object wasn't registered. It's likely just mod options.
[02:55:33] [Server thread/DEBUG] [FML]: Unable to lookup nocubessrparmory:adaptivearmorlegs for public static net.minecraft.item.Item net.mcreator.nocubessrparmory.item.ItemAdaptiveArmor.legs. This means the object wasn't registered. It's likely just mod options.
[02:55:33] [Server thread/DEBUG] [FML]: Unable to lookup nocubessrparmory:mimicbladeyellow for public static net.minecraft.item.Item net.mcreator.nocubessrparmory.item.ItemMimicBladeYellow.block. This means the object wasn't registered. It's likely just mod options.
[02:55:33] [Server thread/DEBUG] [FML]: Unable to lookup nocubessrparmory:pestilentpart for public static net.minecraft.item.Item net.mcreator.nocubessrparmory.item.ItemPestilentPart.block. This means the object wasn't registered. It's likely just mod options.
[02:55:33] [Server thread/DEBUG] [FML]: Unable to lookup chisel:limestone for public static net.minecraft.block.Block techguns.plugins.chisel.TGChiselBlocks.CHISEL_LIMESTONE. This means the object wasn't registered. It's likely just mod options.
[02:55:33] [Server thread/DEBUG] [FML]: Unable to lookup nocubessrparmory:livingarmorbody for public static net.minecraft.item.Item net.mcreator.nocubessrparmory.item.ItemLivingArmor.body. This means the object wasn't registered. It's likely just mod options.
[02:55:33] [Server thread/DEBUG] [FML]: Unable to lookup nocubessrparmory:twistedarmorhelmet for public static net.minecraft.item.Item net.mcreator.nocubessrparmory.item.ItemTwistedArmor.helmet. This means the object wasn't registered. It's likely just mod options.
[02:55:33] [Server thread/DEBUG] [FML]: Unable to lookup chisel:factory for public static net.minecraft.block.Block techguns.plugins.chisel.TGChiselBlocks.CHISEL_FACTORY. This means the object wasn't registered. It's likely just mod options.
[02:55:33] [Server thread/DEBUG] [FML]: Unable to lookup nocubessrparmory:carapacearmorhelmet for public static net.minecraft.item.Item net.mcreator.nocubessrparmory.item.ItemCarapaceArmor.helmet. This means the object wasn't registered. It's likely just mod options.
[02:55:33] [Server thread/DEBUG] [FML]: Unable to lookup nocubessrpnests:iconneststab for public static net.minecraft.item.Item net.mcreator.nocubessrpnests.item.ItemIconNestsTab.block. This means the object wasn't registered. It's likely just mod options.
[02:55:33] [Server thread/DEBUG] [FML]: Unable to lookup nocubessrpsurvival:reekingribs for public static net.minecraft.item.Item net.mcreator.nocubessrpsurvival.item.ItemReekingRibs.block. This means the object wasn't registered. It's likely just mod options.
[02:55:33] [Server thread/DEBUG] [FML]: Unable to lookup nocubessrpsurvival:vertebrasoup for public static net.minecraft.item.Item net.mcreator.nocubessrpsurvival.item.ItemVertebraSoup.block. This means the object wasn't registered. It's likely just mod options.
[02:55:33] [Server thread/DEBUG] [FML]: Unable to lookup nocubessrpnests:wormtoothblade for public static net.minecraft.item.Item net.mcreator.nocubessrpnests.item.ItemWormToothBlade.block. This means the object wasn't registered. It's likely just mod options.
[02:55:33] [Server thread/DEBUG] [FML]: Unable to lookup netherite1_12_2:netheritescrap for public static net.minecraft.item.Item net.mcreator.netherite1_12_2.MCreatorNetheriteScrap.block. This means the object wasn't registered. It's likely just mod options.
[02:55:33] [Server thread/DEBUG] [FML]: Unable to lookup nocubessrparmory:flamethrowermechanism for public static net.minecraft.item.Item net.mcreator.nocubessrparmory.item.ItemFlamethrowerMechanism.block. This means the object wasn't registered. It's likely just mod options.
[02:55:33] [Server thread/DEBUG] [FML]: Unable to lookup nocubessrpnests:wormtoothknife for public static net.minecraft.item.Item net.mcreator.nocubessrpnests.item.ItemWormToothKnife.block. This means the object wasn't registered. It's likely just mod options.
[02:55:33] [Server thread/DEBUG] [FML]: Unable to lookup nocubessrpnests:darkbrick for public static net.minecraft.item.Item net.mcreator.nocubessrpnests.item.ItemDarkBrick.block. This means the object wasn't registered. It's likely just mod options.
[02:55:33] [Server thread/DEBUG] [FML]: Unable to lookup nocubessrpsurvival:devourerarmorhelmet for public static net.minecraft.item.Item net.mcreator.nocubessrpsurvival.item.ItemDevourerArmor.helmet. This means the object wasn't registered. It's likely just mod options.
[02:55:33] [Server thread/DEBUG] [FML]: Unable to lookup nocubessrpsurvival:pestbread for public static net.minecraft.item.Item net.mcreator.nocubessrpsurvival.item.ItemPestBread.block. This means the object wasn't registered. It's likely just mod options.
[02:55:33] [Server thread/DEBUG] [FML]: Unable to lookup nocubessrparmory:twistedmallet for public static net.minecraft.item.Item net.mcreator.nocubessrparmory.item.ItemTwistedMallet.block. This means the object wasn't registered. It's likely just mod options.
[02:55:33] [Server thread/DEBUG] [FML]: Unable to lookup nocubessrparmory:gorecombatbow for public static net.minecraft.item.Item net.mcreator.nocubessrparmory.item.ItemGoreCombatBow.block. This means the object wasn't registered. It's likely just mod options.
[02:55:33] [Server thread/DEBUG] [FML]: Unable to lookup cgm:shell for public static net.minecraft.item.Item com.mrcrayfish.guns.init.ModGuns.SHELL. This means the object wasn't registered. It's likely just mod options.
[02:55:33] [Server thread/DEBUG] [FML]: Unable to lookup nocubessrparmory:evolutionarmorbody for public static net.minecraft.item.Item net.mcreator.nocubessrparmory.item.ItemEvolutionArmor.body. This means the object wasn't registered. It's likely just mod options.
[02:55:33] [Server thread/DEBUG] [FML]: Unable to lookup nocubessrparmory:pestilentarmorbody for public static net.minecraft.item.Item net.mcreator.nocubessrparmory.item.ItemPestilentArmor.body. This means the object wasn't registered. It's likely just mod options.
[02:55:33] [Server thread/DEBUG] [FML]: Unable to lookup nocubessrpsurvival:fleshbarbecue for public static net.minecraft.item.Item net.mcreator.nocubessrpsurvival.item.ItemFleshBarbecue.block. This means the object wasn't registered. It's likely just mod options.
[02:55:33] [Server thread/DEBUG] [FML]: Unable to lookup chisel:technical1 for public static net.minecraft.block.Block techguns.plugins.chisel.TGChiselBlocks.CHISEL_TECHNICAL2. This means the object wasn't registered. It's likely just mod options.
[02:55:33] [Server thread/DEBUG] [FML]: Unable to lookup chisel:iron for public static net.minecraft.block.Block techguns.plugins.chisel.TGChiselBlocks.CHISEL_IRON. This means the object wasn't registered. It's likely just mod options.
[02:55:33] [Server thread/DEBUG] [FML]: Unable to lookup nocubessrpnests:wormtoothknifethrown for public static net.minecraft.item.Item net.mcreator.nocubessrpnests.item.ItemWormToothKnifeThrown.block. This means the object wasn't registered. It's likely just mod options.
[02:55:33] [Server thread/DEBUG] [FML]: Unable to lookup nocubessrpnests:wormtoothpickaxe for public static net.minecraft.item.Item net.mcreator.nocubessrpnests.item.ItemWormToothPickaxe.block. This means the object wasn't registered. It's likely just mod options.
[02:55:33] [Server thread/DEBUG] [FML]: Unable to lookup nocubessrparmory:mimicbladegreen for public static net.minecraft.item.Item net.mcreator.nocubessrparmory.item.ItemMimicBladeGreen.block. This means the object wasn't registered. It's likely just mod options.
[02:55:33] [Server thread/DEBUG] [FML]: Unable to lookup nocubessrpsurvival:cookedbuglinlarva for public static net.minecraft.item.Item net.mcreator.nocubessrpsurvival.item.ItemCookedBuglinLarva.block. This means the object wasn't registered. It's likely just mod options.
[02:55:33] [Server thread/DEBUG] [FML]: Unable to lookup nocubessrpsurvival:larvasalad for public static net.minecraft.item.Item net.mcreator.nocubessrpsurvival.item.ItemLarvaSalad.block. This means the object wasn't registered. It's likely just mod options.
[02:55:33] [Server thread/DEBUG] [FML]: Unable to lookup nocubessrparmory:adaptivearmorbody for public static net.minecraft.item.Item net.mcreator.nocubessrparmory.item.ItemAdaptiveArmor.body. This means the object wasn't registered. It's likely just mod options.
[02:55:33] [Server thread/DEBUG] [FML]: Unable to lookup nocubessrpsurvival:cookedparasiteheart for public static net.minecraft.item.Item net.mcreator.nocubessrpsurvival.item.ItemCookedParasiteHeart.block. This means the object wasn't registered. It's likely just mod options.
[02:55:33] [Server thread/DEBUG] [FML]: Unable to lookup nocubessrparmory:capsuleempty for public static net.minecraft.item.Item net.mcreator.nocubessrparmory.item.ItemCapsuleEmpty.block. This means the object wasn't registered. It's likely just mod options.
[02:55:33] [Server thread/DEBUG] [FML]: Unable to lookup nocubessrparmory:carapacepart for public static net.minecraft.item.Item net.mcreator.nocubessrparmory.item.ItemCarapacePart.block. This means the object wasn't registered. It's likely just mod options.
[02:55:33] [Server thread/DEBUG] [FML]: Unable to lookup nocubessrparmory:overlordcore for public static net.minecraft.item.Item net.mcreator.nocubessrparmory.item.ItemOverlordCore.block. This means the object wasn't registered. It's likely just mod options.
[02:55:33] [Server thread/DEBUG] [FML]: Unable to lookup netherite1_12_2:netheriteshovel for public static net.minecraft.item.Item net.mcreator.netherite1_12_2.MCreatorNetheriteShovel.block. This means the object wasn't registered. It's likely just mod options.
[02:55:33] [Server thread/DEBUG] [FML]: Unable to lookup chisel:stonebrick2 for public static net.minecraft.block.Block techguns.plugins.chisel.TGChiselBlocks.CHISEL_STONEBRICK2. This means the object wasn't registered. It's likely just mod options.
[02:55:33] [Server thread/DEBUG] [FML]: Unable to lookup nocubessrparmory:twistedbomb for public static net.minecraft.item.Item net.mcreator.nocubessrparmory.item.ItemTwistedBomb.block. This means the object wasn't registered. It's likely just mod options.
[02:55:33] [Server thread/DEBUG] [FML]: Unable to lookup cgm:chain_gun for public static net.minecraft.item.Item com.mrcrayfish.guns.init.ModGuns.CHAIN_GUN. This means the object wasn't registered. It's likely just mod options.
[02:55:33] [Server thread/DEBUG] [FML]: Unable to lookup nocubessrparmory:iconanyflamethrower for public static net.minecraft.item.Item net.mcreator.nocubessrparmory.item.ItemIconAnyFlamethrower.block. This means the object wasn't registered. It's likely just mod options.
[02:55:33] [Server thread/DEBUG] [FML]: Unable to lookup nocubessrparmory:overlordblade for public static net.minecraft.item.Item net.mcreator.nocubessrparmory.item.ItemOverlordBlade.block. This means the object wasn't registered. It's likely just mod options.
[02:55:33] [Server thread/DEBUG] [FML]: Unable to lookup nocubessrpsurvival:fleshstew for public static net.minecraft.item.Item net.mcreator.nocubessrpsurvival.item.ItemFleshStew.block. This means the object wasn't registered. It's likely just mod options.
[02:55:33] [Server thread/DEBUG] [FML]: Unable to lookup nocubessrparmory:pestilentmiasm for public static net.minecraft.item.Item net.mcreator.nocubessrparmory.item.ItemPestilentMiasm.block. This means the object wasn't registered. It's likely just mod options.
[02:55:33] [Server thread/DEBUG] [FML]: Unable to lookup nocubessrparmory:carapacearmorbody for public static net.minecraft.item.Item net.mcreator.nocubessrparmory.item.ItemCarapaceArmor.body. This means the object wasn't registered. It's likely just mod options.
[02:55:33] [Server thread/DEBUG] [FML]: Unable to lookup nocubessrparmory:flamethrowershaft for public static net.minecraft.item.Item net.mcreator.nocubessrparmory.item.ItemFlamethrowerShaft.block. This means the object wasn't registered. It's likely just mod options.
[02:55:33] [Server thread/DEBUG] [FML]: Unable to lookup nocubessrpsurvival:cookedtendons for public static net.minecraft.item.Item net.mcreator.nocubessrpsurvival.item.ItemCookedTendons.block. This means the object wasn't registered. It's likely just mod options.
[02:55:33] [Server thread/DEBUG] [FML]: Unable to lookup nocubessrpsurvival:redflesh for public static net.minecraft.item.Item net.mcreator.nocubessrpsurvival.item.ItemRedFlesh.block. This means the object wasn't registered. It's likely just mod options.
[02:55:33] [Server thread/DEBUG] [FML]: Unable to lookup nocubessrparmory:dreadnaughtcore for public static net.minecraft.item.Item net.mcreator.nocubessrparmory.item.ItemDreadnaughtCore.block. This means the object wasn't registered. It's likely just mod options.
[02:55:33] [Server thread/DEBUG] [FML]: Unable to lookup nocubessrparmory:carapacebroadsword for public static net.minecraft.item.Item net.mcreator.nocubessrparmory.item.ItemCarapaceBroadsword.block. This means the object wasn't registered. It's likely just mod options.
[02:55:33] [Server thread/INFO] [FML]: Holder lookups applied
[02:55:33] [Server thread/INFO] [FML]: Applying holder lookups
[02:55:33] [Server thread/DEBUG] [FML]: Unable to lookup chisel:technical for public static net.minecraft.block.Block techguns.plugins.chisel.TGChiselBlocks.CHISEL_TECHNICAL. This means the object wasn't registered. It's likely just mod options.
[02:55:33] [Server thread/DEBUG] [FML]: Unable to lookup chisel:ironpane for public static net.minecraft.block.Block techguns.plugins.chisel.TGChiselBlocks.CHISEL_IRON_PANE. This means the object wasn't registered. It's likely just mod options.
[02:55:33] [Server thread/DEBUG] [FML]: Unable to lookup chisel:andesite for public static net.minecraft.block.Block techguns.plugins.chisel.TGChiselBlocks.CHISEL_ANDESITE. This means the object wasn't registered. It's likely just mod options.
[02:55:33] [Server thread/DEBUG] [FML]: Unable to lookup chisel:stonebrick for public static net.minecraft.block.Block techguns.plugins.chisel.TGChiselBlocks.CHISEL_STONEBRICK. This means the object wasn't registered. It's likely just mod options.
[02:55:33] [Server thread/DEBUG] [FML]: Unable to lookup chisel:andesite1 for public static net.minecraft.block.Block techguns.plugins.chisel.TGChiselBlocks.CHISEL_ANDESITE1. This means the object wasn't registered. It's likely just mod options.
[02:55:33] [Server thread/DEBUG] [FML]: Unable to lookup chisel:limestone2 for public static net.minecraft.block.Block techguns.plugins.chisel.TGChiselBlocks.CHISEL_LIMESTONE2. This means the object wasn't registered. It's likely just mod options.
[02:55:33] [Server thread/DEBUG] [FML]: Unable to lookup chisel:planks-oak for public static net.minecraft.block.Block techguns.plugins.chisel.TGChiselBlocks.CHISEL_OAK_PLANKS. This means the object wasn't registered. It's likely just mod options.
[02:55:33] [Server thread/DEBUG] [FML]: Unable to lookup chisel:laboratory for public static net.minecraft.block.Block techguns.plugins.chisel.TGChiselBlocks.CHISEL_LABORATORY. This means the object wasn't registered. It's likely just mod options.
[02:55:33] [Server thread/DEBUG] [FML]: Unable to lookup securitycraft:owner for public static net.minecraftforge.registries.DataSerializerEntry net.geforcemods.securitycraft.api.Owner.SERIALIZER. This means the object wasn't registered. It's likely just mod options.
[02:55:33] [Server thread/DEBUG] [FML]: Unable to lookup chisel:concrete_blue1 for public static net.minecraft.block.Block techguns.plugins.chisel.TGChiselBlocks.CHISEL_CONCRETE_BLUE1. This means the object wasn't registered. It's likely just mod options.
[02:55:33] [Server thread/DEBUG] [FML]: Unable to lookup nocubessrpsurvival:devourerarmorboots for public static net.minecraft.item.Item net.mcreator.nocubessrpsurvival.item.ItemDevourerArmor.boots. This means the object wasn't registered. It's likely just mod options.
[02:55:33] [Server thread/DEBUG] [FML]: Unable to lookup chisel:netherrack for public static net.minecraft.block.Block techguns.plugins.chisel.TGChiselBlocks.CHISEL_NETHERRACK. This means the object wasn't registered. It's likely just mod options.
[02:55:33] [Server thread/DEBUG] [FML]: Unable to lookup chisel:bricks for public static net.minecraft.block.Block techguns.plugins.chisel.TGChiselBlocks.CHISEL_BRICKS. This means the object wasn't registered. It's likely just mod options.
[02:55:33] [Server thread/DEBUG] [FML]: Unable to lookup chisel:netherbrick for public static net.minecraft.block.Block techguns.plugins.chisel.TGChiselBlocks.CHISEL_NETHERBRICK. This means the object wasn't registered. It's likely just mod options.
[02:55:33] [Server thread/DEBUG] [FML]: Unable to lookup chisel:stonebrick1 for public static net.minecraft.block.Block techguns.plugins.chisel.TGChiselBlocks.CHISEL_STONEBRICK1. This means the object wasn't registered. It's likely just mod options.
[02:55:33] [Server thread/DEBUG] [FML]: Unable to lookup chisel:cobblestone for public static net.minecraft.block.Block techguns.plugins.chisel.TGChiselBlocks.CHISEL_COBBLESTONE. This means the object wasn't registered. It's likely just mod options.
[02:55:33] [Server thread/DEBUG] [FML]: Unable to lookup nocubessrpsurvival:devourerarmorlegs for public static net.minecraft.item.Item net.mcreator.nocubessrpsurvival.item.ItemDevourerArmor.legs. This means the object wasn't registered. It's likely just mod options.
[02:55:33] [Server thread/DEBUG] [FML]: Unable to lookup chisel:limestone for public static net.minecraft.block.Block techguns.plugins.chisel.TGChiselBlocks.CHISEL_LIMESTONE. This means the object wasn't registered. It's likely just mod options.
[02:55:33] [Server thread/DEBUG] [FML]: Unable to lookup chisel:factory for public static net.minecraft.block.Block techguns.plugins.chisel.TGChiselBlocks.CHISEL_FACTORY. This means the object wasn't registered. It's likely just mod options.
[02:55:33] [Server thread/DEBUG] [FML]: Unable to lookup chisel:technical1 for public static net.minecraft.block.Block techguns.plugins.chisel.TGChiselBlocks.CHISEL_TECHNICAL2. This means the object wasn't registered. It's likely just mod options.
[02:55:33] [Server thread/DEBUG] [FML]: Unable to lookup chisel:iron for public static net.minecraft.block.Block techguns.plugins.chisel.TGChiselBlocks.CHISEL_IRON. This means the object wasn't registered. It's likely just mod options.
[02:55:33] [Server thread/DEBUG] [FML]: Unable to lookup chisel:stonebrick2 for public static net.minecraft.block.Block techguns.plugins.chisel.TGChiselBlocks.CHISEL_STONEBRICK2. This means the object wasn't registered. It's likely just mod options.
[02:55:33] [Server thread/INFO] [FML]: Holder lookups applied
[02:55:34] [Server thread/INFO] [FML]: Applying holder lookups
[02:55:34] [Server thread/DEBUG] [FML]: Unable to lookup chisel:technical for public static net.minecraft.block.Block techguns.plugins.chisel.TGChiselBlocks.CHISEL_TECHNICAL. This means the object wasn't registered. It's likely just mod options.
[02:55:34] [Server thread/DEBUG] [FML]: Unable to lookup chisel:ironpane for public static net.minecraft.block.Block techguns.plugins.chisel.TGChiselBlocks.CHISEL_IRON_PANE. This means the object wasn't registered. It's likely just mod options.
[02:55:34] [Server thread/DEBUG] [FML]: Unable to lookup chisel:andesite for public static net.minecraft.block.Block techguns.plugins.chisel.TGChiselBlocks.CHISEL_ANDESITE. This means the object wasn't registered. It's likely just mod options.
[02:55:34] [Server thread/DEBUG] [FML]: Unable to lookup chisel:stonebrick for public static net.minecraft.block.Block techguns.plugins.chisel.TGChiselBlocks.CHISEL_STONEBRICK. This means the object wasn't registered. It's likely just mod options.
[02:55:34] [Server thread/DEBUG] [FML]: Unable to lookup chisel:andesite1 for public static net.minecraft.block.Block techguns.plugins.chisel.TGChiselBlocks.CHISEL_ANDESITE1. This means the object wasn't registered. It's likely just mod options.
[02:55:34] [Server thread/DEBUG] [FML]: Unable to lookup chisel:limestone2 for public static net.minecraft.block.Block techguns.plugins.chisel.TGChiselBlocks.CHISEL_LIMESTONE2. This means the object wasn't registered. It's likely just mod options.
[02:55:34] [Server thread/DEBUG] [FML]: Unable to lookup chisel:planks-oak for public static net.minecraft.block.Block techguns.plugins.chisel.TGChiselBlocks.CHISEL_OAK_PLANKS. This means the object wasn't registered. It's likely just mod options.
[02:55:34] [Server thread/DEBUG] [FML]: Unable to lookup chisel:laboratory for public static net.minecraft.block.Block techguns.plugins.chisel.TGChiselBlocks.CHISEL_LABORATORY. This means the object wasn't registered. It's likely just mod options.
[02:55:34] [Server thread/DEBUG] [FML]: Unable to lookup chisel:concrete_blue1 for public static net.minecraft.block.Block techguns.plugins.chisel.TGChiselBlocks.CHISEL_CONCRETE_BLUE1. This means the object wasn't registered. It's likely just mod options.
[02:55:34] [Server thread/DEBUG] [FML]: Unable to lookup nocubessrpsurvival:devourerarmorboots for public static net.minecraft.item.Item net.mcreator.nocubessrpsurvival.item.ItemDevourerArmor.boots. This means the object wasn't registered. It's likely just mod options.
[02:55:34] [Server thread/DEBUG] [FML]: Unable to lookup chisel:netherrack for public static net.minecraft.block.Block techguns.plugins.chisel.TGChiselBlocks.CHISEL_NETHERRACK. This means the object wasn't registered. It's likely just mod options.
[02:55:34] [Server thread/DEBUG] [FML]: Unable to lookup chisel:bricks for public static net.minecraft.block.Block techguns.plugins.chisel.TGChiselBlocks.CHISEL_BRICKS. This means the object wasn't registered. It's likely just mod options.
[02:55:34] [Server thread/DEBUG] [FML]: Unable to lookup chisel:netherbrick for public static net.minecraft.block.Block techguns.plugins.chisel.TGChiselBlocks.CHISEL_NETHERBRICK. This means the object wasn't registered. It's likely just mod options.
[02:55:34] [Server thread/DEBUG] [FML]: Unable to lookup chisel:stonebrick1 for public static net.minecraft.block.Block techguns.plugins.chisel.TGChiselBlocks.CHISEL_STONEBRICK1. This means the object wasn't registered. It's likely just mod options.
[02:55:34] [Server thread/DEBUG] [FML]: Unable to lookup chisel:cobblestone for public static net.minecraft.block.Block techguns.plugins.chisel.TGChiselBlocks.CHISEL_COBBLESTONE. This means the object wasn't registered. It's likely just mod options.
[02:55:34] [Server thread/DEBUG] [FML]: Unable to lookup nocubessrpsurvival:devourerarmorlegs for public static net.minecraft.item.Item net.mcreator.nocubessrpsurvival.item.ItemDevourerArmor.legs. This means the object wasn't registered. It's likely just mod options.
[02:55:34] [Server thread/DEBUG] [FML]: Unable to lookup chisel:limestone for public static net.minecraft.block.Block techguns.plugins.chisel.TGChiselBlocks.CHISEL_LIMESTONE. This means the object wasn't registered. It's likely just mod options.
[02:55:34] [Server thread/DEBUG] [FML]: Unable to lookup chisel:factory for public static net.minecraft.block.Block techguns.plugins.chisel.TGChiselBlocks.CHISEL_FACTORY. This means the object wasn't registered. It's likely just mod options.
[02:55:34] [Server thread/DEBUG] [FML]: Unable to lookup chisel:technical1 for public static net.minecraft.block.Block techguns.plugins.chisel.TGChiselBlocks.CHISEL_TECHNICAL2. This means the object wasn't registered. It's likely just mod options.
[02:55:34] [Server thread/DEBUG] [FML]: Unable to lookup chisel:iron for public static net.minecraft.block.Block techguns.plugins.chisel.TGChiselBlocks.CHISEL_IRON. This means the object wasn't registered. It's likely just mod options.
[02:55:34] [Server thread/DEBUG] [FML]: Unable to lookup chisel:stonebrick2 for public static net.minecraft.block.Block techguns.plugins.chisel.TGChiselBlocks.CHISEL_STONEBRICK2. This means the object wasn't registered. It's likely just mod options.
[02:55:34] [Server thread/INFO] [FML]: Holder lookups applied
[02:55:34] [Server thread/INFO] [FML]: Applying holder lookups
[02:55:34] [Server thread/DEBUG] [FML]: Unable to lookup chisel:technical for public static net.minecraft.block.Block techguns.plugins.chisel.TGChiselBlocks.CHISEL_TECHNICAL. This means the object wasn't registered. It's likely just mod options.
[02:55:34] [Server thread/DEBUG] [FML]: Unable to lookup chisel:ironpane for public static net.minecraft.block.Block techguns.plugins.chisel.TGChiselBlocks.CHISEL_IRON_PANE. This means the object wasn't registered. It's likely just mod options.
[02:55:34] [Server thread/DEBUG] [FML]: Unable to lookup chisel:andesite for public static net.minecraft.block.Block techguns.plugins.chisel.TGChiselBlocks.CHISEL_ANDESITE. This means the object wasn't registered. It's likely just mod options.
[02:55:34] [Server thread/DEBUG] [FML]: Unable to lookup chisel:stonebrick for public static net.minecraft.block.Block techguns.plugins.chisel.TGChiselBlocks.CHISEL_STONEBRICK. This means the object wasn't registered. It's likely just mod options.
[02:55:34] [Server thread/DEBUG] [FML]: Unable to lookup chisel:andesite1 for public static net.minecraft.block.Block techguns.plugins.chisel.TGChiselBlocks.CHISEL_ANDESITE1. This means the object wasn't registered. It's likely just mod options.
[02:55:34] [Server thread/DEBUG] [FML]: Unable to lookup chisel:limestone2 for public static net.minecraft.block.Block techguns.plugins.chisel.TGChiselBlocks.CHISEL_LIMESTONE2. This means the object wasn't registered. It's likely just mod options.
[02:55:34] [Server thread/DEBUG] [FML]: Unable to lookup chisel:planks-oak for public static net.minecraft.block.Block techguns.plugins.chisel.TGChiselBlocks.CHISEL_OAK_PLANKS. This means the object wasn't registered. It's likely just mod options.
[02:55:34] [Server thread/DEBUG] [FML]: Unable to lookup chisel:laboratory for public static net.minecraft.block.Block techguns.plugins.chisel.TGChiselBlocks.CHISEL_LABORATORY. This means the object wasn't registered. It's likely just mod options.
[02:55:34] [Server thread/DEBUG] [FML]: Unable to lookup chisel:concrete_blue1 for public static net.minecraft.block.Block techguns.plugins.chisel.TGChiselBlocks.CHISEL_CONCRETE_BLUE1. This means the object wasn't registered. It's likely just mod options.
[02:55:34] [Server thread/DEBUG] [FML]: Unable to lookup nocubessrpsurvival:devourerarmorboots for public static net.minecraft.item.Item net.mcreator.nocubessrpsurvival.item.ItemDevourerArmor.boots. This means the object wasn't registered. It's likely just mod options.
[02:55:34] [Server thread/DEBUG] [FML]: Unable to lookup chisel:netherrack for public static net.minecraft.block.Block techguns.plugins.chisel.TGChiselBlocks.CHISEL_NETHERRACK. This means the object wasn't registered. It's likely just mod options.
[02:55:34] [Server thread/DEBUG] [FML]: Unable to lookup chisel:bricks for public static net.minecraft.block.Block techguns.plugins.chisel.TGChiselBlocks.CHISEL_BRICKS. This means the object wasn't registered. It's likely just mod options.
[02:55:34] [Server thread/DEBUG] [FML]: Unable to lookup chisel:netherbrick for public static net.minecraft.block.Block techguns.plugins.chisel.TGChiselBlocks.CHISEL_NETHERBRICK. This means the object wasn't registered. It's likely just mod options.
[02:55:34] [Server thread/DEBUG] [FML]: Unable to lookup chisel:stonebrick1 for public static net.minecraft.block.Block techguns.plugins.chisel.TGChiselBlocks.CHISEL_STONEBRICK1. This means the object wasn't registered. It's likely just mod options.
[02:55:34] [Server thread/DEBUG] [FML]: Unable to lookup chisel:cobblestone for public static net.minecraft.block.Block techguns.plugins.chisel.TGChiselBlocks.CHISEL_COBBLESTONE. This means the object wasn't registered. It's likely just mod options.
[02:55:34] [Server thread/DEBUG] [FML]: Unable to lookup nocubessrpsurvival:devourerarmorlegs for public static net.minecraft.item.Item net.mcreator.nocubessrpsurvival.item.ItemDevourerArmor.legs. This means the object wasn't registered. It's likely just mod options.
[02:55:34] [Server thread/DEBUG] [FML]: Unable to lookup chisel:limestone for public static net.minecraft.block.Block techguns.plugins.chisel.TGChiselBlocks.CHISEL_LIMESTONE. This means the object wasn't registered. It's likely just mod options.
[02:55:34] [Server thread/DEBUG] [FML]: Unable to lookup chisel:factory for public static net.minecraft.block.Block techguns.plugins.chisel.TGChiselBlocks.CHISEL_FACTORY. This means the object wasn't registered. It's likely just mod options.
[02:55:34] [Server thread/DEBUG] [FML]: Unable to lookup chisel:technical1 for public static net.minecraft.block.Block techguns.plugins.chisel.TGChiselBlocks.CHISEL_TECHNICAL2. This means the object wasn't registered. It's likely just mod options.
[02:55:34] [Server thread/DEBUG] [FML]: Unable to lookup chisel:iron for public static net.minecraft.block.Block techguns.plugins.chisel.TGChiselBlocks.CHISEL_IRON. This means the object wasn't registered. It's likely just mod options.
[02:55:34] [Server thread/DEBUG] [FML]: Unable to lookup chisel:stonebrick2 for public static net.minecraft.block.Block techguns.plugins.chisel.TGChiselBlocks.CHISEL_STONEBRICK2. This means the object wasn't registered. It's likely just mod options.
[02:55:34] [Server thread/INFO] [FML]: Holder lookups applied
[02:55:34] [Server thread/INFO] [FML]: Injecting itemstacks
[02:55:34] [Server thread/INFO] [FML]: Itemstack injection complete
[02:55:34] [Server thread/INFO] [net.minecraft.server.dedicated.DedicatedServer]: Loading properties
[02:55:34] [Server thread/INFO] [net.minecraft.server.dedicated.DedicatedServer]: Default game type: SURVIVAL
[02:55:34] [Server thread/INFO] [net.minecraft.server.dedicated.DedicatedServer]: Generating keypair
[02:55:34] [Server thread/INFO] [net.minecraft.server.dedicated.DedicatedServer]: Starting Minecraft server on *:25565
[02:55:34] [Server thread/INFO] [net.minecraft.network.NetworkSystem]: Using epoll channel type
[02:55:34] [Server thread/WARN] [net.minecraft.server.dedicated.DedicatedServer]: **** FAILED TO BIND TO PORT!
[02:55:34] [Server thread/WARN] [net.minecraft.server.dedicated.DedicatedServer]: The exception was: io.netty.channel.unix.Errors$NativeIoException: bind(..) failed: Address already in use
[02:55:34] [Server thread/WARN] [net.minecraft.server.dedicated.DedicatedServer]: Perhaps a server is already running on that port?
[02:55:34] [Server thread/INFO] [net.minecraft.server.MinecraftServer]: Stopping server
[02:55:34] [Server thread/INFO] [net.minecraft.server.MinecraftServer]: Saving worlds
[02:55:34] [Server thread/TRACE] [FML]: Sending event FMLServerStoppedEvent to mod minecraft
[02:55:34] [Server thread/TRACE] [FML]: Sent event FMLServerStoppedEvent to mod minecraft
[02:55:34] [Server thread/DEBUG] [FML]: Bar Step: ServerStopped - Minecraft took 0.000s
[02:55:34] [Server thread/TRACE] [FML]: Sending event FMLServerStoppedEvent to mod mcp
[02:55:34] [Server thread/TRACE] [FML]: Sent event FMLServerStoppedEvent to mod mcp
[02:55:34] [Server thread/DEBUG] [FML]: Bar Step: ServerStopped - Minecraft Coder Pack took 0.000s
[02:55:34] [Server thread/TRACE] [FML]: Sending event FMLServerStoppedEvent to mod FML
[02:55:34] [Server thread/TRACE] [FML]: Sent event FMLServerStoppedEvent to mod FML
[02:55:34] [Server thread/DEBUG] [FML]: Bar Step: ServerStopped - Forge Mod Loader took 0.000s
[02:55:34] [Server thread/TRACE] [FML]: Sending event FMLServerStoppedEvent to mod forge
[02:55:34] [Server thread/TRACE] [FML]: Sent event FMLServerStoppedEvent to mod forge
[02:55:34] [Server thread/DEBUG] [FML]: Bar Step: ServerStopped - Minecraft Forge took 0.000s
[02:55:34] [Server thread/TRACE] [FML]: Sending event FMLServerStoppedEvent to mod creativecoredummy
[02:55:34] [Server thread/TRACE] [FML]: Sent event FMLServerStoppedEvent to mod creativecoredummy
[02:55:34] [Server thread/DEBUG] [FML]: Bar Step: ServerStopped - CreativeCoreDummy took 0.000s
[02:55:34] [Server thread/TRACE] [FML]: Sending event FMLServerStoppedEvent to mod obfuscate
[02:55:34] [Server thread/TRACE] [FML]: Sent event FMLServerStoppedEvent to mod obfuscate
[02:55:34] [Server thread/DEBUG] [FML]: Bar Step: ServerStopped - Obfuscate took 0.000s
[02:55:34] [Server thread/TRACE] [FML]: Sending event FMLServerStoppedEvent to mod techguns_core
[02:55:34] [Server thread/TRACE] [FML]: Sent event FMLServerStoppedEvent to mod techguns_core
[02:55:34] [Server thread/DEBUG] [FML]: Bar Step: ServerStopped - Techguns Core took 0.000s
[02:55:34] [Server thread/TRACE] [FML]: Sending event FMLServerStoppedEvent to mod securitycraft
[02:55:34] [Server thread/TRACE] [FML]: Sent event FMLServerStoppedEvent to mod securitycraft
[02:55:34] [Server thread/DEBUG] [FML]: Bar Step: ServerStopped - SecurityCraft took 0.002s
[02:55:34] [Server thread/TRACE] [FML]: Sending event FMLServerStoppedEvent to mod carryon
[02:55:34] [Server thread/TRACE] [FML]: Sent event FMLServerStoppedEvent to mod carryon
[02:55:34] [Server thread/DEBUG] [FML]: Bar Step: ServerStopped - Carry On took 0.000s
[02:55:34] [Server thread/TRACE] [FML]: Sending event FMLServerStoppedEvent to mod creativecore
[02:55:34] [Server thread/TRACE] [FML]: Sent event FMLServerStoppedEvent to mod creativecore
[02:55:34] [Server thread/DEBUG] [FML]: Bar Step: ServerStopped - CreativeCore took 0.000s
[02:55:34] [Server thread/TRACE] [FML]: Sending event FMLServerStoppedEvent to mod cgm
[02:55:34] [Server thread/TRACE] [FML]: Sent event FMLServerStoppedEvent to mod cgm
[02:55:34] [Server thread/DEBUG] [FML]: Bar Step: ServerStopped - MrCrayfish's Gun Mod took 0.000s
[02:55:34] [Server thread/TRACE] [FML]: Sending event FMLServerStoppedEvent to mod waila
[02:55:34] [Server thread/TRACE] [FML]: Sent event FMLServerStoppedEvent to mod waila
[02:55:34] [Server thread/DEBUG] [FML]: Bar Step: ServerStopped - Waila took 0.000s
[02:55:34] [Server thread/TRACE] [FML]: Sending event FMLServerStoppedEvent to mod jei
[02:55:34] [Server thread/TRACE] [FML]: Sent event FMLServerStoppedEvent to mod jei
[02:55:34] [Server thread/DEBUG] [FML]: Bar Step: ServerStopped - Just Enough Items took 0.000s
[02:55:34] [Server thread/TRACE] [FML]: Sending event FMLServerStoppedEvent to mod journeymap
[02:55:34] [Server thread/TRACE] [FML]: Sent event FMLServerStoppedEvent to mod journeymap
[02:55:34] [Server thread/DEBUG] [FML]: Bar Step: ServerStopped - JourneyMap took 0.000s
[02:55:34] [Server thread/TRACE] [FML]: Sending event FMLServerStoppedEvent to mod netherite1_12_2
[02:55:34] [Server thread/TRACE] [FML]: Sent event FMLServerStoppedEvent to mod netherite1_12_2
[02:55:34] [Server thread/DEBUG] [FML]: Bar Step: ServerStopped - Netherite (1.12.2) took 0.000s
[02:55:34] [Server thread/TRACE] [FML]: Sending event FMLServerStoppedEvent to mod nocubessrparmory
[02:55:34] [Server thread/TRACE] [FML]: Sent event FMLServerStoppedEvent to mod nocubessrparmory
[02:55:34] [Server thread/DEBUG] [FML]: Bar Step: ServerStopped - SRP: Combat Addon (by NoCube) took 0.000s
[02:55:34] [Server thread/TRACE] [FML]: Sending event FMLServerStoppedEvent to mod nocubessrpnests
[02:55:34] [Server thread/TRACE] [FML]: Sent event FMLServerStoppedEvent to mod nocubessrpnests
[02:55:34] [Server thread/DEBUG] [FML]: Bar Step: ServerStopped - SRP: Nests Addon (by NoCube) took 0.000s
[02:55:34] [Server thread/TRACE] [FML]: Sending event FMLServerStoppedEvent to mod nocubessrpsurvival
[02:55:34] [Server thread/TRACE] [FML]: Sent event FMLServerStoppedEvent to mod nocubessrpsurvival
[02:55:34] [Server thread/DEBUG] [FML]: Bar Step: ServerStopped - SRP: Survival Addon (by NoCube) took 0.000s
[02:55:34] [Server thread/TRACE] [FML]: Sending event FMLServerStoppedEvent to mod playerrevive
[02:55:34] [Server thread/TRACE] [FML]: Sent event FMLServerStoppedEvent to mod playerrevive
[02:55:34] [Server thread/DEBUG] [FML]: Bar Step: ServerStopped - Player Revive took 0.000s
[02:55:34] [Server thread/TRACE] [FML]: Sending event FMLServerStoppedEvent to mod srparasites
[02:55:34] [Server thread/TRACE] [FML]: Sent event FMLServerStoppedEvent to mod srparasites
[02:55:34] [Server thread/DEBUG] [FML]: Bar Step: ServerStopped - Scape and Run Parasites took 0.000s
[02:55:34] [Server thread/TRACE] [FML]: Sending event FMLServerStoppedEvent to mod overlast
[02:55:34] [Server thread/TRACE] [FML]: Sent event FMLServerStoppedEvent to mod overlast
[02:55:34] [Server thread/DEBUG] [FML]: Bar Step: ServerStopped - Parasites Addon : OverLast took 0.000s
[02:55:34] [Server thread/TRACE] [FML]: Sending event FMLServerStoppedEvent to mod simpletomb
[02:55:34] [Server thread/TRACE] [FML]: Sent event FMLServerStoppedEvent to mod simpletomb
[02:55:34] [Server thread/DEBUG] [FML]: Bar Step: ServerStopped - Simple Tomb took 0.000s
[02:55:34] [Server thread/TRACE] [FML]: Sending event FMLServerStoppedEvent to mod techguns
[02:55:34] [Server thread/TRACE] [FML]: Sent event FMLServerStoppedEvent to mod techguns
[02:55:34] [Server thread/DEBUG] [FML]: Bar Step: ServerStopped - Techguns took 0.000s
[02:55:34] [Server thread/TRACE] [FML]: Sending event FMLServerStoppedEvent to mod travelersbackpack
[02:55:34] [Server thread/TRACE] [FML]: Sent event FMLServerStoppedEvent to mod travelersbackpack
[02:55:34] [Server thread/DEBUG] [FML]: Bar Step: ServerStopped - Traveler's Backpack took 0.000s
[02:55:34] [Server thread/TRACE] [FML]: Sending event FMLServerStoppedEvent to mod llibrary
[02:55:34] [Server thread/TRACE] [FML]: Sent event FMLServerStoppedEvent to mod llibrary
[02:55:34] [Server thread/DEBUG] [FML]: Bar Step: ServerStopped - LLibrary took 0.000s
[02:55:34] [Server thread/DEBUG] [FML]: Bar Finished: ServerStopped took 0.007s
[02:55:34] [Server thread/INFO] [FML]: The state engine was in incorrect state POSTINITIALIZATION and forced into state SERVER_STOPPED. Errors may have been discarded.
[02:55:34] [Server Shutdown Thread/INFO] [net.minecraft.server.MinecraftServer]: Stopping server
[02:55:34] [Server Shutdown Thread/INFO] [net.minecraft.server.MinecraftServer]: Saving worlds
