[03:09:15] [main/INFO] [LaunchWrapper]: Loading tweak class name net.minecraftforge.fml.common.launcher.FMLServerTweaker
[03:09:15] [main/INFO] [LaunchWrapper]: Using primary tweak class name net.minecraftforge.fml.common.launcher.FMLServerTweaker
[03:09:15] [main/INFO] [LaunchWrapper]: Calling tweak class net.minecraftforge.fml.common.launcher.FMLServerTweaker
[03:09:15] [main/INFO] [FML]: Forge Mod Loader version 14.23.5.2860 for Minecraft 1.12.2 loading
[03:09:15] [main/INFO] [FML]: Java is OpenJDK 64-Bit Server VM, version 1.8.0_462, running on Linux:amd64:6.8.0-1030-azure, installed at /usr/lib/jvm/java-8-openjdk-amd64/jre
[03:09:15] [main/INFO] [FML]: Searching /workspaces/modjava/servidor_minecraft/./mods for mods
[03:09:15] [main/INFO] [FML]: Loading tweaker org.spongepowered.asm.launch.MixinTweaker from [1.12.2] SecurityCraft v1.10.jar
[03:09:15] [main/WARN] [FML]: Found FMLCorePluginContainsFMLMod marker in CreativeCore_v1.10.71_mc1.12.2.jar. This is not recommended, @Mods should be in a separate jar from the coremod.
[03:09:15] [main/WARN] [FML]: The coremod com.creativemd.creativecore.core.CreativePatchingLoader does not have a MCVersion annotation, it may cause issues with this version of Minecraft
[03:09:15] [main/WARN] [FML]: The coremod CreativePatchingLoader (com.creativemd.creativecore.core.CreativePatchingLoader) is not signed!
[03:09:15] [main/WARN] [FML]: The coremod ObfuscatePlugin (com.mrcrayfish.obfuscate.asm.ObfuscatePlugin) is not signed!
[03:09:15] [main/INFO] [FML]: Loading tweaker optifine.OptiFineForgeTweaker from OptiFine-OptiFine-1.12.2_HD_U_G5.jar
[03:09:15] [main/WARN] [FML]: Found FMLCorePluginContainsFMLMod marker in techguns-1.12.2-2.0.2.0_pre3.2.jar. This is not recommended, @Mods should be in a separate jar from the coremod.
[03:09:15] [main/WARN] [FML]: The coremod Techguns Core (techguns.core.TechgunsFMLPlugin) is not signed!
[03:09:15] [main/INFO] [LaunchWrapper]: Loading tweak class name net.minecraftforge.fml.common.launcher.FMLInjectionAndSortingTweaker
[03:09:15] [main/INFO] [LaunchWrapper]: Loading tweak class name org.spongepowered.asm.launch.MixinTweaker
[03:09:15] [main/INFO] [mixin]: SpongePowered MIXIN Subsystem Version=0.8.3 Source=file:/workspaces/modjava/servidor_minecraft/./mods/%5B1.12.2%5D%20SecurityCraft%20v1.10.jar Service=LaunchWrapper Env=SERVER
[03:09:15] [main/WARN] [FML]: The coremod SecurityCraftLoadingPlugin (net.geforcemods.securitycraft.SecurityCraftLoadingPlugin) is not signed!
[03:09:15] [main/INFO] [mixin]: Compatibility level set to JAVA_8
[03:09:15] [main/INFO] [LaunchWrapper]: Loading tweak class name optifine.OptiFineForgeTweaker
[03:09:15] [main/INFO] [LaunchWrapper]: Loading tweak class name net.minecraftforge.fml.common.launcher.FMLDeobfTweaker
[03:09:15] [main/INFO] [LaunchWrapper]: Calling tweak class net.minecraftforge.fml.common.launcher.FMLInjectionAndSortingTweaker
[03:09:15] [main/INFO] [LaunchWrapper]: Calling tweak class net.minecraftforge.fml.common.launcher.FMLInjectionAndSortingTweaker
[03:09:15] [main/INFO] [LaunchWrapper]: Calling tweak class optifine.OptiFineForgeTweaker
[03:09:15] [main/INFO] [STDOUT]: [optifine.OptiFineForgeTweaker:dbg:56]: OptiFineForgeTweaker: acceptOptions
[03:09:15] [main/INFO] [STDOUT]: [optifine.OptiFineForgeTweaker:dbg:56]: OptiFineForgeTweaker: Forge server detected, skipping class transformer
[03:09:15] [main/INFO] [LaunchWrapper]: Calling tweak class net.minecraftforge.fml.relauncher.CoreModManager$FMLPluginWrapper
[03:09:16] [main/WARN] [FML]: Patcher expecting empty class data file for net.minecraft.client.settings.GameSettings, but received non-empty
[03:09:16] [main/WARN] [FML]: Patcher expecting empty class data file for net.minecraft.client.settings.GameSettings$2, but received non-empty
[03:09:16] [main/WARN] [FML]: Patcher expecting empty class data file for net.minecraft.client.settings.GameSettings$Options, but received non-empty
[03:09:16] [main/WARN] [FML]: Patcher expecting empty class data file for net.minecraft.client.LoadingScreenRenderer, but received non-empty
[03:09:16] [main/WARN] [FML]: Patcher expecting empty class data file for net.minecraft.util.ScreenShotHelper, but received non-empty
[03:09:16] [main/WARN] [FML]: Patcher expecting empty class data file for net.minecraft.client.gui.FontRenderer, but received non-empty
[03:09:16] [main/WARN] [FML]: Patcher expecting empty class data file for net.minecraft.client.gui.GuiIngame, but received non-empty
[03:09:16] [main/WARN] [FML]: Patcher expecting empty class data file for net.minecraft.client.gui.GuiIngame$1, but received non-empty
[03:09:16] [main/WARN] [FML]: Patcher expecting empty class data file for net.minecraft.client.gui.GuiOverlayDebug, but received non-empty
[03:09:16] [main/WARN] [FML]: Patcher expecting empty class data file for net.minecraft.client.gui.GuiOverlayDebug$1, but received non-empty
[03:09:16] [main/WARN] [FML]: Patcher expecting empty class data file for net.minecraft.client.gui.GuiSlot, but received non-empty
[03:09:16] [main/WARN] [FML]: Patcher expecting empty class data file for net.minecraft.client.gui.GuiMainMenu, but received non-empty
[03:09:16] [main/WARN] [FML]: Patcher expecting empty class data file for net.minecraft.client.gui.GuiVideoSettings, but received non-empty
[03:09:17] [main/WARN] [FML]: Patcher expecting empty class data file for net.minecraft.client.model.TexturedQuad, but received non-empty
[03:09:17] [main/WARN] [FML]: Patcher expecting empty class data file for net.minecraft.client.model.ModelBox, but received non-empty
[03:09:17] [main/WARN] [FML]: Patcher expecting empty class data file for net.minecraft.client.model.ModelRenderer, but received non-empty
[03:09:17] [main/WARN] [FML]: Patcher expecting empty class data file for net.minecraft.client.multiplayer.WorldClient, but received non-empty
[03:09:17] [main/WARN] [FML]: Patcher expecting empty class data file for net.minecraft.client.multiplayer.WorldClient$1, but received non-empty
[03:09:17] [main/WARN] [FML]: Patcher expecting empty class data file for net.minecraft.client.multiplayer.WorldClient$2, but received non-empty
[03:09:17] [main/WARN] [FML]: Patcher expecting empty class data file for net.minecraft.client.multiplayer.WorldClient$3, but received non-empty
[03:09:17] [main/WARN] [FML]: Patcher expecting empty class data file for net.minecraft.client.multiplayer.WorldClient$4, but received non-empty
[03:09:17] [main/WARN] [FML]: Patcher expecting empty class data file for net.minecraft.client.particle.ParticleManager, but received non-empty
[03:09:17] [main/WARN] [FML]: Patcher expecting empty class data file for net.minecraft.client.particle.ParticleManager$1, but received non-empty
[03:09:17] [main/WARN] [FML]: Patcher expecting empty class data file for net.minecraft.client.particle.ParticleManager$2, but received non-empty
[03:09:17] [main/WARN] [FML]: Patcher expecting empty class data file for net.minecraft.client.particle.ParticleManager$3, but received non-empty
[03:09:17] [main/WARN] [FML]: Patcher expecting empty class data file for net.minecraft.client.particle.ParticleManager$4, but received non-empty
[03:09:17] [main/WARN] [FML]: Patcher expecting empty class data file for net.minecraft.client.entity.AbstractClientPlayer, but received non-empty
[03:09:17] [main/WARN] [FML]: Patcher expecting empty class data file for net.minecraft.client.renderer.BufferBuilder, but received non-empty
[03:09:17] [main/WARN] [FML]: Patcher expecting empty class data file for net.minecraft.client.renderer.BufferBuilder$1, but received non-empty
[03:09:17] [main/WARN] [FML]: Patcher expecting empty class data file for net.minecraft.client.renderer.BufferBuilder$2, but received non-empty
[03:09:17] [main/WARN] [FML]: Patcher expecting empty class data file for net.minecraft.client.renderer.BufferBuilder$State, but received non-empty
[03:09:17] [main/WARN] [FML]: Patcher expecting empty class data file for net.minecraft.client.renderer.EntityRenderer, but received non-empty
[03:09:17] [main/WARN] [FML]: Patcher expecting empty class data file for net.minecraft.client.renderer.EntityRenderer$1, but received non-empty
[03:09:17] [main/WARN] [FML]: Patcher expecting empty class data file for net.minecraft.client.renderer.EntityRenderer$2, but received non-empty
[03:09:17] [main/WARN] [FML]: Patcher expecting empty class data file for net.minecraft.client.renderer.EntityRenderer$3, but received non-empty
[03:09:17] [main/WARN] [FML]: Patcher expecting empty class data file for net.minecraft.client.renderer.EntityRenderer$4, but received non-empty
[03:09:17] [main/WARN] [FML]: Patcher expecting empty class data file for net.minecraft.client.renderer.ItemRenderer, but received non-empty
[03:09:17] [main/WARN] [FML]: Patcher expecting empty class data file for net.minecraft.client.renderer.ItemRenderer$1, but received non-empty
[03:09:17] [main/WARN] [FML]: Patcher expecting empty class data file for net.minecraft.client.renderer.RenderGlobal, but received non-empty
[03:09:17] [main/WARN] [FML]: Patcher expecting empty class data file for net.minecraft.client.renderer.RenderGlobal$1, but received non-empty
[03:09:17] [main/WARN] [FML]: Patcher expecting empty class data file for net.minecraft.client.renderer.RenderGlobal$2, but received non-empty
[03:09:17] [main/WARN] [FML]: Patcher expecting empty class data file for net.minecraft.client.renderer.RenderGlobal$ContainerLocalRenderInformation, but received non-empty
[03:09:17] [main/WARN] [FML]: Patcher expecting empty class data file for net.minecraft.client.renderer.BlockFluidRenderer, but received non-empty
[03:09:17] [main/WARN] [FML]: Patcher expecting empty class data file for net.minecraft.client.renderer.BlockModelRenderer, but received non-empty
[03:09:17] [main/WARN] [FML]: Patcher expecting empty class data file for net.minecraft.client.renderer.BlockModelRenderer$1, but received non-empty
[03:09:17] [main/WARN] [FML]: Patcher expecting empty class data file for net.minecraft.client.renderer.BlockModelRenderer$EnumNeighborInfo, but received non-empty
[03:09:17] [main/WARN] [FML]: Patcher expecting empty class data file for net.minecraft.client.renderer.BlockModelRenderer$AmbientOcclusionFace, but received non-empty
[03:09:17] [main/WARN] [FML]: Patcher expecting empty class data file for net.minecraft.client.renderer.BlockModelRenderer$VertexTranslations, but received non-empty
[03:09:17] [main/WARN] [FML]: Patcher expecting empty class data file for net.minecraft.client.renderer.BlockModelRenderer$Orientation, but received non-empty
[03:09:17] [main/WARN] [FML]: Patcher expecting empty class data file for net.minecraft.client.renderer.block.model.BakedQuad, but received non-empty
[03:09:17] [main/WARN] [FML]: Patcher expecting empty class data file for net.minecraft.client.renderer.block.model.BakedQuadRetextured, but received non-empty
[03:09:17] [main/WARN] [FML]: Patcher expecting empty class data file for net.minecraft.client.renderer.block.model.FaceBakery, but received non-empty
[03:09:17] [main/WARN] [FML]: Patcher expecting empty class data file for net.minecraft.client.renderer.block.model.FaceBakery$5, but received non-empty
[03:09:17] [main/WARN] [FML]: Patcher expecting empty class data file for net.minecraft.client.renderer.block.model.ItemOverrideList, but received non-empty
[03:09:17] [main/WARN] [FML]: Patcher expecting empty class data file for net.minecraft.client.renderer.tileentity.TileEntityRendererDispatcher, but received non-empty
[03:09:17] [main/WARN] [FML]: Patcher expecting empty class data file for net.minecraft.client.renderer.tileentity.TileEntitySpecialRenderer, but received non-empty
[03:09:17] [main/WARN] [FML]: Patcher expecting empty class data file for net.minecraft.client.renderer.chunk.ChunkRenderDispatcher, but received non-empty
[03:09:17] [main/WARN] [FML]: Patcher expecting empty class data file for net.minecraft.client.renderer.chunk.ChunkRenderDispatcher$1, but received non-empty
[03:09:17] [main/WARN] [FML]: Patcher expecting empty class data file for net.minecraft.client.renderer.chunk.ChunkRenderDispatcher$2, but received non-empty
[03:09:17] [main/WARN] [FML]: Patcher expecting empty class data file for net.minecraft.client.renderer.chunk.ChunkRenderDispatcher$3, but received non-empty
[03:09:17] [main/WARN] [FML]: Patcher expecting empty class data file for net.minecraft.client.renderer.chunk.ChunkRenderDispatcher$PendingUpload, but received non-empty
[03:09:17] [main/WARN] [FML]: Patcher expecting empty class data file for net.minecraft.client.renderer.chunk.RenderChunk, but received non-empty
[03:09:17] [main/WARN] [FML]: Patcher expecting empty class data file for net.minecraft.client.renderer.entity.RenderManager, but received non-empty
[03:09:17] [main/WARN] [FML]: Patcher expecting empty class data file for net.minecraft.client.renderer.entity.RenderItemFrame, but received non-empty
[03:09:17] [main/WARN] [FML]: Patcher expecting empty class data file for net.minecraft.client.renderer.RenderItem, but received non-empty
[03:09:17] [main/WARN] [FML]: Patcher expecting empty class data file for net.minecraft.client.renderer.RenderItem$1, but received non-empty
[03:09:17] [main/WARN] [FML]: Patcher expecting empty class data file for net.minecraft.client.renderer.RenderItem$9, but received non-empty
[03:09:17] [main/WARN] [FML]: Patcher expecting empty class data file for net.minecraft.client.renderer.RenderItem$10, but received non-empty
[03:09:17] [main/WARN] [FML]: Patcher expecting empty class data file for net.minecraft.client.renderer.RenderItem$2, but received non-empty
[03:09:17] [main/WARN] [FML]: Patcher expecting empty class data file for net.minecraft.client.renderer.RenderItem$3, but received non-empty
[03:09:17] [main/WARN] [FML]: Patcher expecting empty class data file for net.minecraft.client.renderer.RenderItem$4, but received non-empty
[03:09:17] [main/WARN] [FML]: Patcher expecting empty class data file for net.minecraft.client.renderer.RenderItem$5, but received non-empty
[03:09:17] [main/WARN] [FML]: Patcher expecting empty class data file for net.minecraft.client.renderer.RenderItem$6, but received non-empty
[03:09:17] [main/WARN] [FML]: Patcher expecting empty class data file for net.minecraft.client.renderer.RenderItem$7, but received non-empty
[03:09:17] [main/WARN] [FML]: Patcher expecting empty class data file for net.minecraft.client.renderer.RenderItem$8, but received non-empty
[03:09:17] [main/WARN] [FML]: Patcher expecting empty class data file for net.minecraft.client.renderer.entity.RenderLivingBase, but received non-empty
[03:09:17] [main/WARN] [FML]: Patcher expecting empty class data file for net.minecraft.client.renderer.entity.RenderLivingBase$1, but received non-empty
[03:09:17] [main/WARN] [FML]: Patcher expecting empty class data file for net.minecraft.client.renderer.entity.layers.LayerArmorBase, but received non-empty
[03:09:17] [main/WARN] [FML]: Patcher expecting empty class data file for net.minecraft.client.renderer.texture.LayeredColorMaskTexture, but received non-empty
[03:09:17] [main/WARN] [FML]: Patcher expecting empty class data file for net.minecraft.client.renderer.texture.Stitcher, but received non-empty
[03:09:17] [main/WARN] [FML]: Patcher expecting empty class data file for net.minecraft.client.renderer.texture.Stitcher$Holder, but received non-empty
[03:09:17] [main/WARN] [FML]: Patcher expecting empty class data file for net.minecraft.client.renderer.texture.Stitcher$Slot, but received non-empty
[03:09:17] [main/WARN] [FML]: Patcher expecting empty class data file for net.minecraft.client.renderer.texture.TextureMap, but received non-empty
[03:09:17] [main/WARN] [FML]: Patcher expecting empty class data file for net.minecraft.client.renderer.texture.TextureMap$1, but received non-empty
[03:09:17] [main/WARN] [FML]: Patcher expecting empty class data file for net.minecraft.client.renderer.texture.TextureMap$2, but received non-empty
[03:09:17] [main/WARN] [FML]: Patcher expecting empty class data file for net.minecraft.client.renderer.texture.TextureMap$3, but received non-empty
[03:09:17] [main/WARN] [FML]: Patcher expecting empty class data file for net.minecraft.client.renderer.texture.TextureAtlasSprite, but received non-empty
[03:09:17] [main/WARN] [FML]: Patcher expecting empty class data file for net.minecraft.client.renderer.texture.TextureAtlasSprite$1, but received non-empty
[03:09:17] [main/WARN] [FML]: Patcher expecting empty class data file for net.minecraft.client.renderer.texture.TextureManager, but received non-empty
[03:09:17] [main/WARN] [FML]: Patcher expecting empty class data file for net.minecraft.client.renderer.texture.TextureManager$1, but received non-empty
[03:09:17] [main/WARN] [FML]: Patcher expecting empty class data file for net.minecraft.client.renderer.texture.TextureUtil, but received non-empty
[03:09:17] [main/WARN] [FML]: Patcher expecting empty class data file for net.minecraft.client.resources.ResourcePackRepository, but received non-empty
[03:09:17] [main/WARN] [FML]: Patcher expecting empty class data file for net.minecraft.client.resources.ResourcePackRepository$2, but received non-empty
[03:09:17] [main/WARN] [FML]: Patcher expecting empty class data file for net.minecraft.client.resources.ResourcePackRepository$3, but received non-empty
[03:09:17] [main/WARN] [FML]: Patcher expecting empty class data file for net.minecraft.client.resources.ResourcePackRepository$Entry, but received non-empty
[03:09:17] [main/WARN] [FML]: Patcher expecting empty class data file for net.minecraft.client.renderer.block.model.ModelRotation, but received non-empty
[03:09:17] [main/WARN] [FML]: Patcher expecting empty class data file for net.minecraft.client.renderer.block.model.ModelBakery, but received non-empty
[03:09:17] [main/WARN] [FML]: Patcher expecting empty class data file for net.minecraft.client.renderer.block.model.ModelBakery$1, but received non-empty
[03:09:17] [main/WARN] [FML]: Patcher expecting empty class data file for net.minecraft.client.renderer.block.model.ModelBakery$2, but received non-empty
[03:09:17] [main/WARN] [FML]: Patcher expecting empty class data file for net.minecraft.client.renderer.block.model.ModelBakery$3, but received non-empty
[03:09:17] [main/WARN] [FML]: Patcher expecting empty class data file for net.minecraft.server.integrated.IntegratedServer, but received non-empty
[03:09:17] [main/WARN] [FML]: Patcher expecting empty class data file for net.minecraft.server.integrated.IntegratedServer$1, but received non-empty
[03:09:17] [main/WARN] [FML]: Patcher expecting empty class data file for net.minecraft.server.integrated.IntegratedServer$2, but received non-empty
[03:09:17] [main/WARN] [FML]: Patcher expecting empty class data file for net.minecraft.server.integrated.IntegratedServer$3, but received non-empty
[03:09:17] [main/WARN] [FML]: Patcher expecting empty class data file for net.minecraft.client.renderer.OpenGlHelper, but received non-empty
[03:09:17] [main/WARN] [FML]: Patcher expecting empty class data file for net.minecraft.client.renderer.OpenGlHelper$1, but received non-empty
[03:09:17] [main/WARN] [FML]: Patcher expecting empty class data file for net.minecraft.client.renderer.OpenGlHelper$FboMode, but received non-empty
[03:09:17] [main/INFO] [FML]: Found valid fingerprint for Minecraft Forge. Certificate fingerprint e3c3d50c7c986df74c645c0ac54639741c90a557
[03:09:17] [main/INFO] [LaunchWrapper]: Calling tweak class net.minecraftforge.fml.relauncher.CoreModManager$FMLPluginWrapper
[03:09:17] [main/INFO] [LaunchWrapper]: Calling tweak class net.minecraftforge.fml.relauncher.CoreModManager$FMLPluginWrapper
[03:09:17] [main/INFO] [LaunchWrapper]: Calling tweak class org.spongepowered.asm.launch.MixinTweaker
[03:09:17] [main/INFO] [mixin]: Initialised Mixin FML Remapper Adapter with net.minecraftforge.fml.common.asm.transformers.deobf.FMLDeobfuscatingRemapper@1473b8c0
[03:09:17] [main/INFO] [LaunchWrapper]: Calling tweak class net.minecraftforge.fml.common.launcher.FMLDeobfTweaker
[03:09:17] [main/INFO] [LaunchWrapper]: Calling tweak class net.minecraftforge.fml.relauncher.CoreModManager$FMLPluginWrapper
[03:09:17] [main/INFO] [LaunchWrapper]: Calling tweak class net.minecraftforge.fml.relauncher.CoreModManager$FMLPluginWrapper
[03:09:17] [main/INFO] [LaunchWrapper]: Calling tweak class net.minecraftforge.fml.relauncher.CoreModManager$FMLPluginWrapper
[03:09:17] [main/INFO] [LaunchWrapper]: Loading tweak class name net.minecraftforge.fml.common.launcher.TerminalTweaker
[03:09:17] [main/INFO] [LaunchWrapper]: Loading tweak class name org.spongepowered.asm.mixin.EnvironmentStateTweaker
[03:09:17] [main/INFO] [LaunchWrapper]: Calling tweak class net.minecraftforge.fml.common.launcher.TerminalTweaker
[03:09:17] [main/INFO] [LaunchWrapper]: Calling tweak class org.spongepowered.asm.mixin.EnvironmentStateTweaker
[03:09:17] [main/INFO] [STDOUT]: [optifine.OptiFineForgeTweaker:dbg:56]: OptiFineForgeTweaker: getLaunchArguments
[03:09:18] [main/INFO] [LaunchWrapper]: Launching wrapped minecraft {net.minecraft.server.MinecraftServer}
[03:09:20] [Server thread/INFO] [net.minecraft.server.dedicated.DedicatedServer]: Starting minecraft server version 1.12.2
[03:09:20] [Server thread/INFO] [FML]: MinecraftForge v14.23.5.2860 Initialized
[03:09:21] [Server thread/INFO] [FML]: Starts to replace vanilla recipe ingredients with ore ingredients.
[03:09:21] [Server thread/INFO] [FML]: Invalid recipe found with multiple oredict ingredients in the same ingredient...
[03:09:21] [Server thread/INFO] [FML]: Replaced 1227 ore ingredients
[03:09:21] [Server thread/INFO] [FML]: Searching /workspaces/modjava/servidor_minecraft/./mods for mods
[03:09:21] [Server thread/WARN] [FML]: Mod securitycraft is missing the required element 'version' and a version.properties file could not be found. Falling back to metadata version v1.10
[03:09:22] [Server thread/WARN] [FML]: Mod simpletomb is missing the required element 'version' and a version.properties file could not be found. Falling back to metadata version 1.12.2-1.0.0
[03:09:22] [Server thread/INFO] [FML]: Forge Mod Loader has identified 25 mods to load
[03:09:22] [Server thread/WARN] [FML]: Missing English translation for FML: assets/fml/lang/en_us.lang
[03:09:22] [Server thread/INFO] [FML]: Attempting connection with missing mods [minecraft, mcp, FML, forge, creativecoredummy, obfuscate, techguns_core, securitycraft, carryon, creativecore, cgm, waila, jei, journeymap, netherite1_12_2, nocubessrparmory, nocubessrpnests, nocubessrpsurvival, overlast, playerrevive, simpletomb, srparasites, techguns, travelersbackpack, llibrary] at CLIENT
[03:09:22] [Server thread/INFO] [FML]: Attempting connection with missing mods [minecraft, mcp, FML, forge, creativecoredummy, obfuscate, techguns_core, securitycraft, carryon, creativecore, cgm, waila, jei, journeymap, netherite1_12_2, nocubessrparmory, nocubessrpnests, nocubessrpsurvival, overlast, playerrevive, simpletomb, srparasites, techguns, travelersbackpack, llibrary] at SERVER
[03:09:23] [Server thread/ERROR] [FML]: The mod carryon is expecting signature fd21553434f4905f2f73ea7838147ac4ea07bd88 for source carryon-1.12.2-1.12.7.23.jar, however there is no signature matching that description
[03:09:23] [Server thread/WARN] [FML]: Patcher expecting empty class data file for net.minecraft.block.state.BlockStateContainer$Builder, but received non-empty
[03:09:24] [Server thread/INFO] [FML]: Processing ObjectHolder annotations
[03:09:24] [Server thread/INFO] [FML]: Found 1482 ObjectHolder annotations
[03:09:24] [Server thread/INFO] [FML]: Identifying ItemStackHolder annotations
[03:09:24] [Server thread/INFO] [FML]: Found 0 ItemStackHolder annotations
[03:09:24] [Server thread/INFO] [FML]: Configured a dormant chunk cache size of 0
[03:09:24] [Forge Version Check/INFO] [forge.VersionCheck]: [forge] Starting version check at http://files.minecraftforge.net/maven/net/minecraftforge/forge/promotions_slim.json
[03:09:24] [Server thread/INFO] [Obfuscate]: Successfully injected SyncedPlayerData capability
[03:09:25] [Forge Version Check/INFO] [forge.VersionCheck]: [forge] Found status: AHEAD Target: null
[03:09:25] [Forge Version Check/INFO] [forge.VersionCheck]: [carryon] Starting version check at https://gist.githubusercontent.com/Tschipp/dccadee7c90d7a34e6e76a35d9d6fa2e/raw/
[03:09:25] [Forge Version Check/INFO] [forge.VersionCheck]: [techguns] Starting version check at https://raw.githubusercontent.com/pWn3d1337/Techguns2/master/update.json
[03:09:25] [Forge Version Check/INFO] [forge.VersionCheck]: [techguns] Found status: AHEAD Target: null
[03:09:25] [Forge Version Check/INFO] [forge.VersionCheck]: [llibrary] Starting version check at https://gist.githubusercontent.com/Gegy/a6639456aeb8edd92cbf7cbfcf9d65d9/raw/llibrary_updates.json
[03:09:25] [Forge Version Check/INFO] [forge.VersionCheck]: [llibrary] Found status: UP_TO_DATE Target: null
[03:09:25] [Forge Version Check/INFO] [forge.VersionCheck]: [simpletomb] Starting version check at https://raw.githubusercontent.com/Lothrazar/tombstone-fork/trunk/1.12/update.json
[03:09:25] [Forge Version Check/INFO] [forge.VersionCheck]: [securitycraft] Starting version check at https://www.github.com/Geforce132/SecurityCraft/raw/master/Updates/Forge.json
[03:09:25] [Server thread/WARN] [net.minecraft.network.datasync.EntityDataManager]: defineId called for: class net.minecraft.entity.player.EntityPlayer from class com.mrcrayfish.guns.event.CommonEvents
[03:09:25] [Server thread/WARN] [net.minecraft.network.datasync.EntityDataManager]: defineId called for: class net.minecraft.entity.player.EntityPlayer from class com.mrcrayfish.guns.event.CommonEvents
[03:09:25] [Forge Version Check/INFO] [forge.VersionCheck]: [securitycraft] Found status: UP_TO_DATE Target: null
[03:09:25] [Forge Version Check/INFO] [forge.VersionCheck]: [travelersbackpack] Starting version check at https://gist.githubusercontent.com/Tiviacz1337/906937677aa472285dff9d6c2a189d5e/raw
[03:09:25] [Forge Version Check/INFO] [forge.VersionCheck]: [travelersbackpack] Found status: AHEAD Target: null
[03:09:25] [Server thread/INFO] [srparasites]: [MOD COMPATIBILITY] Checked for 2 mods that may be in the list that need patches or alternative code
[03:09:25] [Server thread/WARN] [FML]: Potentially Dangerous alternative prefix `simpletomb:` for name `tombstone`, expected `simpletomb`. This could be a intended override, but in most cases indicates a broken mod.
[03:09:26] [Server thread/INFO] [travelersbackpack]: Registered the class com.tiviacz.travelersbackpack.fluids.effects.EffectWater as a FluidEffect for water with the ID 0
[03:09:26] [Server thread/INFO] [travelersbackpack]: Registered the class com.tiviacz.travelersbackpack.fluids.effects.EffectLava as a FluidEffect for lava with the ID 1
[03:09:26] [Server thread/INFO] [travelersbackpack]: Registered the class com.tiviacz.travelersbackpack.fluids.effects.EffectMilk as a FluidEffect for milk with the ID 2
[03:09:26] [Server thread/INFO] [travelersbackpack]: Registered the class com.tiviacz.travelersbackpack.fluids.effects.EffectPotion as a FluidEffect for potion with the ID 3
[03:09:26] [Server thread/INFO] [travelersbackpack]: Starting the Integration Handler.
[03:09:26] [Server thread/INFO] [travelersbackpack]: Didn't find any possible mod integration(s)!
[03:09:26] [Server thread/INFO] [FML]: Applying holder lookups
[03:09:26] [Server thread/INFO] [FML]: Holder lookups applied
[03:09:27] [Server thread/INFO] [FML]: Applying holder lookups
[03:09:27] [Server thread/INFO] [FML]: Holder lookups applied
[03:09:27] [Server thread/INFO] [FML]: Applying holder lookups
[03:09:27] [Server thread/INFO] [FML]: Holder lookups applied
[03:09:27] [Server thread/INFO] [FML]: Applying holder lookups
[03:09:27] [Server thread/INFO] [FML]: Holder lookups applied
[03:09:27] [Server thread/INFO] [FML]: Injecting itemstacks
[03:09:27] [Server thread/INFO] [FML]: Itemstack injection complete
[03:09:27] [Server thread/INFO] [net.minecraft.server.dedicated.DedicatedServer]: Loading properties
[03:09:27] [Server thread/INFO] [net.minecraft.server.dedicated.DedicatedServer]: Default game type: SURVIVAL
[03:09:27] [Server thread/INFO] [net.minecraft.server.dedicated.DedicatedServer]: Generating keypair
[03:09:27] [Server thread/INFO] [net.minecraft.server.dedicated.DedicatedServer]: Starting Minecraft server on *:25565
[03:09:27] [Server thread/INFO] [net.minecraft.network.NetworkSystem]: Using epoll channel type
[03:09:27] [Server thread/WARN] [net.minecraft.server.dedicated.DedicatedServer]: **** SERVER IS RUNNING IN OFFLINE/INSECURE MODE!
[03:09:27] [Server thread/WARN] [net.minecraft.server.dedicated.DedicatedServer]: The server will make no attempt to authenticate usernames. Beware.
[03:09:27] [Server thread/WARN] [net.minecraft.server.dedicated.DedicatedServer]: While this makes the game possible to play without internet access, it also opens up the ability for hackers to connect with any username they choose.
[03:09:27] [Server thread/WARN] [net.minecraft.server.dedicated.DedicatedServer]: To change this, set "online-mode" to "true" in the server.properties file.
[03:09:28] [Server thread/ERROR] [FML]: Parsing error loading recipe nocubessrparmory:recipe_vanilla_arrows
com.google.gson.JsonSyntaxException: Unknown item 'srparasites:strange_bone'
	at net.minecraftforge.common.crafting.CraftingHelper.getItemStackBasic(CraftingHelper.java:262) ~[CraftingHelper.class:?]
	at net.minecraftforge.common.crafting.CraftingHelper.lambda$init$16(CraftingHelper.java:544) ~[CraftingHelper.class:?]
	at net.minecraftforge.common.crafting.CraftingHelper.getIngredient(CraftingHelper.java:204) ~[CraftingHelper.class:?]
	at net.minecraftforge.common.crafting.CraftingHelper.lambda$getIngredient$0(CraftingHelper.java:152) ~[CraftingHelper.class:?]
	at java.lang.Iterable.forEach(Iterable.java:75) ~[?:1.8.0_462]
	at net.minecraftforge.common.crafting.CraftingHelper.getIngredient(CraftingHelper.java:150) ~[CraftingHelper.class:?]
	at net.minecraftforge.common.crafting.CraftingHelper.lambda$init$14(CraftingHelper.java:481) ~[CraftingHelper.class:?]
	at net.minecraftforge.common.crafting.CraftingHelper.getRecipe(CraftingHelper.java:416) ~[CraftingHelper.class:?]
	at net.minecraftforge.common.crafting.CraftingHelper.lambda$loadRecipes$22(CraftingHelper.java:723) ~[CraftingHelper.class:?]
	at net.minecraftforge.common.crafting.CraftingHelper.findFiles(CraftingHelper.java:833) ~[CraftingHelper.class:?]
	at net.minecraftforge.common.crafting.CraftingHelper.loadRecipes(CraftingHelper.java:688) ~[CraftingHelper.class:?]
	at java.util.ArrayList.forEach(ArrayList.java:1259) [?:1.8.0_462]
	at net.minecraftforge.common.crafting.CraftingHelper.loadRecipes(CraftingHelper.java:633) [CraftingHelper.class:?]
	at net.minecraftforge.fml.common.Loader.initializeMods(Loader.java:747) [Loader.class:?]
	at net.minecraftforge.fml.server.FMLServerHandler.finishServerLoading(FMLServerHandler.java:108) [FMLServerHandler.class:?]
	at net.minecraftforge.fml.common.FMLCommonHandler.onServerStarted(FMLCommonHandler.java:338) [FMLCommonHandler.class:?]
	at net.minecraft.server.dedicated.DedicatedServer.func_71197_b(DedicatedServer.java:219) [nz.class:?]
	at net.minecraft.server.MinecraftServer.run(MinecraftServer.java:486) [MinecraftServer.class:?]
	at java.lang.Thread.run(Thread.java:750) [?:1.8.0_462]
[03:09:28] [Server thread/ERROR] [FML]: Parsing error loading recipe nocubessrpsurvival:recipe_parasitic_bone_block
com.google.gson.JsonSyntaxException: Key defines symbols that aren't used in pattern: [2, 5, 6, 7, 8]
	at net.minecraftforge.common.crafting.CraftingHelper.lambda$init$14(CraftingHelper.java:521) ~[CraftingHelper.class:?]
	at net.minecraftforge.common.crafting.CraftingHelper.getRecipe(CraftingHelper.java:416) ~[CraftingHelper.class:?]
	at net.minecraftforge.common.crafting.CraftingHelper.lambda$loadRecipes$22(CraftingHelper.java:723) ~[CraftingHelper.class:?]
	at net.minecraftforge.common.crafting.CraftingHelper.findFiles(CraftingHelper.java:833) ~[CraftingHelper.class:?]
	at net.minecraftforge.common.crafting.CraftingHelper.loadRecipes(CraftingHelper.java:688) ~[CraftingHelper.class:?]
	at java.util.ArrayList.forEach(ArrayList.java:1259) [?:1.8.0_462]
	at net.minecraftforge.common.crafting.CraftingHelper.loadRecipes(CraftingHelper.java:633) [CraftingHelper.class:?]
	at net.minecraftforge.fml.common.Loader.initializeMods(Loader.java:747) [Loader.class:?]
	at net.minecraftforge.fml.server.FMLServerHandler.finishServerLoading(FMLServerHandler.java:108) [FMLServerHandler.class:?]
	at net.minecraftforge.fml.common.FMLCommonHandler.onServerStarted(FMLCommonHandler.java:338) [FMLCommonHandler.class:?]
	at net.minecraft.server.dedicated.DedicatedServer.func_71197_b(DedicatedServer.java:219) [nz.class:?]
	at net.minecraft.server.MinecraftServer.run(MinecraftServer.java:486) [MinecraftServer.class:?]
	at java.lang.Thread.run(Thread.java:750) [?:1.8.0_462]
[03:09:28] [Server thread/ERROR] [FML]: Parsing error loading recipe techguns:techguns_manual_alt
com.google.gson.JsonSyntaxException: Unknown item 'patchouli:guide_book'
	at net.minecraftforge.common.crafting.CraftingHelper.getItemStack(CraftingHelper.java:214) ~[CraftingHelper.class:?]
	at net.minecraftforge.common.crafting.CraftingHelper.lambda$init$15(CraftingHelper.java:538) ~[CraftingHelper.class:?]
	at net.minecraftforge.common.crafting.CraftingHelper.getRecipe(CraftingHelper.java:416) ~[CraftingHelper.class:?]
	at net.minecraftforge.common.crafting.CraftingHelper.lambda$loadRecipes$22(CraftingHelper.java:723) ~[CraftingHelper.class:?]
	at net.minecraftforge.common.crafting.CraftingHelper.findFiles(CraftingHelper.java:833) ~[CraftingHelper.class:?]
	at net.minecraftforge.common.crafting.CraftingHelper.loadRecipes(CraftingHelper.java:688) ~[CraftingHelper.class:?]
	at java.util.ArrayList.forEach(ArrayList.java:1259) [?:1.8.0_462]
	at net.minecraftforge.common.crafting.CraftingHelper.loadRecipes(CraftingHelper.java:633) [CraftingHelper.class:?]
	at net.minecraftforge.fml.common.Loader.initializeMods(Loader.java:747) [Loader.class:?]
	at net.minecraftforge.fml.server.FMLServerHandler.finishServerLoading(FMLServerHandler.java:108) [FMLServerHandler.class:?]
	at net.minecraftforge.fml.common.FMLCommonHandler.onServerStarted(FMLCommonHandler.java:338) [FMLCommonHandler.class:?]
	at net.minecraft.server.dedicated.DedicatedServer.func_71197_b(DedicatedServer.java:219) [nz.class:?]
	at net.minecraft.server.MinecraftServer.run(MinecraftServer.java:486) [MinecraftServer.class:?]
	at java.lang.Thread.run(Thread.java:750) [?:1.8.0_462]
[03:09:28] [Server thread/ERROR] [FML]: Parsing error loading recipe techguns:techguns_manual
com.google.gson.JsonSyntaxException: Unknown item 'patchouli:guide_book'
	at net.minecraftforge.common.crafting.CraftingHelper.getItemStack(CraftingHelper.java:214) ~[CraftingHelper.class:?]
	at net.minecraftforge.common.crafting.CraftingHelper.lambda$init$15(CraftingHelper.java:538) ~[CraftingHelper.class:?]
	at net.minecraftforge.common.crafting.CraftingHelper.getRecipe(CraftingHelper.java:416) ~[CraftingHelper.class:?]
	at net.minecraftforge.common.crafting.CraftingHelper.lambda$loadRecipes$22(CraftingHelper.java:723) ~[CraftingHelper.class:?]
	at net.minecraftforge.common.crafting.CraftingHelper.findFiles(CraftingHelper.java:833) ~[CraftingHelper.class:?]
	at net.minecraftforge.common.crafting.CraftingHelper.loadRecipes(CraftingHelper.java:688) ~[CraftingHelper.class:?]
	at java.util.ArrayList.forEach(ArrayList.java:1259) [?:1.8.0_462]
	at net.minecraftforge.common.crafting.CraftingHelper.loadRecipes(CraftingHelper.java:633) [CraftingHelper.class:?]
	at net.minecraftforge.fml.common.Loader.initializeMods(Loader.java:747) [Loader.class:?]
	at net.minecraftforge.fml.server.FMLServerHandler.finishServerLoading(FMLServerHandler.java:108) [FMLServerHandler.class:?]
	at net.minecraftforge.fml.common.FMLCommonHandler.onServerStarted(FMLCommonHandler.java:338) [FMLCommonHandler.class:?]
	at net.minecraft.server.dedicated.DedicatedServer.func_71197_b(DedicatedServer.java:219) [nz.class:?]
	at net.minecraft.server.MinecraftServer.run(MinecraftServer.java:486) [MinecraftServer.class:?]
	at java.lang.Thread.run(Thread.java:750) [?:1.8.0_462]
[03:09:28] [Server thread/ERROR] [FML]: Parsing error loading recipe techguns:shishkebap_alt
com.google.gson.JsonSyntaxException: Unknown item 'techguns:shishkebap'
	at net.minecraftforge.common.crafting.CraftingHelper.getItemStack(CraftingHelper.java:214) ~[CraftingHelper.class:?]
	at net.minecraftforge.oredict.ShapedOreRecipe.factory(ShapedOreRecipe.java:254) ~[ShapedOreRecipe.class:?]
	at net.minecraftforge.common.crafting.CraftingHelper.getRecipe(CraftingHelper.java:416) ~[CraftingHelper.class:?]
	at net.minecraftforge.common.crafting.CraftingHelper.lambda$loadRecipes$22(CraftingHelper.java:723) ~[CraftingHelper.class:?]
	at net.minecraftforge.common.crafting.CraftingHelper.findFiles(CraftingHelper.java:833) ~[CraftingHelper.class:?]
	at net.minecraftforge.common.crafting.CraftingHelper.loadRecipes(CraftingHelper.java:688) ~[CraftingHelper.class:?]
	at java.util.ArrayList.forEach(ArrayList.java:1259) [?:1.8.0_462]
	at net.minecraftforge.common.crafting.CraftingHelper.loadRecipes(CraftingHelper.java:633) [CraftingHelper.class:?]
	at net.minecraftforge.fml.common.Loader.initializeMods(Loader.java:747) [Loader.class:?]
	at net.minecraftforge.fml.server.FMLServerHandler.finishServerLoading(FMLServerHandler.java:108) [FMLServerHandler.class:?]
	at net.minecraftforge.fml.common.FMLCommonHandler.onServerStarted(FMLCommonHandler.java:338) [FMLCommonHandler.class:?]
	at net.minecraft.server.dedicated.DedicatedServer.func_71197_b(DedicatedServer.java:219) [nz.class:?]
	at net.minecraft.server.MinecraftServer.run(MinecraftServer.java:486) [MinecraftServer.class:?]
	at java.lang.Thread.run(Thread.java:750) [?:1.8.0_462]
[03:09:28] [Server thread/ERROR] [FML]: Parsing error loading recipe techguns:shishkebap
com.google.gson.JsonSyntaxException: Unknown item 'techguns:shishkebap'
	at net.minecraftforge.common.crafting.CraftingHelper.getItemStack(CraftingHelper.java:214) ~[CraftingHelper.class:?]
	at net.minecraftforge.oredict.ShapedOreRecipe.factory(ShapedOreRecipe.java:254) ~[ShapedOreRecipe.class:?]
	at net.minecraftforge.common.crafting.CraftingHelper.getRecipe(CraftingHelper.java:416) ~[CraftingHelper.class:?]
	at net.minecraftforge.common.crafting.CraftingHelper.lambda$loadRecipes$22(CraftingHelper.java:723) ~[CraftingHelper.class:?]
	at net.minecraftforge.common.crafting.CraftingHelper.findFiles(CraftingHelper.java:833) ~[CraftingHelper.class:?]
	at net.minecraftforge.common.crafting.CraftingHelper.loadRecipes(CraftingHelper.java:688) ~[CraftingHelper.class:?]
	at java.util.ArrayList.forEach(ArrayList.java:1259) [?:1.8.0_462]
	at net.minecraftforge.common.crafting.CraftingHelper.loadRecipes(CraftingHelper.java:633) [CraftingHelper.class:?]
	at net.minecraftforge.fml.common.Loader.initializeMods(Loader.java:747) [Loader.class:?]
	at net.minecraftforge.fml.server.FMLServerHandler.finishServerLoading(FMLServerHandler.java:108) [FMLServerHandler.class:?]
	at net.minecraftforge.fml.common.FMLCommonHandler.onServerStarted(FMLCommonHandler.java:338) [FMLCommonHandler.class:?]
	at net.minecraft.server.dedicated.DedicatedServer.func_71197_b(DedicatedServer.java:219) [nz.class:?]
	at net.minecraft.server.MinecraftServer.run(MinecraftServer.java:486) [MinecraftServer.class:?]
	at java.lang.Thread.run(Thread.java:750) [?:1.8.0_462]
[03:09:28] [Server thread/INFO] [FML]: Applying holder lookups
[03:09:28] [Server thread/INFO] [FML]: Holder lookups applied
[03:09:28] [Server thread/INFO] [FML]: Injecting itemstacks
[03:09:28] [Server thread/INFO] [FML]: Itemstack injection complete
[03:09:28] [Server thread/INFO] [srparasites]: [MOD COMPATIBILITY] 0 of 2 modules activated
[03:09:28] [Server thread/INFO] [Waila]: Starting Waila...
[03:09:28] [Server thread/INFO] [Waila]: Gathering annotated plugins...
[03:09:28] [Server thread/INFO] [Waila]: Gathering wrapped IMC plugins...
[03:09:28] [Server thread/INFO] [Waila]: Registering plugins...
[03:09:28] [Server thread/INFO] [Waila]: Registering plugin at mcp.mobius.waila.addons.core.PluginCore
[03:09:28] [Server thread/INFO] [Waila]: Registering plugin at mcp.mobius.waila.addons.minecraft.PluginMinecraft
[03:09:28] [Server thread/INFO] [Waila]: Registering plugin at mcp.mobius.waila.addons.capability.PluginCapability
[03:09:28] [Server thread/INFO] [Waila]: Registering plugin at net.geforcemods.securitycraft.compat.hudmods.WailaDataProvider
[03:09:28] [Server thread/INFO] [Waila]: Starting Waila took 27.12 ms
[03:09:29] [Server thread/INFO] [FML]: Forge Mod Loader has successfully loaded 25 mods
[03:09:29] [Server thread/INFO] [net.minecraft.server.dedicated.DedicatedServer]: Preparing level "world"
[03:09:29] [Server thread/INFO] [FML]: Injecting existing registry data into this server instance
[03:09:29] [Server thread/INFO] [FML]: Applying holder lookups
[03:09:29] [Server thread/INFO] [FML]: Holder lookups applied
[03:09:29] [Server thread/INFO] [FML]: Loading dimension 0 (world) (net.minecraft.server.dedicated.DedicatedServer@3acc0c82)
[03:09:29] [Server thread/INFO] [net.minecraft.advancements.AdvancementList]: Loaded 549 advancements
[03:09:29] [Server thread/INFO] [FML]: Loading dimension -1 (world) (net.minecraft.server.dedicated.DedicatedServer@3acc0c82)
[03:09:29] [Server thread/INFO] [FML]: Loading dimension 1 (world) (net.minecraft.server.dedicated.DedicatedServer@3acc0c82)
[03:09:29] [Server thread/INFO] [net.minecraft.server.MinecraftServer]: Preparing start region for level 0
[03:09:30] [Server thread/INFO] [net.minecraft.server.MinecraftServer]: Preparing spawn area: 79%
[03:09:31] [Server thread/INFO] [net.minecraft.server.dedicated.DedicatedServer]: Done (2.008s)! For help, type "help" or "?"
[03:09:31] [Server thread/INFO] [FML]: Unloading dimension -1
[03:09:31] [Server thread/INFO] [FML]: Unloading dimension 1
[03:10:25] [Server thread/WARN] [net.minecraft.network.datasync.EntityDataManager]: defineId called for: class net.minecraft.entity.player.EntityPlayer from class techguns.capabilities.TGExtendedPlayer
[03:10:25] [Server thread/WARN] [net.minecraft.network.datasync.EntityDataManager]: defineId called for: class net.minecraft.entity.player.EntityPlayer from class techguns.capabilities.TGExtendedPlayer
[03:10:25] [Server thread/WARN] [net.minecraft.network.datasync.EntityDataManager]: defineId called for: class net.minecraft.entity.player.EntityPlayer from class techguns.capabilities.TGExtendedPlayer
[03:10:25] [Server thread/WARN] [net.minecraft.network.datasync.EntityDataManager]: defineId called for: class net.minecraft.entity.player.EntityPlayer from class techguns.capabilities.TGExtendedPlayer
[03:10:25] [Netty Epoll Server IO #2/INFO] [FML]: Client protocol version 2
[03:10:26] [Netty Epoll Server IO #2/INFO] [FML]: Client attempting to join with 26 mods : minecraft@1.12.2,nocubessrparmory@3.0.0,cgm@0.15.3,creativecoredummy@1.0.0,creativecore@1.10.0,jei@4.16.1.1013,techguns_core@1.12.2-1.0,mcp@9.42,nocubessrpnests@3.0.0,journeymap@1.12.2-5.7.1p3,securitycraft@v1.10,travelersbackpack@1.0.35,FML@8.0.99.99,obfuscate@0.4.2,srparasites@1.9.21,llibrary@1.7.20,waila@1.8.26,tlauncher_custom_cape_skin@1.4,carryon@1.12.3,nocubessrpsurvival@3.0.0,forge@14.23.5.2859,simpletomb@1.12.2-1.0.0,playerrevive@1.0,netherite1_12_2@1.1,overlast@0.0.2,techguns@2.0.2.0
[03:10:26] [Netty Epoll Server IO #2/INFO] [journeymap]: CLIENT
[03:10:27] [Server thread/INFO] [FML]: [Server thread] Server side modded connection established
[03:10:27] [Server thread/INFO] [FML]: Loading dimension -1 (world) (net.minecraft.server.dedicated.DedicatedServer@3acc0c82)
[03:10:27] [Server thread/INFO] [net.minecraft.server.management.PlayerList]: GeoGlitchKick[/127.196.72.114:43429] logged in with entity id 321 at (15.17124860878295, 50.0, 59.69999998807907)
[03:10:27] [Server thread/INFO] [net.minecraft.server.dedicated.DedicatedServer]: GeoGlitchKick joined the game
[03:10:27] [Server thread/INFO] [Waila]: Player EntityPlayerMP['GeoGlitchKick'/321, l='world', x=15.17, y=50.00, z=59.70] connected. Sending ping
[03:10:27] [Server thread/INFO] [STDOUT]: [com.dhanantry.scapeandrunparasites.entity.EntityParasiticScent:func_70100_b_:1005]: 
 id 323
 scent state 1
 active 0
 danger 1
 delay 0
 total life 1200
 current life 0
 targetScent is null false
 level 0
 targetScent name class net.minecraft.entity.player.EntityPlayerMP
 min max mob 3 4
 loop 103
 fail 0
[03:10:27] [Server thread/INFO] [STDOUT]: [com.dhanantry.scapeandrunparasites.entity.EntityParasiticScent:func_70100_b_:1005]: 
 id 323
 scent state 1
 active 0
 danger 1
 delay 0
 total life 1200
 current life 0
 targetScent is null false
 level 0
 targetScent name class net.minecraft.entity.player.EntityPlayerMP
 min max mob 3 4
 loop 103
 fail 0
[03:10:27] [Server thread/INFO] [STDOUT]: [com.dhanantry.scapeandrunparasites.entity.EntityParasiticScent:func_70100_b_:1005]: 
 id 323
 scent state 1
 active 0
 danger 1
 delay 0
 total life 1200
 current life 0
 targetScent is null false
 level 0
 targetScent name class net.minecraft.entity.player.EntityPlayerMP
 min max mob 3 4
 loop 103
 fail 0
[03:10:27] [Server thread/INFO] [STDOUT]: [com.dhanantry.scapeandrunparasites.entity.EntityParasiticScent:func_70100_b_:1005]: 
 id 323
 scent state 1
 active 0
 danger 1
 delay 0
 total life 1200
 current life 0
 targetScent is null false
 level 0
 targetScent name class net.minecraft.entity.player.EntityPlayerMP
 min max mob 3 4
 loop 103
 fail 0
[03:10:27] [Server thread/INFO] [STDOUT]: [com.dhanantry.scapeandrunparasites.entity.EntityParasiticScent:func_70100_b_:1005]: 
 id 323
 scent state 1
 active 0
 danger 1
 delay 0
 total life 1200
 current life 0
 targetScent is null false
 level 0
 targetScent name class net.minecraft.entity.player.EntityPlayerMP
 min max mob 3 4
 loop 103
 fail 0
[03:10:27] [Server thread/INFO] [STDOUT]: [com.dhanantry.scapeandrunparasites.entity.EntityParasiticScent:func_70100_b_:1005]: 
 id 323
 scent state 1
 active 0
 danger 1
 delay 0
 total life 1200
 current life 0
 targetScent is null false
 level 0
 targetScent name class net.minecraft.entity.player.EntityPlayerMP
 min max mob 3 4
 loop 103
 fail 0
[03:10:27] [Server thread/INFO] [STDOUT]: [com.dhanantry.scapeandrunparasites.entity.EntityParasiticScent:func_70100_b_:1005]: 
 id 323
 scent state 1
 active 0
 danger 1
 delay 0
 total life 1200
 current life 0
 targetScent is null false
 level 0
 targetScent name class net.minecraft.entity.player.EntityPlayerMP
 min max mob 3 4
 loop 103
 fail 0
[03:10:28] [Server thread/INFO] [STDOUT]: [com.dhanantry.scapeandrunparasites.entity.EntityParasiticScent:func_70100_b_:1005]: 
 id 323
 scent state 1
 active 0
 danger 1
 delay 0
 total life 1200
 current life 0
 targetScent is null false
 level 0
 targetScent name class net.minecraft.entity.player.EntityPlayerMP
 min max mob 3 4
 loop 103
 fail 0
[03:10:28] [Server thread/INFO] [STDOUT]: [com.dhanantry.scapeandrunparasites.entity.EntityParasiticScent:func_70100_b_:1005]: 
 id 323
 scent state 1
 active 0
 danger 1
 delay 0
 total life 1200
 current life 0
 targetScent is null false
 level 0
 targetScent name class net.minecraft.entity.player.EntityPlayerMP
 min max mob 3 4
 loop 103
 fail 0
[03:10:28] [Server thread/INFO] [STDOUT]: [com.dhanantry.scapeandrunparasites.entity.EntityParasiticScent:func_70100_b_:1005]: 
 id 323
 scent state 1
 active 0
 danger 1
 delay 0
 total life 1200
 current life 0
 targetScent is null false
 level 0
 targetScent name class net.minecraft.entity.player.EntityPlayerMP
 min max mob 3 4
 loop 103
 fail 0
[03:10:28] [Server thread/INFO] [STDOUT]: [com.dhanantry.scapeandrunparasites.entity.EntityParasiticScent:func_70100_b_:1005]: 
 id 323
 scent state 1
 active 0
 danger 1
 delay 0
 total life 1200
 current life 0
 targetScent is null false
 level 0
 targetScent name class net.minecraft.entity.player.EntityPlayerMP
 min max mob 3 4
 loop 103
 fail 0
[03:10:28] [Server thread/INFO] [STDOUT]: [com.dhanantry.scapeandrunparasites.entity.EntityParasiticScent:func_70100_b_:1005]: 
 id 323
 scent state 1
 active 0
 danger 1
 delay 0
 total life 1200
 current life 0
 targetScent is null false
 level 0
 targetScent name class net.minecraft.entity.player.EntityPlayerMP
 min max mob 3 4
 loop 103
 fail 0
[03:10:28] [Server thread/INFO] [STDOUT]: [com.dhanantry.scapeandrunparasites.entity.EntityParasiticScent:func_70100_b_:1005]: 
 id 323
 scent state 1
 active 0
 danger 1
 delay 0
 total life 1200
 current life 0
 targetScent is null false
 level 0
 targetScent name class net.minecraft.entity.player.EntityPlayerMP
 min max mob 3 4
 loop 103
 fail 0
[03:10:29] [Server thread/INFO] [STDOUT]: [com.dhanantry.scapeandrunparasites.entity.EntityParasiticScent:func_70100_b_:1005]: 
 id 439
 scent state 1
 active 0
 danger 1
 delay 0
 total life 1200
 current life 0
 targetScent is null false
 level 0
 targetScent name class net.minecraft.entity.player.EntityPlayerMP
 min max mob 3 4
 loop 103
 fail 0
[03:10:31] [Server thread/INFO] [STDOUT]: [com.dhanantry.scapeandrunparasites.entity.EntityParasiticScent:func_70100_b_:1005]: 
 id 440
 scent state 1
 active 0
 danger 1
 delay 0
 total life 1200
 current life 0
 targetScent is null false
 level 0
 targetScent name class net.minecraft.entity.player.EntityPlayerMP
 min max mob 3 4
 loop 103
 fail 0
[03:10:33] [Server thread/INFO] [STDOUT]: [com.dhanantry.scapeandrunparasites.entity.EntityParasiticScent:func_70100_b_:1005]: 
 id 441
 scent state 1
 active 0
 danger 1
 delay 0
 total life 1200
 current life 0
 targetScent is null false
 level 0
 targetScent name class net.minecraft.entity.player.EntityPlayerMP
 min max mob 3 4
 loop 103
 fail 0
[03:10:35] [Server thread/INFO] [STDOUT]: [com.dhanantry.scapeandrunparasites.entity.EntityParasiticScent:func_70100_b_:1005]: 
 id 442
 scent state 1
 active 0
 danger 1
 delay 0
 total life 1200
 current life 0
 targetScent is null false
 level 0
 targetScent name class net.minecraft.entity.player.EntityPlayerMP
 min max mob 3 4
 loop 103
 fail 0
[03:10:37] [Server thread/INFO] [STDOUT]: [com.dhanantry.scapeandrunparasites.entity.EntityParasiticScent:func_70100_b_:1005]: 
 id 443
 scent state 1
 active 0
 danger 1
 delay 0
 total life 1200
 current life 0
 targetScent is null false
 level 0
 targetScent name class net.minecraft.entity.player.EntityPlayerMP
 min max mob 3 4
 loop 103
 fail 0
[03:10:39] [Server thread/INFO] [STDOUT]: [com.dhanantry.scapeandrunparasites.entity.EntityParasiticScent:func_70100_b_:1005]: 
 id 444
 scent state 1
 active 0
 danger 1
 delay 0
 total life 1200
 current life 0
 targetScent is null false
 level 0
 targetScent name class net.minecraft.entity.player.EntityPlayerMP
 min max mob 3 4
 loop 103
 fail 0
[03:10:41] [Server thread/INFO] [STDOUT]: [com.dhanantry.scapeandrunparasites.entity.EntityParasiticScent:func_70100_b_:1005]: 
 id 445
 scent state 1
 active 0
 danger 1
 delay 0
 total life 1200
 current life 0
 targetScent is null false
 level 0
 targetScent name class net.minecraft.entity.player.EntityPlayerMP
 min max mob 3 4
 loop 103
 fail 0
[03:10:43] [Server thread/INFO] [STDOUT]: [com.dhanantry.scapeandrunparasites.entity.EntityParasiticScent:func_70100_b_:1005]: 
 id 446
 scent state 1
 active 0
 danger 1
 delay 0
 total life 1200
 current life 0
 targetScent is null false
 level 0
 targetScent name class net.minecraft.entity.player.EntityPlayerMP
 min max mob 3 4
 loop 103
 fail 0
[03:10:45] [Server thread/INFO] [STDOUT]: [com.dhanantry.scapeandrunparasites.entity.EntityParasiticScent:func_70100_b_:1005]: 
 id 447
 scent state 1
 active 0
 danger 1
 delay 0
 total life 1200
 current life 0
 targetScent is null false
 level 0
 targetScent name class net.minecraft.entity.player.EntityPlayerMP
 min max mob 3 4
 loop 103
 fail 0
[03:10:47] [Server thread/INFO] [STDOUT]: [com.dhanantry.scapeandrunparasites.entity.EntityParasiticScent:func_70100_b_:1005]: 
 id 471
 scent state 1
 active 0
 danger 1
 delay 0
 total life 1200
 current life 0
 targetScent is null false
 level 0
 targetScent name class net.minecraft.entity.player.EntityPlayerMP
 min max mob 3 4
 loop 103
 fail 0
[03:10:49] [Server thread/INFO] [STDOUT]: [com.dhanantry.scapeandrunparasites.entity.EntityParasiticScent:func_70100_b_:1005]: 
 id 477
 scent state 1
 active 0
 danger 1
 delay 0
 total life 1200
 current life 0
 targetScent is null false
 level 0
 targetScent name class net.minecraft.entity.player.EntityPlayerMP
 min max mob 3 4
 loop 103
 fail 0
[03:10:51] [Server thread/INFO] [STDOUT]: [com.dhanantry.scapeandrunparasites.entity.EntityParasiticScent:func_70100_b_:1005]: 
 id 482
 scent state 1
 active 0
 danger 1
 delay 0
 total life 1200
 current life 0
 targetScent is null false
 level 0
 targetScent name class net.minecraft.entity.player.EntityPlayerMP
 min max mob 3 4
 loop 103
 fail 0
[03:10:53] [Server thread/INFO] [STDOUT]: [com.dhanantry.scapeandrunparasites.entity.EntityParasiticScent:func_70100_b_:1005]: 
 id 483
 scent state 1
 active 0
 danger 1
 delay 0
 total life 1200
 current life 0
 targetScent is null false
 level 0
 targetScent name class net.minecraft.entity.player.EntityPlayerMP
 min max mob 3 4
 loop 103
 fail 0
[03:10:55] [Server thread/INFO] [STDOUT]: [com.dhanantry.scapeandrunparasites.entity.EntityParasiticScent:func_70100_b_:1005]: 
 id 487
 scent state 1
 active 0
 danger 1
 delay 0
 total life 1200
 current life 0
 targetScent is null false
 level 0
 targetScent name class net.minecraft.entity.player.EntityPlayerMP
 min max mob 3 4
 loop 103
 fail 0
[03:10:57] [Server thread/INFO] [STDOUT]: [com.dhanantry.scapeandrunparasites.entity.EntityParasiticScent:func_70100_b_:1005]: 
 id 488
 scent state 1
 active 0
 danger 1
 delay 0
 total life 1200
 current life 0
 targetScent is null false
 level 0
 targetScent name class net.minecraft.entity.player.EntityPlayerMP
 min max mob 3 4
 loop 103
 fail 0
[03:10:59] [Server thread/INFO] [STDOUT]: [com.dhanantry.scapeandrunparasites.entity.EntityParasiticScent:func_70100_b_:1005]: 
 id 509
 scent state 1
 active 0
 danger 1
 delay 0
 total life 1200
 current life 0
 targetScent is null false
 level 0
 targetScent name class net.minecraft.entity.player.EntityPlayerMP
 min max mob 3 4
 loop 103
 fail 0
[03:11:01] [Server thread/INFO] [STDOUT]: [com.dhanantry.scapeandrunparasites.entity.EntityParasiticScent:func_70100_b_:1005]: 
 id 517
 scent state 1
 active 0
 danger 1
 delay 0
 total life 1200
 current life 0
 targetScent is null false
 level 0
 targetScent name class net.minecraft.entity.player.EntityPlayerMP
 min max mob 3 4
 loop 103
 fail 0
[03:11:03] [Server thread/INFO] [STDOUT]: [com.dhanantry.scapeandrunparasites.entity.EntityParasiticScent:func_70100_b_:1005]: 
 id 532
 scent state 1
 active 0
 danger 1
 delay 0
 total life 1200
 current life 0
 targetScent is null false
 level 0
 targetScent name class net.minecraft.entity.player.EntityPlayerMP
 min max mob 3 4
 loop 103
 fail 0
[03:11:05] [Server thread/INFO] [STDOUT]: [com.dhanantry.scapeandrunparasites.entity.EntityParasiticScent:func_70100_b_:1005]: 
 id 547
 scent state 1
 active 0
 danger 1
 delay 0
 total life 1200
 current life 0
 targetScent is null false
 level 0
 targetScent name class net.minecraft.entity.player.EntityPlayerMP
 min max mob 3 4
 loop 103
 fail 0
[03:11:07] [Server thread/INFO] [STDOUT]: [com.dhanantry.scapeandrunparasites.entity.EntityParasiticScent:func_70100_b_:1005]: 
 id 557
 scent state 1
 active 0
 danger 1
 delay 0
 total life 1200
 current life 0
 targetScent is null false
 level 0
 targetScent name class net.minecraft.entity.player.EntityPlayerMP
 min max mob 3 4
 loop 103
 fail 0
[03:11:09] [Server thread/INFO] [STDOUT]: [com.dhanantry.scapeandrunparasites.entity.EntityParasiticScent:func_70100_b_:1005]: 
 id 577
 scent state 1
 active 0
 danger 1
 delay 0
 total life 1200
 current life 0
 targetScent is null false
 level 0
 targetScent name class net.minecraft.entity.player.EntityPlayerMP
 min max mob 3 4
 loop 103
 fail 0
[03:11:11] [Server thread/INFO] [STDOUT]: [com.dhanantry.scapeandrunparasites.entity.EntityParasiticScent:func_70100_b_:1005]: 
 id 616
 scent state 1
 active 0
 danger 1
 delay 0
 total life 1200
 current life 0
 targetScent is null false
 level 0
 targetScent name class net.minecraft.entity.player.EntityPlayerMP
 min max mob 3 4
 loop 103
 fail 0
[03:11:13] [Server thread/INFO] [STDOUT]: [com.dhanantry.scapeandrunparasites.entity.EntityParasiticScent:func_70100_b_:1005]: 
 id 629
 scent state 1
 active 0
 danger 1
 delay 0
 total life 1200
 current life 0
 targetScent is null false
 level 0
 targetScent name class net.minecraft.entity.player.EntityPlayerMP
 min max mob 3 4
 loop 103
 fail 0
[03:11:15] [Server thread/INFO] [STDOUT]: [com.dhanantry.scapeandrunparasites.entity.EntityParasiticScent:func_70100_b_:1005]: 
 id 658
 scent state 1
 active 0
 danger 1
 delay 0
 total life 1200
 current life 0
 targetScent is null false
 level 0
 targetScent name class net.minecraft.entity.player.EntityPlayerMP
 min max mob 3 4
 loop 103
 fail 0
[03:11:17] [Server thread/INFO] [STDOUT]: [com.dhanantry.scapeandrunparasites.entity.EntityParasiticScent:func_70100_b_:1005]: 
 id 671
 scent state 1
 active 0
 danger 1
 delay 0
 total life 1200
 current life 0
 targetScent is null false
 level 0
 targetScent name class net.minecraft.entity.player.EntityPlayerMP
 min max mob 3 4
 loop 103
 fail 0
[03:11:19] [Server thread/INFO] [STDOUT]: [com.dhanantry.scapeandrunparasites.entity.EntityParasiticScent:func_70100_b_:1005]: 
 id 693
 scent state 1
 active 0
 danger 1
 delay 0
 total life 1200
 current life 0
 targetScent is null false
 level 0
 targetScent name class net.minecraft.entity.player.EntityPlayerMP
 min max mob 3 4
 loop 103
 fail 0
[03:11:21] [Server thread/INFO] [STDOUT]: [com.dhanantry.scapeandrunparasites.entity.EntityParasiticScent:func_70100_b_:1005]: 
 id 719
 scent state 1
 active 0
 danger 1
 delay 0
 total life 1200
 current life 0
 targetScent is null false
 level 0
 targetScent name class net.minecraft.entity.player.EntityPlayerMP
 min max mob 3 4
 loop 103
 fail 0
[03:11:23] [Server thread/INFO] [STDOUT]: [com.dhanantry.scapeandrunparasites.entity.EntityParasiticScent:func_70100_b_:1005]: 
 id 726
 scent state 1
 active 0
 danger 1
 delay 0
 total life 1200
 current life 0
 targetScent is null false
 level 0
 targetScent name class net.minecraft.entity.player.EntityPlayerMP
 min max mob 3 4
 loop 103
 fail 0
[03:11:25] [Server thread/INFO] [STDOUT]: [com.dhanantry.scapeandrunparasites.entity.EntityParasiticScent:func_70100_b_:1005]: 
 id 745
 scent state 1
 active 0
 danger 1
 delay 0
 total life 1200
 current life 0
 targetScent is null false
 level 0
 targetScent name class net.minecraft.entity.player.EntityPlayerMP
 min max mob 3 4
 loop 103
 fail 0
[03:11:27] [Server thread/INFO] [STDOUT]: [com.dhanantry.scapeandrunparasites.entity.EntityParasiticScent:func_70100_b_:1005]: 
 id 764
 scent state 1
 active 0
 danger 1
 delay 0
 total life 1200
 current life 0
 targetScent is null false
 level 0
 targetScent name class net.minecraft.entity.player.EntityPlayerMP
 min max mob 3 4
 loop 103
 fail 0
[03:11:29] [Server thread/INFO] [STDOUT]: [com.dhanantry.scapeandrunparasites.entity.EntityParasiticScent:func_70100_b_:1005]: 
 id 789
 scent state 1
 active 0
 danger 1
 delay 0
 total life 1200
 current life 0
 targetScent is null false
 level 0
 targetScent name class net.minecraft.entity.player.EntityPlayerMP
 min max mob 3 4
 loop 103
 fail 0
[03:11:31] [Server thread/INFO] [STDOUT]: [com.dhanantry.scapeandrunparasites.entity.EntityParasiticScent:func_70100_b_:1005]: 
 id 791
 scent state 1
 active 0
 danger 1
 delay 0
 total life 1200
 current life 0
 targetScent is null false
 level 0
 targetScent name class net.minecraft.entity.player.EntityPlayerMP
 min max mob 3 4
 loop 103
 fail 0
[03:11:33] [Server thread/INFO] [STDOUT]: [com.dhanantry.scapeandrunparasites.entity.EntityParasiticScent:func_70100_b_:1005]: 
 id 792
 scent state 1
 active 0
 danger 1
 delay 0
 total life 1200
 current life 0
 targetScent is null false
 level 0
 targetScent name class net.minecraft.entity.player.EntityPlayerMP
 min max mob 3 4
 loop 103
 fail 0
[03:11:35] [Server thread/INFO] [STDOUT]: [com.dhanantry.scapeandrunparasites.entity.EntityParasiticScent:func_70100_b_:1005]: 
 id 817
 scent state 1
 active 0
 danger 1
 delay 0
 total life 1200
 current life 0
 targetScent is null false
 level 0
 targetScent name class net.minecraft.entity.player.EntityPlayerMP
 min max mob 3 4
 loop 103
 fail 0
[03:11:37] [Server thread/INFO] [STDOUT]: [com.dhanantry.scapeandrunparasites.entity.EntityParasiticScent:func_70100_b_:1005]: 
 id 818
 scent state 1
 active 0
 danger 1
 delay 0
 total life 1200
 current life 0
 targetScent is null false
 level 0
 targetScent name class net.minecraft.entity.player.EntityPlayerMP
 min max mob 3 4
 loop 103
 fail 0
[03:11:39] [Server thread/INFO] [STDOUT]: [com.dhanantry.scapeandrunparasites.entity.EntityParasiticScent:func_70100_b_:1005]: 
 id 819
 scent state 1
 active 0
 danger 1
 delay 0
 total life 1200
 current life 0
 targetScent is null false
 level 0
 targetScent name class net.minecraft.entity.player.EntityPlayerMP
 min max mob 3 4
 loop 103
 fail 0
[03:11:41] [Server thread/INFO] [STDOUT]: [com.dhanantry.scapeandrunparasites.entity.EntityParasiticScent:func_70100_b_:1005]: 
 id 820
 scent state 1
 active 0
 danger 1
 delay 0
 total life 1200
 current life 0
 targetScent is null false
 level 0
 targetScent name class net.minecraft.entity.player.EntityPlayerMP
 min max mob 3 4
 loop 103
 fail 0
[03:11:43] [Server thread/INFO] [STDOUT]: [com.dhanantry.scapeandrunparasites.entity.EntityParasiticScent:func_70100_b_:1005]: 
 id 840
 scent state 1
 active 0
 danger 1
 delay 0
 total life 1200
 current life 0
 targetScent is null false
 level 0
 targetScent name class net.minecraft.entity.player.EntityPlayerMP
 min max mob 3 4
 loop 103
 fail 0
[03:11:45] [Server thread/INFO] [STDOUT]: [com.dhanantry.scapeandrunparasites.entity.EntityParasiticScent:func_70100_b_:1005]: 
 id 871
 scent state 1
 active 0
 danger 1
 delay 0
 total life 1200
 current life 0
 targetScent is null false
 level 0
 targetScent name class net.minecraft.entity.player.EntityPlayerMP
 min max mob 3 4
 loop 103
 fail 0
[03:11:47] [Server thread/INFO] [STDOUT]: [com.dhanantry.scapeandrunparasites.entity.EntityParasiticScent:func_70100_b_:1005]: 
 id 885
 scent state 1
 active 0
 danger 1
 delay 0
 total life 1200
 current life 0
 targetScent is null false
 level 0
 targetScent name class net.minecraft.entity.player.EntityPlayerMP
 min max mob 3 4
 loop 103
 fail 0
[03:11:49] [Server thread/INFO] [STDOUT]: [com.dhanantry.scapeandrunparasites.entity.EntityParasiticScent:func_70100_b_:1005]: 
 id 886
 scent state 1
 active 0
 danger 1
 delay 0
 total life 1200
 current life 0
 targetScent is null false
 level 0
 targetScent name class net.minecraft.entity.player.EntityPlayerMP
 min max mob 3 4
 loop 103
 fail 0
[03:11:51] [Server thread/INFO] [STDOUT]: [com.dhanantry.scapeandrunparasites.entity.EntityParasiticScent:func_70100_b_:1005]: 
 id 887
 scent state 1
 active 0
 danger 1
 delay 0
 total life 1200
 current life 0
 targetScent is null false
 level 0
 targetScent name class net.minecraft.entity.player.EntityPlayerMP
 min max mob 3 4
 loop 103
 fail 0
[03:11:53] [Server thread/INFO] [STDOUT]: [com.dhanantry.scapeandrunparasites.entity.EntityParasiticScent:func_70100_b_:1005]: 
 id 908
 scent state 1
 active 0
 danger 1
 delay 0
 total life 1200
 current life 0
 targetScent is null false
 level 0
 targetScent name class net.minecraft.entity.player.EntityPlayerMP
 min max mob 3 4
 loop 103
 fail 0
[03:11:55] [Server thread/INFO] [STDOUT]: [com.dhanantry.scapeandrunparasites.entity.EntityParasiticScent:func_70100_b_:1005]: 
 id 909
 scent state 1
 active 0
 danger 1
 delay 0
 total life 1200
 current life 0
 targetScent is null false
 level 0
 targetScent name class net.minecraft.entity.player.EntityPlayerMP
 min max mob 3 4
 loop 103
 fail 0
[03:11:57] [Server thread/INFO] [STDOUT]: [com.dhanantry.scapeandrunparasites.entity.EntityParasiticScent:func_70100_b_:1005]: 
 id 910
 scent state 1
 active 0
 danger 1
 delay 0
 total life 1200
 current life 0
 targetScent is null false
 level 0
 targetScent name class net.minecraft.entity.player.EntityPlayerMP
 min max mob 3 4
 loop 103
 fail 0
[03:11:59] [Server thread/INFO] [STDOUT]: [com.dhanantry.scapeandrunparasites.entity.EntityParasiticScent:func_70100_b_:1005]: 
 id 923
 scent state 1
 active 0
 danger 1
 delay 0
 total life 1200
 current life 0
 targetScent is null false
 level 0
 targetScent name class net.minecraft.entity.player.EntityPlayerMP
 min max mob 3 4
 loop 103
 fail 0
[03:12:01] [Server thread/INFO] [STDOUT]: [com.dhanantry.scapeandrunparasites.entity.EntityParasiticScent:func_70100_b_:1005]: 
 id 924
 scent state 1
 active 0
 danger 1
 delay 0
 total life 1200
 current life 0
 targetScent is null false
 level 0
 targetScent name class net.minecraft.entity.player.EntityPlayerMP
 min max mob 3 4
 loop 103
 fail 0
[03:12:03] [Server thread/INFO] [STDOUT]: [com.dhanantry.scapeandrunparasites.entity.EntityParasiticScent:func_70100_b_:1005]: 
 id 925
 scent state 1
 active 0
 danger 1
 delay 0
 total life 1200
 current life 0
 targetScent is null false
 level 0
 targetScent name class net.minecraft.entity.player.EntityPlayerMP
 min max mob 3 4
 loop 103
 fail 0
[03:12:05] [Server thread/INFO] [STDOUT]: [com.dhanantry.scapeandrunparasites.entity.EntityParasiticScent:func_70100_b_:1005]: 
 id 937
 scent state 1
 active 0
 danger 1
 delay 0
 total life 1200
 current life 0
 targetScent is null false
 level 0
 targetScent name class net.minecraft.entity.player.EntityPlayerMP
 min max mob 3 4
 loop 103
 fail 0
[03:12:07] [Server thread/INFO] [STDOUT]: [com.dhanantry.scapeandrunparasites.entity.EntityParasiticScent:func_70100_b_:1005]: 
 id 938
 scent state 1
 active 0
 danger 1
 delay 0
 total life 1200
 current life 0
 targetScent is null false
 level 0
 targetScent name class net.minecraft.entity.player.EntityPlayerMP
 min max mob 3 4
 loop 103
 fail 0
[03:12:09] [Server thread/INFO] [STDOUT]: [com.dhanantry.scapeandrunparasites.entity.EntityParasiticScent:func_70100_b_:1005]: 
 id 939
 scent state 1
 active 0
 danger 1
 delay 0
 total life 1200
 current life 0
 targetScent is null false
 level 0
 targetScent name class net.minecraft.entity.player.EntityPlayerMP
 min max mob 3 4
 loop 103
 fail 0
[03:12:11] [Server thread/INFO] [STDOUT]: [com.dhanantry.scapeandrunparasites.entity.EntityParasiticScent:func_70100_b_:1005]: 
 id 940
 scent state 1
 active 0
 danger 1
 delay 0
 total life 1200
 current life 0
 targetScent is null false
 level 0
 targetScent name class net.minecraft.entity.player.EntityPlayerMP
 min max mob 3 4
 loop 103
 fail 0
[03:12:13] [Server thread/INFO] [STDOUT]: [com.dhanantry.scapeandrunparasites.entity.EntityParasiticScent:func_70100_b_:1005]: 
 id 948
 scent state 1
 active 0
 danger 1
 delay 0
 total life 1200
 current life 0
 targetScent is null false
 level 0
 targetScent name class net.minecraft.entity.player.EntityPlayerMP
 min max mob 3 4
 loop 103
 fail 0
[03:12:15] [Server thread/INFO] [STDOUT]: [com.dhanantry.scapeandrunparasites.entity.EntityParasiticScent:func_70100_b_:1005]: 
 id 949
 scent state 1
 active 0
 danger 1
 delay 0
 total life 1200
 current life 0
 targetScent is null false
 level 0
 targetScent name class net.minecraft.entity.player.EntityPlayerMP
 min max mob 3 4
 loop 103
 fail 0
[03:12:17] [Server thread/INFO] [STDOUT]: [com.dhanantry.scapeandrunparasites.entity.EntityParasiticScent:func_70100_b_:1005]: 
 id 963
 scent state 1
 active 0
 danger 1
 delay 0
 total life 1200
 current life 0
 targetScent is null false
 level 0
 targetScent name class net.minecraft.entity.player.EntityPlayerMP
 min max mob 3 4
 loop 103
 fail 0
[03:12:19] [Server thread/INFO] [STDOUT]: [com.dhanantry.scapeandrunparasites.entity.EntityParasiticScent:func_70100_b_:1005]: 
 id 966
 scent state 1
 active 0
 danger 1
 delay 0
 total life 1200
 current life 0
 targetScent is null false
 level 0
 targetScent name class net.minecraft.entity.player.EntityPlayerMP
 min max mob 3 4
 loop 103
 fail 0
[03:12:21] [Server thread/INFO] [STDOUT]: [com.dhanantry.scapeandrunparasites.entity.EntityParasiticScent:func_70100_b_:1005]: 
 id 974
 scent state 1
 active 0
 danger 1
 delay 0
 total life 1200
 current life 0
 targetScent is null false
 level 0
 targetScent name class net.minecraft.entity.player.EntityPlayerMP
 min max mob 3 4
 loop 103
 fail 0
[03:12:23] [Server thread/INFO] [STDOUT]: [com.dhanantry.scapeandrunparasites.entity.EntityParasiticScent:func_70100_b_:1005]: 
 id 1009
 scent state 1
 active 0
 danger 1
 delay 0
 total life 1200
 current life 0
 targetScent is null false
 level 0
 targetScent name class net.minecraft.entity.player.EntityPlayerMP
 min max mob 3 4
 loop 103
 fail 0
[03:12:25] [Server thread/INFO] [STDOUT]: [com.dhanantry.scapeandrunparasites.entity.EntityParasiticScent:func_70100_b_:1005]: 
 id 1010
 scent state 1
 active 0
 danger 1
 delay 0
 total life 1200
 current life 0
 targetScent is null false
 level 0
 targetScent name class net.minecraft.entity.player.EntityPlayerMP
 min max mob 3 4
 loop 103
 fail 0
[03:12:27] [Server thread/INFO] [STDOUT]: [com.dhanantry.scapeandrunparasites.entity.EntityParasiticScent:func_70100_b_:1005]: 
 id 1012
 scent state 1
 active 0
 danger 1
 delay 0
 total life 1200
 current life 0
 targetScent is null false
 level 0
 targetScent name class net.minecraft.entity.player.EntityPlayerMP
 min max mob 3 4
 loop 103
 fail 0
[03:12:29] [Server thread/INFO] [STDOUT]: [com.dhanantry.scapeandrunparasites.entity.EntityParasiticScent:func_70100_b_:1005]: 
 id 1016
 scent state 1
 active 0
 danger 1
 delay 0
 total life 1200
 current life 0
 targetScent is null false
 level 0
 targetScent name class net.minecraft.entity.player.EntityPlayerMP
 min max mob 3 4
 loop 103
 fail 0
[03:12:31] [Server thread/INFO] [STDOUT]: [com.dhanantry.scapeandrunparasites.entity.EntityParasiticScent:func_70100_b_:1005]: 
 id 1037
 scent state 1
 active 0
 danger 1
 delay 0
 total life 1200
 current life 0
 targetScent is null false
 level 0
 targetScent name class net.minecraft.entity.player.EntityPlayerMP
 min max mob 3 4
 loop 103
 fail 0
[03:12:33] [Server thread/INFO] [STDOUT]: [com.dhanantry.scapeandrunparasites.entity.EntityParasiticScent:func_70100_b_:1005]: 
 id 1038
 scent state 1
 active 0
 danger 1
 delay 0
 total life 1200
 current life 0
 targetScent is null false
 level 0
 targetScent name class net.minecraft.entity.player.EntityPlayerMP
 min max mob 3 4
 loop 103
 fail 0
[03:12:35] [Server thread/INFO] [STDOUT]: [com.dhanantry.scapeandrunparasites.entity.EntityParasiticScent:func_70100_b_:1005]: 
 id 1054
 scent state 1
 active 0
 danger 1
 delay 0
 total life 1200
 current life 0
 targetScent is null false
 level 0
 targetScent name class net.minecraft.entity.player.EntityPlayerMP
 min max mob 3 4
 loop 103
 fail 0
[03:12:37] [Server thread/INFO] [STDOUT]: [com.dhanantry.scapeandrunparasites.entity.EntityParasiticScent:func_70100_b_:1005]: 
 id 1071
 scent state 1
 active 0
 danger 1
 delay 0
 total life 1200
 current life 0
 targetScent is null false
 level 0
 targetScent name class net.minecraft.entity.player.EntityPlayerMP
 min max mob 3 4
 loop 103
 fail 0
[03:12:39] [Server thread/INFO] [STDOUT]: [com.dhanantry.scapeandrunparasites.entity.EntityParasiticScent:func_70100_b_:1005]: 
 id 1096
 scent state 1
 active 0
 danger 1
 delay 0
 total life 1200
 current life 0
 targetScent is null false
 level 0
 targetScent name class net.minecraft.entity.player.EntityPlayerMP
 min max mob 3 4
 loop 103
 fail 0
[03:12:41] [Server thread/INFO] [STDOUT]: [com.dhanantry.scapeandrunparasites.entity.EntityParasiticScent:func_70100_b_:1005]: 
 id 1114
 scent state 1
 active 0
 danger 1
 delay 0
 total life 1200
 current life 0
 targetScent is null false
 level 0
 targetScent name class net.minecraft.entity.player.EntityPlayerMP
 min max mob 3 4
 loop 103
 fail 0
[03:12:43] [Server thread/INFO] [STDOUT]: [com.dhanantry.scapeandrunparasites.entity.EntityParasiticScent:func_70100_b_:1005]: 
 id 1135
 scent state 1
 active 0
 danger 1
 delay 0
 total life 1200
 current life 0
 targetScent is null false
 level 0
 targetScent name class net.minecraft.entity.player.EntityPlayerMP
 min max mob 3 4
 loop 103
 fail 0
[03:12:45] [Server thread/INFO] [STDOUT]: [com.dhanantry.scapeandrunparasites.entity.EntityParasiticScent:func_70100_b_:1005]: 
 id 1136
 scent state 1
 active 0
 danger 1
 delay 0
 total life 1200
 current life 0
 targetScent is null false
 level 0
 targetScent name class net.minecraft.entity.player.EntityPlayerMP
 min max mob 3 4
 loop 103
 fail 0
[03:12:47] [Server thread/INFO] [STDOUT]: [com.dhanantry.scapeandrunparasites.entity.EntityParasiticScent:func_70100_b_:1005]: 
 id 1137
 scent state 1
 active 0
 danger 1
 delay 0
 total life 1200
 current life 0
 targetScent is null false
 level 0
 targetScent name class net.minecraft.entity.player.EntityPlayerMP
 min max mob 3 4
 loop 103
 fail 0
[03:12:49] [Server thread/INFO] [STDOUT]: [com.dhanantry.scapeandrunparasites.entity.EntityParasiticScent:func_70100_b_:1005]: 
 id 1158
 scent state 1
 active 0
 danger 1
 delay 0
 total life 1200
 current life 0
 targetScent is null false
 level 0
 targetScent name class net.minecraft.entity.player.EntityPlayerMP
 min max mob 3 4
 loop 103
 fail 0
[03:12:51] [Server thread/INFO] [STDOUT]: [com.dhanantry.scapeandrunparasites.entity.EntityParasiticScent:func_70100_b_:1005]: 
 id 1165
 scent state 1
 active 0
 danger 1
 delay 0
 total life 1200
 current life 0
 targetScent is null false
 level 0
 targetScent name class net.minecraft.entity.player.EntityPlayerMP
 min max mob 3 4
 loop 103
 fail 0
[03:12:53] [Server thread/INFO] [STDOUT]: [com.dhanantry.scapeandrunparasites.entity.EntityParasiticScent:func_70100_b_:1005]: 
 id 1183
 scent state 1
 active 0
 danger 1
 delay 0
 total life 1200
 current life 0
 targetScent is null false
 level 0
 targetScent name class net.minecraft.entity.player.EntityPlayerMP
 min max mob 3 4
 loop 103
 fail 0
[03:12:55] [Server thread/INFO] [STDOUT]: [com.dhanantry.scapeandrunparasites.entity.EntityParasiticScent:func_70100_b_:1005]: 
 id 1192
 scent state 1
 active 0
 danger 1
 delay 0
 total life 1200
 current life 0
 targetScent is null false
 level 0
 targetScent name class net.minecraft.entity.player.EntityPlayerMP
 min max mob 3 4
 loop 103
 fail 0
[03:12:57] [Server thread/INFO] [STDOUT]: [com.dhanantry.scapeandrunparasites.entity.EntityParasiticScent:func_70100_b_:1005]: 
 id 1193
 scent state 1
 active 0
 danger 1
 delay 0
 total life 1200
 current life 0
 targetScent is null false
 level 0
 targetScent name class net.minecraft.entity.player.EntityPlayerMP
 min max mob 3 4
 loop 103
 fail 0
[03:12:59] [Server thread/INFO] [STDOUT]: [com.dhanantry.scapeandrunparasites.entity.EntityParasiticScent:func_70100_b_:1005]: 
 id 1196
 scent state 1
 active 0
 danger 1
 delay 0
 total life 1200
 current life 0
 targetScent is null false
 level 0
 targetScent name class net.minecraft.entity.player.EntityPlayerMP
 min max mob 3 4
 loop 103
 fail 0
[03:13:01] [Server thread/INFO] [STDOUT]: [com.dhanantry.scapeandrunparasites.entity.EntityParasiticScent:func_70100_b_:1005]: 
 id 1218
 scent state 1
 active 0
 danger 1
 delay 0
 total life 1200
 current life 0
 targetScent is null false
 level 0
 targetScent name class net.minecraft.entity.player.EntityPlayerMP
 min max mob 3 4
 loop 103
 fail 0
[03:13:03] [Server thread/INFO] [STDOUT]: [com.dhanantry.scapeandrunparasites.entity.EntityParasiticScent:func_70100_b_:1005]: 
 id 1227
 scent state 1
 active 0
 danger 1
 delay 0
 total life 1200
 current life 0
 targetScent is null false
 level 0
 targetScent name class net.minecraft.entity.player.EntityPlayerMP
 min max mob 3 4
 loop 103
 fail 0
[03:13:05] [Server thread/INFO] [STDOUT]: [com.dhanantry.scapeandrunparasites.entity.EntityParasiticScent:func_70100_b_:1005]: 
 id 1248
 scent state 1
 active 0
 danger 1
 delay 0
 total life 1200
 current life 0
 targetScent is null false
 level 0
 targetScent name class net.minecraft.entity.player.EntityPlayerMP
 min max mob 3 4
 loop 103
 fail 0
[03:13:07] [Server thread/INFO] [STDOUT]: [com.dhanantry.scapeandrunparasites.entity.EntityParasiticScent:func_70100_b_:1005]: 
 id 1251
 scent state 1
 active 0
 danger 1
 delay 0
 total life 1200
 current life 0
 targetScent is null false
 level 0
 targetScent name class net.minecraft.entity.player.EntityPlayerMP
 min max mob 3 4
 loop 103
 fail 0
[03:13:09] [Server thread/INFO] [STDOUT]: [com.dhanantry.scapeandrunparasites.entity.EntityParasiticScent:func_70100_b_:1005]: 
 id 1273
 scent state 1
 active 0
 danger 1
 delay 0
 total life 1200
 current life 0
 targetScent is null false
 level 0
 targetScent name class net.minecraft.entity.player.EntityPlayerMP
 min max mob 3 4
 loop 103
 fail 0
[03:13:11] [Server thread/INFO] [STDOUT]: [com.dhanantry.scapeandrunparasites.entity.EntityParasiticScent:func_70100_b_:1005]: 
 id 1275
 scent state 1
 active 0
 danger 1
 delay 0
 total life 1200
 current life 0
 targetScent is null false
 level 0
 targetScent name class net.minecraft.entity.player.EntityPlayerMP
 min max mob 3 4
 loop 103
 fail 0
[03:13:13] [Server thread/INFO] [STDOUT]: [com.dhanantry.scapeandrunparasites.entity.EntityParasiticScent:func_70100_b_:1005]: 
 id 1280
 scent state 1
 active 0
 danger 1
 delay 0
 total life 1200
 current life 0
 targetScent is null false
 level 0
 targetScent name class net.minecraft.entity.player.EntityPlayerMP
 min max mob 3 4
 loop 103
 fail 0
[03:13:15] [Server thread/INFO] [STDOUT]: [com.dhanantry.scapeandrunparasites.entity.EntityParasiticScent:func_70100_b_:1005]: 
 id 1293
 scent state 1
 active 0
 danger 1
 delay 0
 total life 1200
 current life 0
 targetScent is null false
 level 0
 targetScent name class net.minecraft.entity.player.EntityPlayerMP
 min max mob 3 4
 loop 103
 fail 0
[03:13:17] [Server thread/INFO] [STDOUT]: [com.dhanantry.scapeandrunparasites.entity.EntityParasiticScent:func_70100_b_:1005]: 
 id 1311
 scent state 1
 active 0
 danger 1
 delay 0
 total life 1200
 current life 0
 targetScent is null false
 level 0
 targetScent name class net.minecraft.entity.player.EntityPlayerMP
 min max mob 3 4
 loop 103
 fail 0
[03:13:19] [Server thread/INFO] [STDOUT]: [com.dhanantry.scapeandrunparasites.entity.EntityParasiticScent:func_70100_b_:1005]: 
 id 1316
 scent state 1
 active 0
 danger 1
 delay 0
 total life 1200
 current life 0
 targetScent is null false
 level 0
 targetScent name class net.minecraft.entity.player.EntityPlayerMP
 min max mob 3 4
 loop 103
 fail 0
[03:13:21] [Server thread/INFO] [STDOUT]: [com.dhanantry.scapeandrunparasites.entity.EntityParasiticScent:func_70100_b_:1005]: 
 id 1320
 scent state 1
 active 0
 danger 1
 delay 0
 total life 1200
 current life 0
 targetScent is null false
 level 0
 targetScent name class net.minecraft.entity.player.EntityPlayerMP
 min max mob 3 4
 loop 103
 fail 0
[03:13:23] [Server thread/INFO] [STDOUT]: [com.dhanantry.scapeandrunparasites.entity.EntityParasiticScent:func_70100_b_:1005]: 
 id 1353
 scent state 1
 active 0
 danger 1
 delay 0
 total life 1200
 current life 0
 targetScent is null false
 level 0
 targetScent name class net.minecraft.entity.player.EntityPlayerMP
 min max mob 3 4
 loop 103
 fail 0
[03:13:25] [Server thread/INFO] [STDOUT]: [com.dhanantry.scapeandrunparasites.entity.EntityParasiticScent:func_70100_b_:1005]: 
 id 1369
 scent state 1
 active 0
 danger 1
 delay 0
 total life 1200
 current life 0
 targetScent is null false
 level 0
 targetScent name class net.minecraft.entity.player.EntityPlayerMP
 min max mob 3 4
 loop 103
 fail 0
[03:13:27] [Server thread/INFO] [STDOUT]: [com.dhanantry.scapeandrunparasites.entity.EntityParasiticScent:func_70100_b_:1005]: 
 id 1400
 scent state 1
 active 0
 danger 1
 delay 0
 total life 1200
 current life 0
 targetScent is null false
 level 0
 targetScent name class net.minecraft.entity.player.EntityPlayerMP
 min max mob 3 4
 loop 103
 fail 0
[03:13:29] [Server thread/INFO] [STDOUT]: [com.dhanantry.scapeandrunparasites.entity.EntityParasiticScent:func_70100_b_:1005]: 
 id 1418
 scent state 1
 active 0
 danger 1
 delay 0
 total life 1200
 current life 0
 targetScent is null false
 level 0
 targetScent name class net.minecraft.entity.player.EntityPlayerMP
 min max mob 3 4
 loop 103
 fail 0
[03:13:31] [Server thread/INFO] [STDOUT]: [com.dhanantry.scapeandrunparasites.entity.EntityParasiticScent:func_70100_b_:1005]: 
 id 1419
 scent state 1
 active 0
 danger 1
 delay 0
 total life 1200
 current life 0
 targetScent is null false
 level 0
 targetScent name class net.minecraft.entity.player.EntityPlayerMP
 min max mob 3 4
 loop 103
 fail 0
[03:13:33] [Server thread/INFO] [STDOUT]: [com.dhanantry.scapeandrunparasites.entity.EntityParasiticScent:func_70100_b_:1005]: 
 id 1420
 scent state 1
 active 0
 danger 1
 delay 0
 total life 1200
 current life 0
 targetScent is null false
 level 0
 targetScent name class net.minecraft.entity.player.EntityPlayerMP
 min max mob 3 4
 loop 103
 fail 0
[03:13:35] [Server thread/INFO] [STDOUT]: [com.dhanantry.scapeandrunparasites.entity.EntityParasiticScent:func_70100_b_:1005]: 
 id 1428
 scent state 1
 active 0
 danger 1
 delay 0
 total life 1200
 current life 0
 targetScent is null false
 level 0
 targetScent name class net.minecraft.entity.player.EntityPlayerMP
 min max mob 3 4
 loop 103
 fail 0
[03:13:37] [Server thread/INFO] [STDOUT]: [com.dhanantry.scapeandrunparasites.entity.EntityParasiticScent:func_70100_b_:1005]: 
 id 1429
 scent state 1
 active 0
 danger 1
 delay 0
 total life 1200
 current life 0
 targetScent is null false
 level 0
 targetScent name class net.minecraft.entity.player.EntityPlayerMP
 min max mob 3 4
 loop 103
 fail 0
[03:13:39] [Server thread/INFO] [STDOUT]: [com.dhanantry.scapeandrunparasites.entity.EntityParasiticScent:func_70100_b_:1005]: 
 id 1437
 scent state 1
 active 0
 danger 1
 delay 0
 total life 1200
 current life 0
 targetScent is null false
 level 0
 targetScent name class net.minecraft.entity.player.EntityPlayerMP
 min max mob 3 4
 loop 103
 fail 0
[03:13:41] [Server thread/INFO] [STDOUT]: [com.dhanantry.scapeandrunparasites.entity.EntityParasiticScent:func_70100_b_:1005]: 
 id 1438
 scent state 1
 active 0
 danger 1
 delay 0
 total life 1200
 current life 0
 targetScent is null false
 level 0
 targetScent name class net.minecraft.entity.player.EntityPlayerMP
 min max mob 3 4
 loop 103
 fail 0
[03:13:43] [Server thread/INFO] [STDOUT]: [com.dhanantry.scapeandrunparasites.entity.EntityParasiticScent:func_70100_b_:1005]: 
 id 1439
 scent state 1
 active 0
 danger 1
 delay 0
 total life 1200
 current life 0
 targetScent is null false
 level 0
 targetScent name class net.minecraft.entity.player.EntityPlayerMP
 min max mob 3 4
 loop 103
 fail 0
[03:13:45] [Server thread/INFO] [STDOUT]: [com.dhanantry.scapeandrunparasites.entity.EntityParasiticScent:func_70100_b_:1005]: 
 id 1443
 scent state 1
 active 0
 danger 1
 delay 0
 total life 1200
 current life 0
 targetScent is null false
 level 0
 targetScent name class net.minecraft.entity.player.EntityPlayerMP
 min max mob 3 4
 loop 103
 fail 0
[03:13:47] [Server thread/INFO] [STDOUT]: [com.dhanantry.scapeandrunparasites.entity.EntityParasiticScent:func_70100_b_:1005]: 
 id 1459
 scent state 1
 active 0
 danger 1
 delay 0
 total life 1200
 current life 0
 targetScent is null false
 level 0
 targetScent name class net.minecraft.entity.player.EntityPlayerMP
 min max mob 3 4
 loop 103
 fail 0
[03:13:49] [Server thread/INFO] [STDOUT]: [com.dhanantry.scapeandrunparasites.entity.EntityParasiticScent:func_70100_b_:1005]: 
 id 1480
 scent state 1
 active 0
 danger 1
 delay 0
 total life 1200
 current life 0
 targetScent is null false
 level 0
 targetScent name class net.minecraft.entity.player.EntityPlayerMP
 min max mob 3 4
 loop 103
 fail 0
[03:13:51] [Server thread/INFO] [STDOUT]: [com.dhanantry.scapeandrunparasites.entity.EntityParasiticScent:func_70100_b_:1005]: 
 id 1481
 scent state 1
 active 0
 danger 1
 delay 0
 total life 1200
 current life 0
 targetScent is null false
 level 0
 targetScent name class net.minecraft.entity.player.EntityPlayerMP
 min max mob 3 4
 loop 103
 fail 0
[03:13:53] [Server thread/INFO] [STDOUT]: [com.dhanantry.scapeandrunparasites.entity.EntityParasiticScent:func_70100_b_:1005]: 
 id 1505
 scent state 1
 active 0
 danger 1
 delay 0
 total life 1200
 current life 0
 targetScent is null false
 level 0
 targetScent name class net.minecraft.entity.player.EntityPlayerMP
 min max mob 3 4
 loop 103
 fail 0
[03:13:55] [Server thread/INFO] [STDOUT]: [com.dhanantry.scapeandrunparasites.entity.EntityParasiticScent:func_70100_b_:1005]: 
 id 1506
 scent state 1
 active 0
 danger 1
 delay 0
 total life 1200
 current life 0
 targetScent is null false
 level 0
 targetScent name class net.minecraft.entity.player.EntityPlayerMP
 min max mob 3 4
 loop 103
 fail 0
[03:13:57] [Server thread/INFO] [STDOUT]: [com.dhanantry.scapeandrunparasites.entity.EntityParasiticScent:func_70100_b_:1005]: 
 id 1507
 scent state 1
 active 0
 danger 1
 delay 0
 total life 1200
 current life 0
 targetScent is null false
 level 0
 targetScent name class net.minecraft.entity.player.EntityPlayerMP
 min max mob 3 4
 loop 103
 fail 0
[03:13:59] [Server thread/INFO] [STDOUT]: [com.dhanantry.scapeandrunparasites.entity.EntityParasiticScent:func_70100_b_:1005]: 
 id 1530
 scent state 1
 active 0
 danger 1
 delay 0
 total life 1200
 current life 0
 targetScent is null false
 level 0
 targetScent name class net.minecraft.entity.player.EntityPlayerMP
 min max mob 3 4
 loop 103
 fail 0
[03:14:01] [Server thread/INFO] [STDOUT]: [com.dhanantry.scapeandrunparasites.entity.EntityParasiticScent:func_70100_b_:1005]: 
 id 1551
 scent state 1
 active 0
 danger 1
 delay 0
 total life 1200
 current life 0
 targetScent is null false
 level 0
 targetScent name class net.minecraft.entity.player.EntityPlayerMP
 min max mob 3 4
 loop 103
 fail 0
[03:14:03] [Server thread/INFO] [STDOUT]: [com.dhanantry.scapeandrunparasites.entity.EntityParasiticScent:func_70100_b_:1005]: 
 id 1559
 scent state 1
 active 0
 danger 1
 delay 0
 total life 1200
 current life 0
 targetScent is null false
 level 0
 targetScent name class net.minecraft.entity.player.EntityPlayerMP
 min max mob 3 4
 loop 103
 fail 0
[03:14:05] [Server thread/INFO] [STDOUT]: [com.dhanantry.scapeandrunparasites.entity.EntityParasiticScent:func_70100_b_:1005]: 
 id 1596
 scent state 1
 active 0
 danger 1
 delay 0
 total life 1200
 current life 0
 targetScent is null false
 level 0
 targetScent name class net.minecraft.entity.player.EntityPlayerMP
 min max mob 3 4
 loop 103
 fail 0
[03:14:07] [Server thread/INFO] [STDOUT]: [com.dhanantry.scapeandrunparasites.entity.EntityParasiticScent:func_70100_b_:1005]: 
 id 1617
 scent state 1
 active 0
 danger 1
 delay 0
 total life 1200
 current life 0
 targetScent is null false
 level 0
 targetScent name class net.minecraft.entity.player.EntityPlayerMP
 min max mob 3 4
 loop 103
 fail 0
[03:14:09] [Server thread/INFO] [STDOUT]: [com.dhanantry.scapeandrunparasites.entity.EntityParasiticScent:func_70100_b_:1005]: 
 id 1633
 scent state 1
 active 0
 danger 1
 delay 0
 total life 1200
 current life 0
 targetScent is null false
 level 0
 targetScent name class net.minecraft.entity.player.EntityPlayerMP
 min max mob 3 4
 loop 103
 fail 0
[03:14:11] [Server thread/INFO] [STDOUT]: [com.dhanantry.scapeandrunparasites.entity.EntityParasiticScent:func_70100_b_:1005]: 
 id 1648
 scent state 1
 active 0
 danger 1
 delay 0
 total life 1200
 current life 0
 targetScent is null false
 level 0
 targetScent name class net.minecraft.entity.player.EntityPlayerMP
 min max mob 3 4
 loop 103
 fail 0
[03:14:13] [Server thread/INFO] [STDOUT]: [com.dhanantry.scapeandrunparasites.entity.EntityParasiticScent:func_70100_b_:1005]: 
 id 1663
 scent state 1
 active 0
 danger 1
 delay 0
 total life 1200
 current life 0
 targetScent is null false
 level 0
 targetScent name class net.minecraft.entity.player.EntityPlayerMP
 min max mob 3 4
 loop 103
 fail 0
[03:14:15] [Server thread/INFO] [STDOUT]: [com.dhanantry.scapeandrunparasites.entity.EntityParasiticScent:func_70100_b_:1005]: 
 id 1676
 scent state 1
 active 0
 danger 1
 delay 0
 total life 1200
 current life 0
 targetScent is null false
 level 0
 targetScent name class net.minecraft.entity.player.EntityPlayerMP
 min max mob 3 4
 loop 103
 fail 0
[03:14:17] [Server thread/INFO] [STDOUT]: [com.dhanantry.scapeandrunparasites.entity.EntityParasiticScent:func_70100_b_:1005]: 
 id 1691
 scent state 1
 active 0
 danger 1
 delay 0
 total life 1200
 current life 0
 targetScent is null false
 level 0
 targetScent name class net.minecraft.entity.player.EntityPlayerMP
 min max mob 3 4
 loop 103
 fail 0
[03:14:19] [Server thread/INFO] [STDOUT]: [com.dhanantry.scapeandrunparasites.entity.EntityParasiticScent:func_70100_b_:1005]: 
 id 1699
 scent state 1
 active 0
 danger 1
 delay 0
 total life 1200
 current life 0
 targetScent is null false
 level 0
 targetScent name class net.minecraft.entity.player.EntityPlayerMP
 min max mob 3 4
 loop 103
 fail 0
[03:14:21] [Server thread/INFO] [STDOUT]: [com.dhanantry.scapeandrunparasites.entity.EntityParasiticScent:func_70100_b_:1005]: 
 id 1763
 scent state 1
 active 0
 danger 1
 delay 0
 total life 1200
 current life 0
 targetScent is null false
 level 0
 targetScent name class net.minecraft.entity.player.EntityPlayerMP
 min max mob 3 4
 loop 103
 fail 0
[03:14:23] [Server thread/INFO] [STDOUT]: [com.dhanantry.scapeandrunparasites.entity.EntityParasiticScent:func_70100_b_:1005]: 
 id 1779
 scent state 1
 active 0
 danger 1
 delay 0
 total life 1200
 current life 0
 targetScent is null false
 level 0
 targetScent name class net.minecraft.entity.player.EntityPlayerMP
 min max mob 3 4
 loop 103
 fail 0
[03:14:25] [Server thread/INFO] [STDOUT]: [com.dhanantry.scapeandrunparasites.entity.EntityParasiticScent:func_70100_b_:1005]: 
 id 1798
 scent state 1
 active 0
 danger 1
 delay 0
 total life 1200
 current life 0
 targetScent is null false
 level 0
 targetScent name class net.minecraft.entity.player.EntityPlayerMP
 min max mob 3 4
 loop 103
 fail 0
[03:14:27] [Server thread/INFO] [STDOUT]: [com.dhanantry.scapeandrunparasites.entity.EntityParasiticScent:func_70100_b_:1005]: 
 id 1800
 scent state 1
 active 0
 danger 1
 delay 0
 total life 1200
 current life 0
 targetScent is null false
 level 0
 targetScent name class net.minecraft.entity.player.EntityPlayerMP
 min max mob 3 4
 loop 103
 fail 0
[03:14:29] [Server thread/INFO] [STDOUT]: [com.dhanantry.scapeandrunparasites.entity.EntityParasiticScent:func_70100_b_:1005]: 
 id 1838
 scent state 1
 active 0
 danger 1
 delay 0
 total life 1200
 current life 0
 targetScent is null false
 level 0
 targetScent name class net.minecraft.entity.player.EntityPlayerMP
 min max mob 3 4
 loop 103
 fail 0
[03:14:31] [Server thread/INFO] [STDOUT]: [com.dhanantry.scapeandrunparasites.entity.EntityParasiticScent:func_70100_b_:1005]: 
 id 1843
 scent state 1
 active 0
 danger 1
 delay 0
 total life 1200
 current life 0
 targetScent is null false
 level 0
 targetScent name class net.minecraft.entity.player.EntityPlayerMP
 min max mob 3 4
 loop 103
 fail 0
[03:14:33] [Server thread/INFO] [STDOUT]: [com.dhanantry.scapeandrunparasites.entity.EntityParasiticScent:func_70100_b_:1005]: 
 id 1853
 scent state 1
 active 0
 danger 1
 delay 0
 total life 1200
 current life 0
 targetScent is null false
 level 0
 targetScent name class net.minecraft.entity.player.EntityPlayerMP
 min max mob 3 4
 loop 103
 fail 0
[03:14:35] [Server thread/INFO] [STDOUT]: [com.dhanantry.scapeandrunparasites.entity.EntityParasiticScent:func_70100_b_:1005]: 
 id 1854
 scent state 1
 active 0
 danger 1
 delay 0
 total life 1200
 current life 0
 targetScent is null false
 level 0
 targetScent name class net.minecraft.entity.player.EntityPlayerMP
 min max mob 3 4
 loop 103
 fail 0
[03:14:37] [Server thread/INFO] [STDOUT]: [com.dhanantry.scapeandrunparasites.entity.EntityParasiticScent:func_70100_b_:1005]: 
 id 1855
 scent state 1
 active 0
 danger 1
 delay 0
 total life 1200
 current life 0
 targetScent is null false
 level 0
 targetScent name class net.minecraft.entity.player.EntityPlayerMP
 min max mob 3 4
 loop 103
 fail 0
[03:14:39] [Server thread/INFO] [STDOUT]: [com.dhanantry.scapeandrunparasites.entity.EntityParasiticScent:func_70100_b_:1005]: 
 id 1894
 scent state 1
 active 0
 danger 1
 delay 0
 total life 1200
 current life 0
 targetScent is null false
 level 0
 targetScent name class net.minecraft.entity.player.EntityPlayerMP
 min max mob 3 4
 loop 103
 fail 0
[03:14:41] [Server thread/INFO] [STDOUT]: [com.dhanantry.scapeandrunparasites.entity.EntityParasiticScent:func_70100_b_:1005]: 
 id 1903
 scent state 1
 active 0
 danger 1
 delay 0
 total life 1200
 current life 0
 targetScent is null false
 level 0
 targetScent name class net.minecraft.entity.player.EntityPlayerMP
 min max mob 3 4
 loop 103
 fail 0
[03:14:43] [Server thread/INFO] [STDOUT]: [com.dhanantry.scapeandrunparasites.entity.EntityParasiticScent:func_70100_b_:1005]: 
 id 1933
 scent state 1
 active 0
 danger 1
 delay 0
 total life 1200
 current life 0
 targetScent is null false
 level 0
 targetScent name class net.minecraft.entity.player.EntityPlayerMP
 min max mob 3 4
 loop 103
 fail 0
[03:14:45] [Server thread/INFO] [STDOUT]: [com.dhanantry.scapeandrunparasites.entity.EntityParasiticScent:func_70100_b_:1005]: 
 id 1937
 scent state 1
 active 0
 danger 1
 delay 0
 total life 1200
 current life 0
 targetScent is null false
 level 0
 targetScent name class net.minecraft.entity.player.EntityPlayerMP
 min max mob 3 4
 loop 103
 fail 0
[03:14:47] [Server thread/INFO] [STDOUT]: [com.dhanantry.scapeandrunparasites.entity.EntityParasiticScent:func_70100_b_:1005]: 
 id 1940
 scent state 1
 active 0
 danger 1
 delay 0
 total life 1200
 current life 0
 targetScent is null false
 level 0
 targetScent name class net.minecraft.entity.player.EntityPlayerMP
 min max mob 3 4
 loop 103
 fail 0
[03:14:49] [Server thread/INFO] [STDOUT]: [com.dhanantry.scapeandrunparasites.entity.EntityParasiticScent:func_70100_b_:1005]: 
 id 1945
 scent state 1
 active 0
 danger 1
 delay 0
 total life 1200
 current life 0
 targetScent is null false
 level 0
 targetScent name class net.minecraft.entity.player.EntityPlayerMP
 min max mob 3 4
 loop 103
 fail 0
[03:14:51] [Server thread/INFO] [STDOUT]: [com.dhanantry.scapeandrunparasites.entity.EntityParasiticScent:func_70100_b_:1005]: 
 id 1946
 scent state 1
 active 0
 danger 1
 delay 0
 total life 1200
 current life 0
 targetScent is null false
 level 0
 targetScent name class net.minecraft.entity.player.EntityPlayerMP
 min max mob 3 4
 loop 103
 fail 0
[03:14:53] [Server thread/INFO] [STDOUT]: [com.dhanantry.scapeandrunparasites.entity.EntityParasiticScent:func_70100_b_:1005]: 
 id 1949
 scent state 1
 active 0
 danger 1
 delay 0
 total life 1200
 current life 0
 targetScent is null false
 level 0
 targetScent name class net.minecraft.entity.player.EntityPlayerMP
 min max mob 3 4
 loop 103
 fail 0
[03:14:55] [Server thread/INFO] [STDOUT]: [com.dhanantry.scapeandrunparasites.entity.EntityParasiticScent:func_70100_b_:1005]: 
 id 1954
 scent state 1
 active 0
 danger 1
 delay 0
 total life 1200
 current life 0
 targetScent is null false
 level 0
 targetScent name class net.minecraft.entity.player.EntityPlayerMP
 min max mob 3 4
 loop 103
 fail 0
[03:14:57] [Server thread/INFO] [STDOUT]: [com.dhanantry.scapeandrunparasites.entity.EntityParasiticScent:func_70100_b_:1005]: 
 id 1969
 scent state 1
 active 0
 danger 1
 delay 0
 total life 1200
 current life 0
 targetScent is null false
 level 0
 targetScent name class net.minecraft.entity.player.EntityPlayerMP
 min max mob 3 4
 loop 103
 fail 0
[03:14:59] [Server thread/INFO] [STDOUT]: [com.dhanantry.scapeandrunparasites.entity.EntityParasiticScent:func_70100_b_:1005]: 
 id 1993
 scent state 1
 active 0
 danger 1
 delay 0
 total life 1200
 current life 0
 targetScent is null false
 level 0
 targetScent name class net.minecraft.entity.player.EntityPlayerMP
 min max mob 3 4
 loop 103
 fail 0
[03:15:01] [Server thread/INFO] [STDOUT]: [com.dhanantry.scapeandrunparasites.entity.EntityParasiticScent:func_70100_b_:1005]: 
 id 1994
 scent state 1
 active 0
 danger 1
 delay 0
 total life 1200
 current life 0
 targetScent is null false
 level 0
 targetScent name class net.minecraft.entity.player.EntityPlayerMP
 min max mob 3 4
 loop 103
 fail 0
[03:15:03] [Server thread/INFO] [STDOUT]: [com.dhanantry.scapeandrunparasites.entity.EntityParasiticScent:func_70100_b_:1005]: 
 id 1995
 scent state 1
 active 0
 danger 1
 delay 0
 total life 1200
 current life 0
 targetScent is null false
 level 0
 targetScent name class net.minecraft.entity.player.EntityPlayerMP
 min max mob 3 4
 loop 103
 fail 0
[03:15:05] [Server thread/INFO] [STDOUT]: [com.dhanantry.scapeandrunparasites.entity.EntityParasiticScent:func_70100_b_:1005]: 
 id 1996
 scent state 1
 active 0
 danger 1
 delay 0
 total life 1200
 current life 0
 targetScent is null false
 level 0
 targetScent name class net.minecraft.entity.player.EntityPlayerMP
 min max mob 3 4
 loop 103
 fail 0
[03:15:07] [Server thread/INFO] [STDOUT]: [com.dhanantry.scapeandrunparasites.entity.EntityParasiticScent:func_70100_b_:1005]: 
 id 1997
 scent state 1
 active 0
 danger 1
 delay 0
 total life 1200
 current life 0
 targetScent is null false
 level 0
 targetScent name class net.minecraft.entity.player.EntityPlayerMP
 min max mob 3 4
 loop 103
 fail 0
[03:15:09] [Server thread/INFO] [STDOUT]: [com.dhanantry.scapeandrunparasites.entity.EntityParasiticScent:func_70100_b_:1005]: 
 id 2007
 scent state 1
 active 0
 danger 1
 delay 0
 total life 1200
 current life 0
 targetScent is null false
 level 0
 targetScent name class net.minecraft.entity.player.EntityPlayerMP
 min max mob 3 4
 loop 103
 fail 0
[03:15:11] [Server thread/INFO] [STDOUT]: [com.dhanantry.scapeandrunparasites.entity.EntityParasiticScent:func_70100_b_:1005]: 
 id 2008
 scent state 1
 active 0
 danger 1
 delay 0
 total life 1200
 current life 0
 targetScent is null false
 level 0
 targetScent name class net.minecraft.entity.player.EntityPlayerMP
 min max mob 3 4
 loop 103
 fail 0
[03:15:13] [Server thread/INFO] [STDOUT]: [com.dhanantry.scapeandrunparasites.entity.EntityParasiticScent:func_70100_b_:1005]: 
 id 2016
 scent state 1
 active 0
 danger 1
 delay 0
 total life 1200
 current life 0
 targetScent is null false
 level 0
 targetScent name class net.minecraft.entity.player.EntityPlayerMP
 min max mob 3 4
 loop 103
 fail 0
[03:15:15] [Server thread/INFO] [STDOUT]: [com.dhanantry.scapeandrunparasites.entity.EntityParasiticScent:func_70100_b_:1005]: 
 id 2032
 scent state 1
 active 0
 danger 1
 delay 0
 total life 1200
 current life 0
 targetScent is null false
 level 0
 targetScent name class net.minecraft.entity.player.EntityPlayerMP
 min max mob 3 4
 loop 103
 fail 0
[03:15:17] [Server thread/INFO] [STDOUT]: [com.dhanantry.scapeandrunparasites.entity.EntityParasiticScent:func_70100_b_:1005]: 
 id 2033
 scent state 1
 active 0
 danger 1
 delay 0
 total life 1200
 current life 0
 targetScent is null false
 level 0
 targetScent name class net.minecraft.entity.player.EntityPlayerMP
 min max mob 3 4
 loop 103
 fail 0
[03:15:19] [Server thread/INFO] [STDOUT]: [com.dhanantry.scapeandrunparasites.entity.EntityParasiticScent:func_70100_b_:1005]: 
 id 2034
 scent state 1
 active 0
 danger 1
 delay 0
 total life 1200
 current life 0
 targetScent is null false
 level 0
 targetScent name class net.minecraft.entity.player.EntityPlayerMP
 min max mob 3 4
 loop 103
 fail 0
[03:15:21] [Server thread/INFO] [STDOUT]: [com.dhanantry.scapeandrunparasites.entity.EntityParasiticScent:func_70100_b_:1005]: 
 id 2040
 scent state 1
 active 0
 danger 1
 delay 0
 total life 1200
 current life 0
 targetScent is null false
 level 0
 targetScent name class net.minecraft.entity.player.EntityPlayerMP
 min max mob 3 4
 loop 103
 fail 0
[03:15:23] [Server thread/INFO] [STDOUT]: [com.dhanantry.scapeandrunparasites.entity.EntityParasiticScent:func_70100_b_:1005]: 
 id 2056
 scent state 1
 active 0
 danger 1
 delay 0
 total life 1200
 current life 0
 targetScent is null false
 level 0
 targetScent name class net.minecraft.entity.player.EntityPlayerMP
 min max mob 3 4
 loop 103
 fail 0
[03:15:25] [Server thread/INFO] [STDOUT]: [com.dhanantry.scapeandrunparasites.entity.EntityParasiticScent:func_70100_b_:1005]: 
 id 2060
 scent state 1
 active 0
 danger 1
 delay 0
 total life 1200
 current life 0
 targetScent is null false
 level 0
 targetScent name class net.minecraft.entity.player.EntityPlayerMP
 min max mob 3 4
 loop 103
 fail 0
[03:15:27] [Server thread/INFO] [STDOUT]: [com.dhanantry.scapeandrunparasites.entity.EntityParasiticScent:func_70100_b_:1005]: 
 id 2091
 scent state 1
 active 0
 danger 1
 delay 0
 total life 1200
 current life 0
 targetScent is null false
 level 0
 targetScent name class net.minecraft.entity.player.EntityPlayerMP
 min max mob 3 4
 loop 103
 fail 0
[03:15:29] [Server thread/INFO] [STDOUT]: [com.dhanantry.scapeandrunparasites.entity.EntityParasiticScent:func_70100_b_:1005]: 
 id 2092
 scent state 1
 active 0
 danger 1
 delay 0
 total life 1200
 current life 0
 targetScent is null false
 level 0
 targetScent name class net.minecraft.entity.player.EntityPlayerMP
 min max mob 3 4
 loop 103
 fail 0
[03:15:31] [Server thread/INFO] [STDOUT]: [com.dhanantry.scapeandrunparasites.entity.EntityParasiticScent:func_70100_b_:1005]: 
 id 2108
 scent state 1
 active 0
 danger 1
 delay 0
 total life 1200
 current life 0
 targetScent is null false
 level 0
 targetScent name class net.minecraft.entity.player.EntityPlayerMP
 min max mob 3 4
 loop 103
 fail 0
[03:15:33] [Server thread/INFO] [STDOUT]: [com.dhanantry.scapeandrunparasites.entity.EntityParasiticScent:func_70100_b_:1005]: 
 id 2109
 scent state 1
 active 0
 danger 1
 delay 0
 total life 1200
 current life 0
 targetScent is null false
 level 0
 targetScent name class net.minecraft.entity.player.EntityPlayerMP
 min max mob 3 4
 loop 103
 fail 0
[03:15:35] [Server thread/INFO] [STDOUT]: [com.dhanantry.scapeandrunparasites.entity.EntityParasiticScent:func_70100_b_:1005]: 
 id 2110
 scent state 1
 active 0
 danger 1
 delay 0
 total life 1200
 current life 0
 targetScent is null false
 level 0
 targetScent name class net.minecraft.entity.player.EntityPlayerMP
 min max mob 3 4
 loop 103
 fail 0
[03:15:37] [Server thread/INFO] [STDOUT]: [com.dhanantry.scapeandrunparasites.entity.EntityParasiticScent:func_70100_b_:1005]: 
 id 2111
 scent state 1
 active 0
 danger 1
 delay 0
 total life 1200
 current life 0
 targetScent is null false
 level 0
 targetScent name class net.minecraft.entity.player.EntityPlayerMP
 min max mob 3 4
 loop 103
 fail 0
[03:15:39] [Server thread/INFO] [STDOUT]: [com.dhanantry.scapeandrunparasites.entity.EntityParasiticScent:func_70100_b_:1005]: 
 id 2141
 scent state 1
 active 0
 danger 1
 delay 0
 total life 1200
 current life 0
 targetScent is null false
 level 0
 targetScent name class net.minecraft.entity.player.EntityPlayerMP
 min max mob 3 4
 loop 103
 fail 0
[03:15:41] [Server thread/INFO] [STDOUT]: [com.dhanantry.scapeandrunparasites.entity.EntityParasiticScent:func_70100_b_:1005]: 
 id 2142
 scent state 1
 active 0
 danger 1
 delay 0
 total life 1200
 current life 0
 targetScent is null false
 level 0
 targetScent name class net.minecraft.entity.player.EntityPlayerMP
 min max mob 3 4
 loop 103
 fail 0
[03:15:43] [Server thread/INFO] [STDOUT]: [com.dhanantry.scapeandrunparasites.entity.EntityParasiticScent:func_70100_b_:1005]: 
 id 2170
 scent state 1
 active 0
 danger 1
 delay 0
 total life 1200
 current life 0
 targetScent is null false
 level 0
 targetScent name class net.minecraft.entity.player.EntityPlayerMP
 min max mob 3 4
 loop 103
 fail 0
[03:15:45] [Server thread/INFO] [STDOUT]: [com.dhanantry.scapeandrunparasites.entity.EntityParasiticScent:func_70100_b_:1005]: 
 id 2179
 scent state 1
 active 0
 danger 1
 delay 0
 total life 1200
 current life 0
 targetScent is null false
 level 0
 targetScent name class net.minecraft.entity.player.EntityPlayerMP
 min max mob 3 4
 loop 103
 fail 0
[03:15:47] [Server thread/INFO] [STDOUT]: [com.dhanantry.scapeandrunparasites.entity.EntityParasiticScent:func_70100_b_:1005]: 
 id 2202
 scent state 1
 active 0
 danger 1
 delay 0
 total life 1200
 current life 0
 targetScent is null false
 level 0
 targetScent name class net.minecraft.entity.player.EntityPlayerMP
 min max mob 3 4
 loop 103
 fail 0
[03:15:49] [Server thread/INFO] [STDOUT]: [com.dhanantry.scapeandrunparasites.entity.EntityParasiticScent:func_70100_b_:1005]: 
 id 2214
 scent state 1
 active 0
 danger 1
 delay 0
 total life 1200
 current life 0
 targetScent is null false
 level 0
 targetScent name class net.minecraft.entity.player.EntityPlayerMP
 min max mob 3 4
 loop 103
 fail 0
[03:15:51] [Server thread/INFO] [STDOUT]: [com.dhanantry.scapeandrunparasites.entity.EntityParasiticScent:func_70100_b_:1005]: 
 id 2230
 scent state 1
 active 0
 danger 1
 delay 0
 total life 1200
 current life 0
 targetScent is null false
 level 0
 targetScent name class net.minecraft.entity.player.EntityPlayerMP
 min max mob 3 4
 loop 103
 fail 0
[03:15:53] [Server thread/INFO] [STDOUT]: [com.dhanantry.scapeandrunparasites.entity.EntityParasiticScent:func_70100_b_:1005]: 
 id 2243
 scent state 1
 active 0
 danger 1
 delay 0
 total life 1200
 current life 0
 targetScent is null false
 level 0
 targetScent name class net.minecraft.entity.player.EntityPlayerMP
 min max mob 3 4
 loop 103
 fail 0
[03:15:55] [Server thread/INFO] [STDOUT]: [com.dhanantry.scapeandrunparasites.entity.EntityParasiticScent:func_70100_b_:1005]: 
 id 2273
 scent state 1
 active 0
 danger 1
 delay 0
 total life 1200
 current life 0
 targetScent is null false
 level 0
 targetScent name class net.minecraft.entity.player.EntityPlayerMP
 min max mob 3 4
 loop 103
 fail 0
[03:15:57] [Server thread/INFO] [STDOUT]: [com.dhanantry.scapeandrunparasites.entity.EntityParasiticScent:func_70100_b_:1005]: 
 id 2307
 scent state 1
 active 0
 danger 1
 delay 0
 total life 1200
 current life 0
 targetScent is null false
 level 0
 targetScent name class net.minecraft.entity.player.EntityPlayerMP
 min max mob 3 4
 loop 103
 fail 0
[03:15:59] [Server thread/INFO] [STDOUT]: [com.dhanantry.scapeandrunparasites.entity.EntityParasiticScent:func_70100_b_:1005]: 
 id 2308
 scent state 1
 active 0
 danger 1
 delay 0
 total life 1200
 current life 0
 targetScent is null false
 level 0
 targetScent name class net.minecraft.entity.player.EntityPlayerMP
 min max mob 3 4
 loop 103
 fail 0
[03:16:01] [Server thread/INFO] [STDOUT]: [com.dhanantry.scapeandrunparasites.entity.EntityParasiticScent:func_70100_b_:1005]: 
 id 2309
 scent state 1
 active 0
 danger 1
 delay 0
 total life 1200
 current life 0
 targetScent is null false
 level 0
 targetScent name class net.minecraft.entity.player.EntityPlayerMP
 min max mob 3 4
 loop 103
 fail 0
[03:16:03] [Server thread/INFO] [STDOUT]: [com.dhanantry.scapeandrunparasites.entity.EntityParasiticScent:func_70100_b_:1005]: 
 id 2324
 scent state 1
 active 0
 danger 1
 delay 0
 total life 1200
 current life 0
 targetScent is null false
 level 0
 targetScent name class net.minecraft.entity.player.EntityPlayerMP
 min max mob 3 4
 loop 103
 fail 0
[03:16:05] [Server thread/INFO] [STDOUT]: [com.dhanantry.scapeandrunparasites.entity.EntityParasiticScent:func_70100_b_:1005]: 
 id 2325
 scent state 1
 active 0
 danger 1
 delay 0
 total life 1200
 current life 0
 targetScent is null false
 level 0
 targetScent name class net.minecraft.entity.player.EntityPlayerMP
 min max mob 3 4
 loop 103
 fail 0
[03:16:07] [Server thread/INFO] [STDOUT]: [com.dhanantry.scapeandrunparasites.entity.EntityParasiticScent:func_70100_b_:1005]: 
 id 2326
 scent state 1
 active 0
 danger 1
 delay 0
 total life 1200
 current life 0
 targetScent is null false
 level 0
 targetScent name class net.minecraft.entity.player.EntityPlayerMP
 min max mob 3 4
 loop 103
 fail 0
[03:16:09] [Server thread/INFO] [STDOUT]: [com.dhanantry.scapeandrunparasites.entity.EntityParasiticScent:func_70100_b_:1005]: 
 id 2327
 scent state 1
 active 0
 danger 1
 delay 0
 total life 1200
 current life 0
 targetScent is null false
 level 0
 targetScent name class net.minecraft.entity.player.EntityPlayerMP
 min max mob 3 4
 loop 103
 fail 0
[03:16:11] [Server thread/INFO] [STDOUT]: [com.dhanantry.scapeandrunparasites.entity.EntityParasiticScent:func_70100_b_:1005]: 
 id 2328
 scent state 1
 active 0
 danger 1
 delay 0
 total life 1200
 current life 0
 targetScent is null false
 level 0
 targetScent name class net.minecraft.entity.player.EntityPlayerMP
 min max mob 3 4
 loop 103
 fail 0
[03:16:13] [Server thread/INFO] [STDOUT]: [com.dhanantry.scapeandrunparasites.entity.EntityParasiticScent:func_70100_b_:1005]: 
 id 2336
 scent state 1
 active 0
 danger 1
 delay 0
 total life 1200
 current life 0
 targetScent is null false
 level 0
 targetScent name class net.minecraft.entity.player.EntityPlayerMP
 min max mob 3 4
 loop 103
 fail 0
[03:16:15] [Server thread/INFO] [STDOUT]: [com.dhanantry.scapeandrunparasites.entity.EntityParasiticScent:func_70100_b_:1005]: 
 id 2337
 scent state 1
 active 0
 danger 1
 delay 0
 total life 1200
 current life 0
 targetScent is null false
 level 0
 targetScent name class net.minecraft.entity.player.EntityPlayerMP
 min max mob 3 4
 loop 103
 fail 0
[03:16:17] [Server thread/INFO] [STDOUT]: [com.dhanantry.scapeandrunparasites.entity.EntityParasiticScent:func_70100_b_:1005]: 
 id 2338
 scent state 1
 active 0
 danger 1
 delay 0
 total life 1200
 current life 0
 targetScent is null false
 level 0
 targetScent name class net.minecraft.entity.player.EntityPlayerMP
 min max mob 3 4
 loop 103
 fail 0
[03:16:19] [Server thread/INFO] [STDOUT]: [com.dhanantry.scapeandrunparasites.entity.EntityParasiticScent:func_70100_b_:1005]: 
 id 2357
 scent state 1
 active 0
 danger 1
 delay 0
 total life 1200
 current life 0
 targetScent is null false
 level 0
 targetScent name class net.minecraft.entity.player.EntityPlayerMP
 min max mob 3 4
 loop 103
 fail 0
[03:16:21] [Server thread/INFO] [STDOUT]: [com.dhanantry.scapeandrunparasites.entity.EntityParasiticScent:func_70100_b_:1005]: 
 id 2376
 scent state 1
 active 0
 danger 1
 delay 0
 total life 1200
 current life 0
 targetScent is null false
 level 0
 targetScent name class net.minecraft.entity.player.EntityPlayerMP
 min max mob 3 4
 loop 103
 fail 0
[03:16:23] [Server thread/INFO] [STDOUT]: [com.dhanantry.scapeandrunparasites.entity.EntityParasiticScent:func_70100_b_:1005]: 
 id 2377
 scent state 1
 active 0
 danger 1
 delay 0
 total life 1200
 current life 0
 targetScent is null false
 level 0
 targetScent name class net.minecraft.entity.player.EntityPlayerMP
 min max mob 3 4
 loop 103
 fail 0
[03:16:25] [Server thread/INFO] [STDOUT]: [com.dhanantry.scapeandrunparasites.entity.EntityParasiticScent:func_70100_b_:1005]: 
 id 2405
 scent state 1
 active 0
 danger 1
 delay 0
 total life 1200
 current life 0
 targetScent is null false
 level 0
 targetScent name class net.minecraft.entity.player.EntityPlayerMP
 min max mob 3 4
 loop 103
 fail 0
[03:16:27] [Server thread/INFO] [STDOUT]: [com.dhanantry.scapeandrunparasites.entity.EntityParasiticScent:func_70100_b_:1005]: 
 id 2408
 scent state 1
 active 0
 danger 1
 delay 0
 total life 1200
 current life 0
 targetScent is null false
 level 0
 targetScent name class net.minecraft.entity.player.EntityPlayerMP
 min max mob 3 4
 loop 103
 fail 0
[03:16:29] [Server thread/INFO] [STDOUT]: [com.dhanantry.scapeandrunparasites.entity.EntityParasiticScent:func_70100_b_:1005]: 
 id 2421
 scent state 1
 active 0
 danger 1
 delay 0
 total life 1200
 current life 0
 targetScent is null false
 level 0
 targetScent name class net.minecraft.entity.player.EntityPlayerMP
 min max mob 3 4
 loop 103
 fail 0
[03:16:31] [Server thread/INFO] [STDOUT]: [com.dhanantry.scapeandrunparasites.entity.EntityParasiticScent:func_70100_b_:1005]: 
 id 2431
 scent state 1
 active 0
 danger 1
 delay 0
 total life 1200
 current life 0
 targetScent is null false
 level 0
 targetScent name class net.minecraft.entity.player.EntityPlayerMP
 min max mob 3 4
 loop 103
 fail 0
[03:16:34] [Server thread/INFO] [FML]: Unloading dimension -1
[03:16:34] [Server thread/INFO] [STDOUT]: [com.dhanantry.scapeandrunparasites.entity.EntityParasiticScent:func_70100_b_:1005]: 
 id 2781
 scent state 1
 active 0
 danger 150
 delay 0
 total life 1200
 current life 0
 targetScent is null false
 level 5
 targetScent name class net.minecraft.entity.player.EntityPlayerMP
 min max mob 4 6
 loop 103
 fail 0
[03:16:34] [Server thread/INFO] [STDOUT]: [com.dhanantry.scapeandrunparasites.entity.EntityParasiticScent:func_70100_b_:1005]: 
 id 2781
 scent state 1
 active 0
 danger 150
 delay 0
 total life 1200
 current life 0
 targetScent is null false
 level 5
 targetScent name class net.minecraft.entity.player.EntityPlayerMP
 min max mob 4 6
 loop 103
 fail 0
[03:16:34] [Server thread/INFO] [STDOUT]: [com.dhanantry.scapeandrunparasites.entity.EntityParasiticScent:func_70100_b_:1005]: 
 id 2781
 scent state 1
 active 0
 danger 150
 delay 0
 total life 1200
 current life 0
 targetScent is null false
 level 5
 targetScent name class net.minecraft.entity.player.EntityPlayerMP
 min max mob 4 6
 loop 103
 fail 0
[03:16:34] [Server thread/INFO] [STDOUT]: [com.dhanantry.scapeandrunparasites.entity.EntityParasiticScent:func_70100_b_:1005]: 
 id 2781
 scent state 1
 active 0
 danger 150
 delay 0
 total life 1200
 current life 0
 targetScent is null false
 level 5
 targetScent name class net.minecraft.entity.player.EntityPlayerMP
 min max mob 4 6
 loop 103
 fail 0
[03:16:34] [Server thread/INFO] [STDOUT]: [com.dhanantry.scapeandrunparasites.entity.EntityParasiticScent:func_70100_b_:1005]: 
 id 2781
 scent state 1
 active 0
 danger 150
 delay 0
 total life 1200
 current life 0
 targetScent is null false
 level 5
 targetScent name class net.minecraft.entity.player.EntityPlayerMP
 min max mob 4 6
 loop 103
 fail 0
[03:16:34] [Server thread/INFO] [STDOUT]: [com.dhanantry.scapeandrunparasites.entity.EntityParasiticScent:func_70100_b_:1005]: 
 id 2781
 scent state 1
 active 0
 danger 150
 delay 0
 total life 1200
 current life 0
 targetScent is null false
 level 5
 targetScent name class net.minecraft.entity.player.EntityPlayerMP
 min max mob 4 6
 loop 103
 fail 0
[03:16:34] [Server thread/INFO] [STDOUT]: [com.dhanantry.scapeandrunparasites.entity.EntityParasiticScent:func_70100_b_:1005]: 
 id 2781
 scent state 1
 active 0
 danger 150
 delay 0
 total life 1200
 current life 0
 targetScent is null false
 level 5
 targetScent name class net.minecraft.entity.player.EntityPlayerMP
 min max mob 4 6
 loop 103
 fail 0
[03:16:34] [Server thread/INFO] [STDOUT]: [com.dhanantry.scapeandrunparasites.entity.EntityParasiticScent:func_70100_b_:1005]: 
 id 2781
 scent state 1
 active 0
 danger 150
 delay 0
 total life 1200
 current life 0
 targetScent is null false
 level 5
 targetScent name class net.minecraft.entity.player.EntityPlayerMP
 min max mob 4 6
 loop 103
 fail 0
[03:16:34] [Server thread/INFO] [STDOUT]: [com.dhanantry.scapeandrunparasites.entity.EntityParasiticScent:func_70100_b_:1005]: 
 id 2781
 scent state 1
 active 0
 danger 150
 delay 0
 total life 1200
 current life 0
 targetScent is null false
 level 5
 targetScent name class net.minecraft.entity.player.EntityPlayerMP
 min max mob 4 6
 loop 103
 fail 0
[03:16:34] [Server thread/INFO] [STDOUT]: [com.dhanantry.scapeandrunparasites.entity.EntityParasiticScent:func_70100_b_:1005]: 
 id 2781
 scent state 1
 active 0
 danger 150
 delay 0
 total life 1200
 current life 0
 targetScent is null false
 level 5
 targetScent name class net.minecraft.entity.player.EntityPlayerMP
 min max mob 4 6
 loop 103
 fail 0
[03:16:34] [Server thread/INFO] [STDOUT]: [com.dhanantry.scapeandrunparasites.entity.EntityParasiticScent:func_70100_b_:1005]: 
 id 2781
 scent state 1
 active 0
 danger 150
 delay 0
 total life 1200
 current life 0
 targetScent is null false
 level 5
 targetScent name class net.minecraft.entity.player.EntityPlayerMP
 min max mob 4 6
 loop 103
 fail 0
[03:16:34] [Server thread/INFO] [STDOUT]: [com.dhanantry.scapeandrunparasites.entity.EntityParasiticScent:func_70100_b_:1005]: 
 id 2781
 scent state 1
 active 0
 danger 150
 delay 0
 total life 1200
 current life 0
 targetScent is null false
 level 5
 targetScent name class net.minecraft.entity.player.EntityPlayerMP
 min max mob 4 6
 loop 103
 fail 0
[03:16:34] [Server thread/INFO] [STDOUT]: [com.dhanantry.scapeandrunparasites.entity.EntityParasiticScent:func_70100_b_:1005]: 
 id 2781
 scent state 1
 active 0
 danger 150
 delay 0
 total life 1200
 current life 0
 targetScent is null false
 level 5
 targetScent name class net.minecraft.entity.player.EntityPlayerMP
 min max mob 4 6
 loop 103
 fail 0
[03:16:34] [Server thread/INFO] [STDOUT]: [com.dhanantry.scapeandrunparasites.entity.EntityParasiticScent:func_70100_b_:1005]: 
 id 2781
 scent state 1
 active 0
 danger 150
 delay 0
 total life 1200
 current life 0
 targetScent is null false
 level 5
 targetScent name class net.minecraft.entity.player.EntityPlayerMP
 min max mob 4 6
 loop 103
 fail 0
[03:16:34] [Server thread/INFO] [STDOUT]: [com.dhanantry.scapeandrunparasites.entity.EntityParasiticScent:func_70100_b_:1005]: 
 id 2781
 scent state 1
 active 0
 danger 150
 delay 0
 total life 1200
 current life 0
 targetScent is null false
 level 5
 targetScent name class net.minecraft.entity.player.EntityPlayerMP
 min max mob 4 6
 loop 103
 fail 0
[03:16:34] [Server thread/INFO] [STDOUT]: [com.dhanantry.scapeandrunparasites.entity.EntityParasiticScent:func_70100_b_:1005]: 
 id 2781
 scent state 1
 active 0
 danger 150
 delay 0
 total life 1200
 current life 0
 targetScent is null false
 level 5
 targetScent name class net.minecraft.entity.player.EntityPlayerMP
 min max mob 4 6
 loop 103
 fail 0
[03:16:34] [Server thread/INFO] [STDOUT]: [com.dhanantry.scapeandrunparasites.entity.EntityParasiticScent:func_70100_b_:1005]: 
 id 2781
 scent state 1
 active 0
 danger 150
 delay 0
 total life 1200
 current life 0
 targetScent is null false
 level 5
 targetScent name class net.minecraft.entity.player.EntityPlayerMP
 min max mob 4 6
 loop 103
 fail 0
[03:16:34] [Server thread/INFO] [STDOUT]: [com.dhanantry.scapeandrunparasites.entity.EntityParasiticScent:func_70100_b_:1005]: 
 id 2781
 scent state 1
 active 0
 danger 150
 delay 0
 total life 1200
 current life 0
 targetScent is null false
 level 5
 targetScent name class net.minecraft.entity.player.EntityPlayerMP
 min max mob 4 6
 loop 103
 fail 0
[03:16:34] [Server thread/INFO] [STDOUT]: [com.dhanantry.scapeandrunparasites.entity.EntityParasiticScent:func_70100_b_:1005]: 
 id 2781
 scent state 1
 active 0
 danger 150
 delay 0
 total life 1200
 current life 0
 targetScent is null false
 level 5
 targetScent name class net.minecraft.entity.player.EntityPlayerMP
 min max mob 4 6
 loop 103
 fail 0
[03:16:34] [Server thread/INFO] [STDOUT]: [com.dhanantry.scapeandrunparasites.entity.EntityParasiticScent:func_70100_b_:1005]: 
 id 2781
 scent state 1
 active 0
 danger 150
 delay 0
 total life 1200
 current life 0
 targetScent is null false
 level 5
 targetScent name class net.minecraft.entity.player.EntityPlayerMP
 min max mob 4 6
 loop 103
 fail 0
[03:16:34] [Server thread/INFO] [STDOUT]: [com.dhanantry.scapeandrunparasites.entity.EntityParasiticScent:func_70100_b_:1005]: 
 id 2781
 scent state 1
 active 0
 danger 150
 delay 0
 total life 1200
 current life 0
 targetScent is null false
 level 5
 targetScent name class net.minecraft.entity.player.EntityPlayerMP
 min max mob 4 6
 loop 103
 fail 0
[03:16:34] [Server thread/INFO] [STDOUT]: [com.dhanantry.scapeandrunparasites.entity.EntityParasiticScent:func_70100_b_:1005]: 
 id 2781
 scent state 1
 active 0
 danger 150
 delay 0
 total life 1200
 current life 0
 targetScent is null false
 level 5
 targetScent name class net.minecraft.entity.player.EntityPlayerMP
 min max mob 4 6
 loop 103
 fail 0
[03:16:34] [Server thread/INFO] [STDOUT]: [com.dhanantry.scapeandrunparasites.entity.EntityParasiticScent:func_70100_b_:1005]: 
 id 2781
 scent state 1
 active 0
 danger 150
 delay 0
 total life 1200
 current life 0
 targetScent is null false
 level 5
 targetScent name class net.minecraft.entity.player.EntityPlayerMP
 min max mob 4 6
 loop 103
 fail 0
[03:16:34] [Server thread/INFO] [STDOUT]: [com.dhanantry.scapeandrunparasites.entity.EntityParasiticScent:func_70100_b_:1005]: 
 id 2781
 scent state 1
 active 0
 danger 150
 delay 0
 total life 1200
 current life 0
 targetScent is null false
 level 5
 targetScent name class net.minecraft.entity.player.EntityPlayerMP
 min max mob 4 6
 loop 103
 fail 0
[03:16:34] [Server thread/INFO] [STDOUT]: [com.dhanantry.scapeandrunparasites.entity.EntityParasiticScent:func_70100_b_:1005]: 
 id 2781
 scent state 1
 active 0
 danger 150
 delay 0
 total life 1200
 current life 0
 targetScent is null false
 level 5
 targetScent name class net.minecraft.entity.player.EntityPlayerMP
 min max mob 4 6
 loop 103
 fail 0
[03:16:34] [Server thread/INFO] [STDOUT]: [com.dhanantry.scapeandrunparasites.entity.EntityParasiticScent:func_70100_b_:1005]: 
 id 2781
 scent state 1
 active 0
 danger 150
 delay 0
 total life 1200
 current life 0
 targetScent is null false
 level 5
 targetScent name class net.minecraft.entity.player.EntityPlayerMP
 min max mob 4 6
 loop 103
 fail 0
[03:16:34] [Server thread/INFO] [STDOUT]: [com.dhanantry.scapeandrunparasites.entity.EntityParasiticScent:func_70100_b_:1005]: 
 id 2781
 scent state 1
 active 0
 danger 150
 delay 0
 total life 1200
 current life 0
 targetScent is null false
 level 5
 targetScent name class net.minecraft.entity.player.EntityPlayerMP
 min max mob 4 6
 loop 103
 fail 0
[03:16:34] [Server thread/INFO] [STDOUT]: [com.dhanantry.scapeandrunparasites.entity.EntityParasiticScent:func_70100_b_:1005]: 
 id 2781
 scent state 1
 active 0
 danger 150
 delay 0
 total life 1200
 current life 0
 targetScent is null false
 level 5
 targetScent name class net.minecraft.entity.player.EntityPlayerMP
 min max mob 4 6
 loop 103
 fail 0
[03:16:34] [Server thread/INFO] [STDOUT]: [com.dhanantry.scapeandrunparasites.entity.EntityParasiticScent:func_70100_b_:1005]: 
 id 2781
 scent state 1
 active 0
 danger 150
 delay 0
 total life 1200
 current life 0
 targetScent is null false
 level 5
 targetScent name class net.minecraft.entity.player.EntityPlayerMP
 min max mob 4 6
 loop 103
 fail 0
[03:16:34] [Server thread/INFO] [STDOUT]: [com.dhanantry.scapeandrunparasites.entity.EntityParasiticScent:func_70100_b_:1005]: 
 id 2781
 scent state 1
 active 0
 danger 150
 delay 0
 total life 1200
 current life 0
 targetScent is null false
 level 5
 targetScent name class net.minecraft.entity.player.EntityPlayerMP
 min max mob 4 6
 loop 103
 fail 0
[03:16:34] [Server thread/INFO] [STDOUT]: [com.dhanantry.scapeandrunparasites.entity.EntityParasiticScent:func_70100_b_:1005]: 
 id 2781
 scent state 1
 active 0
 danger 150
 delay 0
 total life 1200
 current life 0
 targetScent is null false
 level 5
 targetScent name class net.minecraft.entity.player.EntityPlayerMP
 min max mob 4 6
 loop 103
 fail 0
[03:16:37] [Server thread/INFO] [STDOUT]: [com.dhanantry.scapeandrunparasites.entity.EntityParasiticScent:func_70100_b_:1005]: 
 id 4545
 scent state 1
 active 0
 danger 150
 delay 0
 total life 1200
 current life 0
 targetScent is null false
 level 5
 targetScent name class net.minecraft.entity.player.EntityPlayerMP
 min max mob 4 6
 loop 103
 fail 0
[03:16:42] [Server thread/INFO] [STDOUT]: [com.dhanantry.scapeandrunparasites.entity.EntityParasiticScent:func_70100_b_:1005]: 
 id 4545
 scent state 1
 active 0
 danger 150
 delay 0
 total life 1200
 current life 100
 targetScent is null false
 level 5
 targetScent name class net.minecraft.entity.player.EntityPlayerMP
 min max mob 4 6
 loop 103
 fail 0
[03:16:43] [Server thread/INFO] [STDOUT]: [com.dhanantry.scapeandrunparasites.entity.EntityParasiticScent:func_70100_b_:1005]: 
 id 4545
 scent state 1
 active 0
 danger 150
 delay 0
 total life 1200
 current life 120
 targetScent is null false
 level 5
 targetScent name class net.minecraft.entity.player.EntityPlayerMP
 min max mob 4 6
 loop 103
 fail 0
[03:16:44] [Server thread/INFO] [STDOUT]: [com.dhanantry.scapeandrunparasites.entity.EntityParasiticScent:func_70100_b_:1005]: 
 id 4545
 scent state 1
 active 0
 danger 150
 delay 0
 total life 1200
 current life 140
 targetScent is null false
 level 5
 targetScent name class net.minecraft.entity.player.EntityPlayerMP
 min max mob 4 6
 loop 103
 fail 0
[03:16:45] [Server thread/INFO] [STDOUT]: [com.dhanantry.scapeandrunparasites.entity.EntityParasiticScent:func_70100_b_:1005]: 
 id 4545
 scent state 1
 active 0
 danger 150
 delay 0
 total life 1200
 current life 160
 targetScent is null false
 level 5
 targetScent name class net.minecraft.entity.player.EntityPlayerMP
 min max mob 4 6
 loop 103
 fail 0
[03:16:46] [Server thread/INFO] [STDOUT]: [com.dhanantry.scapeandrunparasites.entity.EntityParasiticScent:func_70100_b_:1005]: 
 id 4545
 scent state 1
 active 0
 danger 150
 delay 0
 total life 1200
 current life 180
 targetScent is null false
 level 5
 targetScent name class net.minecraft.entity.player.EntityPlayerMP
 min max mob 4 6
 loop 103
 fail 0
[03:16:47] [Server thread/INFO] [STDOUT]: [com.dhanantry.scapeandrunparasites.entity.EntityParasiticScent:func_70100_b_:1005]: 
 id 4545
 scent state 1
 active 0
 danger 150
 delay 0
 total life 1200
 current life 200
 targetScent is null false
 level 5
 targetScent name class net.minecraft.entity.player.EntityPlayerMP
 min max mob 4 6
 loop 103
 fail 0
[03:16:48] [Server thread/INFO] [STDOUT]: [com.dhanantry.scapeandrunparasites.entity.EntityParasiticScent:func_70100_b_:1005]: 
 id 4545
 scent state 1
 active 0
 danger 150
 delay 0
 total life 1200
 current life 220
 targetScent is null false
 level 5
 targetScent name class net.minecraft.entity.player.EntityPlayerMP
 min max mob 4 6
 loop 103
 fail 0
[03:17:27] [Server thread/INFO] [STDOUT]: [com.dhanantry.scapeandrunparasites.entity.EntityParasiticScent:func_70100_b_:1005]: 
 id 4545
 scent state 1
 active 0
 danger 150
 delay 0
 total life 1200
 current life 1000
 targetScent is null false
 level 5
 targetScent name class net.minecraft.entity.player.EntityPlayerMP
 min max mob 4 6
 loop 103
 fail 0
[03:17:28] [Server thread/INFO] [STDOUT]: [com.dhanantry.scapeandrunparasites.entity.EntityParasiticScent:func_70100_b_:1005]: 
 id 4545
 scent state 1
 active 0
 danger 150
 delay 0
 total life 1200
 current life 1020
 targetScent is null false
 level 5
 targetScent name class net.minecraft.entity.player.EntityPlayerMP
 min max mob 4 6
 loop 103
 fail 0
[03:17:29] [Server thread/INFO] [STDOUT]: [com.dhanantry.scapeandrunparasites.entity.EntityParasiticScent:func_70100_b_:1005]: 
 id 4545
 scent state 1
 active 0
 danger 150
 delay 0
 total life 1200
 current life 1040
 targetScent is null false
 level 5
 targetScent name class net.minecraft.entity.player.EntityPlayerMP
 min max mob 4 6
 loop 103
 fail 0
[03:17:30] [Server thread/INFO] [STDOUT]: [com.dhanantry.scapeandrunparasites.entity.EntityParasiticScent:func_70100_b_:1005]: 
 id 4545
 scent state 1
 active 0
 danger 150
 delay 0
 total life 1200
 current life 1060
 targetScent is null false
 level 5
 targetScent name class net.minecraft.entity.player.EntityPlayerMP
 min max mob 4 6
 loop 103
 fail 0
[03:17:32] [Server thread/INFO] [STDOUT]: [com.dhanantry.scapeandrunparasites.entity.EntityParasiticScent:func_70100_b_:1005]: 
 id 4545
 scent state 1
 active 0
 danger 150
 delay 0
 total life 1200
 current life 1100
 targetScent is null false
 level 5
 targetScent name class net.minecraft.entity.player.EntityPlayerMP
 min max mob 4 6
 loop 103
 fail 0
[03:17:39] [Server thread/INFO] [STDOUT]: [com.dhanantry.scapeandrunparasites.entity.EntityParasiticScent:func_70100_b_:1005]: 
 id 30629
 scent state 1
 active 0
 danger 150
 delay 0
 total life 1200
 current life 0
 targetScent is null false
 level 5
 targetScent name class net.minecraft.entity.player.EntityPlayerMP
 min max mob 4 6
 loop 103
 fail 0
[03:18:15] [Server thread/INFO] [STDOUT]: [com.dhanantry.scapeandrunparasites.entity.EntityParasiticScent:func_70100_b_:1005]: 
 id 30629
 scent state 1
 active 1
 danger 155
 delay 0
 total life 1300
 current life 720
 targetScent is null false
 level 5
 targetScent name class net.minecraft.entity.player.EntityPlayerMP
 min max mob 4 6
 loop 103
 fail 0
[03:18:21] [Server thread/INFO] [STDOUT]: [com.dhanantry.scapeandrunparasites.entity.EntityParasiticScent:func_70100_b_:1005]: 
 id 30629
 scent state 1
 active 1
 danger 155
 delay 0
 total life 1300
 current life 840
 targetScent is null false
 level 5
 targetScent name class net.minecraft.entity.player.EntityPlayerMP
 min max mob 4 6
 loop 103
 fail 0
[03:18:45] [Server thread/INFO] [STDOUT]: [com.dhanantry.scapeandrunparasites.entity.EntityParasiticScent:func_70100_b_:1005]: 
 id 56932
 scent state 1
 active 0
 danger 150
 delay 0
 total life 1200
 current life 0
 targetScent is null false
 level 5
 targetScent name class net.minecraft.entity.player.EntityPlayerMP
 min max mob 4 6
 loop 103
 fail 0
[03:18:46] [Server thread/INFO] [STDOUT]: [com.dhanantry.scapeandrunparasites.entity.EntityParasiticScent:func_70100_b_:1005]: 
 id 56932
 scent state 1
 active 0
 danger 150
 delay 0
 total life 1200
 current life 20
 targetScent is null false
 level 5
 targetScent name class net.minecraft.entity.player.EntityPlayerMP
 min max mob 4 6
 loop 103
 fail 0
[03:18:47] [Server thread/INFO] [STDOUT]: [com.dhanantry.scapeandrunparasites.entity.EntityParasiticScent:func_70100_b_:1005]: 
 id 56932
 scent state 1
 active 0
 danger 150
 delay 0
 total life 1200
 current life 40
 targetScent is null false
 level 5
 targetScent name class net.minecraft.entity.player.EntityPlayerMP
 min max mob 4 6
 loop 103
 fail 0
[03:18:59] [Server thread/INFO] [STDOUT]: [com.dhanantry.scapeandrunparasites.entity.EntityParasiticScent:func_70100_b_:1005]: 
 id 56932
 scent state 1
 active 0
 danger 150
 delay 0
 total life 1200
 current life 280
 targetScent is null false
 level 5
 targetScent name class net.minecraft.entity.player.EntityPlayerMP
 min max mob 4 6
 loop 103
 fail 0
[03:19:18] [Server thread/INFO] [STDOUT]: [com.dhanantry.scapeandrunparasites.entity.EntityParasiticScent:func_70100_b_:1005]: 
 id 56932
 scent state 1
 active 1
 danger 155
 delay 0
 total life 1300
 current life 660
 targetScent is null false
 level 5
 targetScent name class net.minecraft.entity.player.EntityPlayerMP
 min max mob 4 6
 loop 103
 fail 0
[03:19:24] [Server thread/INFO] [STDOUT]: [com.dhanantry.scapeandrunparasites.entity.EntityParasiticScent:func_70100_b_:1005]: 
 id 56932
 scent state 1
 active 2
 danger 160
 delay 0
 total life 1400
 current life 780
 targetScent is null false
 level 5
 targetScent name class net.minecraft.entity.player.EntityPlayerMP
 min max mob 4 6
 loop 103
 fail 0
[03:19:33] [Server thread/INFO] [net.minecraft.server.dedicated.DedicatedServer]: GeoGlitchKick is bleeding...
[03:19:36] [Server thread/INFO] [net.minecraft.server.dedicated.DedicatedServer]: GeoGlitchKick was slain by Adapted Bolster
[03:19:36] [Server thread/INFO] [simpletomb]: Format error: Tomb created at: %s
[03:20:38] [Server thread/INFO] [net.minecraft.server.dedicated.DedicatedServer]: GeoGlitchKick is bleeding...
[03:20:40] [Server thread/INFO] [net.minecraft.server.dedicated.DedicatedServer]: GeoGlitchKick was slain by Assimilated Bear
[03:22:25] [Server thread/INFO] [STDOUT]: [com.dhanantry.scapeandrunparasites.entity.EntityParasiticScent:func_70100_b_:1005]: 
 id 56932
 scent state 4
 active 7
 danger 160
 delay 13
 total life 6400
 current life 420
 targetScent is null false
 level 5
 targetScent name class techguns.entities.npcs.ZombieMiner
 min max mob 4 6
 loop 103
 fail 0
[03:22:26] [Server thread/INFO] [STDOUT]: [com.dhanantry.scapeandrunparasites.entity.EntityParasiticScent:func_70100_b_:1005]: 
 id 56932
 scent state 4
 active 7
 danger 160
 delay 100
 total life 6500
 current life 440
 targetScent is null false
 level 5
 targetScent name class techguns.entities.npcs.ZombieMiner
 min max mob 4 6
 loop 103
 fail 0
[03:22:27] [Server thread/INFO] [STDOUT]: [com.dhanantry.scapeandrunparasites.entity.EntityParasiticScent:func_70100_b_:1005]: 
 id 56932
 scent state 4
 active 7
 danger 160
 delay 80
 total life 6500
 current life 460
 targetScent is null false
 level 5
 targetScent name class techguns.entities.npcs.ZombieMiner
 min max mob 4 6
 loop 103
 fail 0
[03:22:28] [Server thread/INFO] [STDOUT]: [com.dhanantry.scapeandrunparasites.entity.EntityParasiticScent:func_70100_b_:1005]: 
 id 56932
 scent state 4
 active 7
 danger 160
 delay 60
 total life 6500
 current life 480
 targetScent is null false
 level 5
 targetScent name class techguns.entities.npcs.ZombieMiner
 min max mob 4 6
 loop 103
 fail 0
[03:22:29] [Server thread/INFO] [STDOUT]: [com.dhanantry.scapeandrunparasites.entity.EntityParasiticScent:func_70100_b_:1005]: 
 id 56932
 scent state 4
 active 7
 danger 160
 delay 40
 total life 6500
 current life 500
 targetScent is null false
 level 5
 targetScent name class techguns.entities.npcs.ZombieMiner
 min max mob 4 6
 loop 103
 fail 0
[03:22:30] [Server thread/INFO] [STDOUT]: [com.dhanantry.scapeandrunparasites.entity.EntityParasiticScent:func_70100_b_:1005]: 
 id 56932
 scent state 4
 active 7
 danger 160
 delay 20
 total life 6500
 current life 520
 targetScent is null false
 level 5
 targetScent name class techguns.entities.npcs.ZombieMiner
 min max mob 4 6
 loop 103
 fail 0
[03:22:31] [Server thread/INFO] [STDOUT]: [com.dhanantry.scapeandrunparasites.entity.EntityParasiticScent:func_70100_b_:1005]: 
 id 56932
 scent state 4
 active 7
 danger 160
 delay 0
 total life 6500
 current life 540
 targetScent is null false
 level 5
 targetScent name class techguns.entities.npcs.ZombieMiner
 min max mob 4 6
 loop 103
 fail 0
[03:22:39] [Server thread/INFO] [net.minecraft.server.dedicated.DedicatedServer]: GeoGlitchKick is bleeding...
[03:22:40] [Server thread/INFO] [STDOUT]: [com.dhanantry.scapeandrunparasites.entity.EntityParasiticScent:func_70100_b_:1005]: 
 id 56932
 scent state 4
 active 7
 danger 160
 delay 34
 total life 6700
 current life 720
 targetScent is null false
 level 5
 targetScent name class techguns.entities.npcs.ZombieMiner
 min max mob 4 6
 loop 103
 fail 0
[03:22:41] [Server thread/INFO] [STDOUT]: [com.dhanantry.scapeandrunparasites.entity.EntityParasiticScent:func_70100_b_:1005]: 
 id 56932
 scent state 4
 active 7
 danger 160
 delay 14
 total life 6700
 current life 740
 targetScent is null false
 level 5
 targetScent name class techguns.entities.npcs.ZombieMiner
 min max mob 4 6
 loop 103
 fail 0
[03:22:41] [Server thread/INFO] [net.minecraft.server.dedicated.DedicatedServer]: GeoGlitchKick was slain by Adapted Bolster
[03:22:41] [Server thread/INFO] [simpletomb]: Format error: Tomb created at: %s
[03:23:15] [Server thread/INFO] [net.minecraft.server.dedicated.DedicatedServer]: GeoGlitchKick is bleeding...
[03:23:15] [Server thread/INFO] [net.minecraft.server.dedicated.DedicatedServer]: [GeoGlitchKick: Killed GeoGlitchKick]
[03:23:15] [Server thread/INFO] [net.minecraft.server.dedicated.DedicatedServer]: [GeoGlitchKick: Killed Remain]
[03:23:15] [Server thread/INFO] [net.minecraft.server.dedicated.DedicatedServer]: [GeoGlitchKick: Killed Remain]
[03:23:15] [Server thread/INFO] [net.minecraft.server.dedicated.DedicatedServer]: [GeoGlitchKick: Killed item.item.sulphur]
[03:23:15] [Server thread/INFO] [net.minecraft.server.dedicated.DedicatedServer]: [GeoGlitchKick: Killed item.item.techguns.heavycloth]
[03:23:15] [Server thread/INFO] [net.minecraft.server.dedicated.DedicatedServer]: [GeoGlitchKick: Killed Remain]
[03:23:15] [Server thread/INFO] [net.minecraft.server.dedicated.DedicatedServer]: [GeoGlitchKick: Killed Incomplete Form]
[03:23:15] [Server thread/INFO] [net.minecraft.server.dedicated.DedicatedServer]: [GeoGlitchKick: Killed Beckon Stage I]
[03:23:15] [Server thread/INFO] [net.minecraft.server.dedicated.DedicatedServer]: [GeoGlitchKick: Killed Remain]
[03:23:15] [Server thread/INFO] [net.minecraft.server.dedicated.DedicatedServer]: [GeoGlitchKick: Killed Beckon Stage II]
[03:23:15] [Server thread/INFO] [net.minecraft.server.dedicated.DedicatedServer]: [GeoGlitchKick: Killed item.item.arrow]
[03:23:15] [Server thread/INFO] [net.minecraft.server.dedicated.DedicatedServer]: [GeoGlitchKick: Killed Incomplete Form]
[03:23:15] [Server thread/INFO] [net.minecraft.server.dedicated.DedicatedServer]: [GeoGlitchKick: Killed Buglin]
[03:23:15] [Server thread/INFO] [net.minecraft.server.dedicated.DedicatedServer]: [GeoGlitchKick: Killed Assimilated Pig]
[03:23:15] [Server thread/INFO] [net.minecraft.server.dedicated.DedicatedServer]: [GeoGlitchKick: Killed Remain]
[03:23:15] [Server thread/INFO] [net.minecraft.server.dedicated.DedicatedServer]: [GeoGlitchKick: Killed Zombie Farmer]
[03:23:15] [Server thread/INFO] [net.minecraft.server.dedicated.DedicatedServer]: [GeoGlitchKick: Killed Feral Enderman]
[03:23:15] [Server thread/INFO] [net.minecraft.server.dedicated.DedicatedServer]: [GeoGlitchKick: Killed item.item.dyePowder.black]
[03:23:15] [Server thread/INFO] [net.minecraft.server.dedicated.DedicatedServer]: [GeoGlitchKick: Killed item.item.dyePowder.black]
[03:23:15] [Server thread/INFO] [net.minecraft.server.dedicated.DedicatedServer]: [GeoGlitchKick: Killed Remain]
[03:23:15] [Server thread/INFO] [net.minecraft.server.dedicated.DedicatedServer]: [GeoGlitchKick: Killed Experience Orb]
[03:23:15] [Server thread/INFO] [net.minecraft.server.dedicated.DedicatedServer]: [GeoGlitchKick: Killed Zombie Miner]
[03:23:15] [Server thread/INFO] [net.minecraft.server.dedicated.DedicatedServer]: [GeoGlitchKick: Killed Zombie Farmer]
[03:23:15] [Server thread/INFO] [net.minecraft.server.dedicated.DedicatedServer]: [GeoGlitchKick: Killed Experience Orb]
[03:23:15] [Server thread/INFO] [net.minecraft.server.dedicated.DedicatedServer]: [GeoGlitchKick: Killed Beckon Stage I]
[03:23:15] [Server thread/INFO] [net.minecraft.server.dedicated.DedicatedServer]: [GeoGlitchKick: Killed Assimilated Cow]
[03:23:15] [Server thread/INFO] [net.minecraft.server.dedicated.DedicatedServer]: [GeoGlitchKick: Killed Bat]
[03:23:15] [Server thread/INFO] [net.minecraft.server.dedicated.DedicatedServer]: [GeoGlitchKick: Killed Bat]
[03:23:15] [Server thread/INFO] [net.minecraft.server.dedicated.DedicatedServer]: [GeoGlitchKick: Killed Experience Orb]
[03:23:15] [Server thread/INFO] [net.minecraft.server.dedicated.DedicatedServer]: [GeoGlitchKick: Killed Zombie Farmer]
[03:23:15] [Server thread/INFO] [net.minecraft.server.dedicated.DedicatedServer]: [GeoGlitchKick: Killed Zombie Miner]
[03:23:15] [Server thread/INFO] [net.minecraft.server.dedicated.DedicatedServer]: [GeoGlitchKick: Killed Bat]
[03:23:15] [Server thread/INFO] [net.minecraft.server.dedicated.DedicatedServer]: [GeoGlitchKick: Killed Zombie]
[03:23:15] [Server thread/INFO] [net.minecraft.server.dedicated.DedicatedServer]: [GeoGlitchKick: Killed Seizer]
[03:23:15] [Server thread/INFO] [net.minecraft.server.dedicated.DedicatedServer]: [GeoGlitchKick: Killed Zombie Farmer]
[03:23:15] [Server thread/INFO] [net.minecraft.server.dedicated.DedicatedServer]: [GeoGlitchKick: Killed item.item.srparasites.lurecomponent1]
[03:23:15] [Server thread/INFO] [net.minecraft.server.dedicated.DedicatedServer]: [GeoGlitchKick: Killed Bat]
[03:23:15] [Server thread/INFO] [net.minecraft.server.dedicated.DedicatedServer]: [GeoGlitchKick: Killed Skeleton]
[03:23:15] [Server thread/INFO] [net.minecraft.server.dedicated.DedicatedServer]: [GeoGlitchKick: Killed Creeper]
[03:23:15] [Server thread/INFO] [net.minecraft.server.dedicated.DedicatedServer]: [GeoGlitchKick: Killed Zombie Miner]
[03:23:15] [Server thread/INFO] [net.minecraft.server.dedicated.DedicatedServer]: [GeoGlitchKick: Killed Seizer]
[03:23:15] [Server thread/INFO] [net.minecraft.server.dedicated.DedicatedServer]: [GeoGlitchKick: Killed Zombie Miner]
[03:23:15] [Server thread/INFO] [net.minecraft.server.dedicated.DedicatedServer]: [GeoGlitchKick: Killed Zombie Miner]
[03:23:15] [Server thread/INFO] [net.minecraft.server.dedicated.DedicatedServer]: [GeoGlitchKick: Killed Zombie Farmer]
[03:23:15] [Server thread/INFO] [net.minecraft.server.dedicated.DedicatedServer]: [GeoGlitchKick: Killed item.item.egg]
[03:23:15] [Server thread/INFO] [net.minecraft.server.dedicated.DedicatedServer]: [GeoGlitchKick: Killed Zombie Miner]
[03:23:15] [Server thread/INFO] [net.minecraft.server.dedicated.DedicatedServer]: [GeoGlitchKick: Killed Seizer]
[03:23:15] [Server thread/INFO] [net.minecraft.server.dedicated.DedicatedServer]: [GeoGlitchKick: Killed Zombie Miner]
[03:23:15] [Server thread/INFO] [net.minecraft.server.dedicated.DedicatedServer]: [GeoGlitchKick: Killed Zombie Farmer]
[03:23:15] [Server thread/INFO] [net.minecraft.server.dedicated.DedicatedServer]: [GeoGlitchKick: Killed Remain]
[03:23:15] [Server thread/INFO] [net.minecraft.server.dedicated.DedicatedServer]: [GeoGlitchKick: Killed Zombie Farmer]
[03:23:15] [Server thread/INFO] [net.minecraft.server.dedicated.DedicatedServer]: [GeoGlitchKick: Killed Dispatcher Stage II]
[03:23:15] [Server thread/INFO] [net.minecraft.server.dedicated.DedicatedServer]: [GeoGlitchKick: Killed Remain]
[03:23:15] [Server thread/INFO] [net.minecraft.server.dedicated.DedicatedServer]: [GeoGlitchKick: Killed Buglin]
[03:23:15] [Server thread/INFO] [net.minecraft.server.dedicated.DedicatedServer]: [GeoGlitchKick: Killed Chicken]
[03:23:15] [Server thread/INFO] [net.minecraft.server.dedicated.DedicatedServer]: [GeoGlitchKick: Killed Zombie Miner]
[03:23:15] [Server thread/INFO] [net.minecraft.server.dedicated.DedicatedServer]: [GeoGlitchKick: Killed Zombie Farmer]
[03:23:15] [Server thread/INFO] [net.minecraft.server.dedicated.DedicatedServer]: [GeoGlitchKick: Killed Bat]
[03:23:15] [Server thread/INFO] [net.minecraft.server.dedicated.DedicatedServer]: [GeoGlitchKick: Killed Bat]
[03:23:15] [Server thread/INFO] [net.minecraft.server.dedicated.DedicatedServer]: [GeoGlitchKick: Killed Buglin]
[03:23:15] [Server thread/INFO] [net.minecraft.server.dedicated.DedicatedServer]: [GeoGlitchKick: Killed Creeper]
[03:23:15] [Server thread/INFO] [net.minecraft.server.dedicated.DedicatedServer]: [GeoGlitchKick: Killed Zombie Miner]
[03:23:15] [Server thread/INFO] [net.minecraft.server.dedicated.DedicatedServer]: [GeoGlitchKick: Killed Zombie Farmer]
[03:23:15] [Server thread/INFO] [net.minecraft.server.dedicated.DedicatedServer]: [GeoGlitchKick: Killed Creeper]
[03:23:15] [Server thread/INFO] [net.minecraft.server.dedicated.DedicatedServer]: [GeoGlitchKick: Killed Skeleton]
[03:23:15] [Server thread/INFO] [net.minecraft.server.dedicated.DedicatedServer]: [GeoGlitchKick: Killed Dispatcher Stage II]
[03:23:15] [Server thread/INFO] [net.minecraft.server.dedicated.DedicatedServer]: [GeoGlitchKick: Killed item.tile.dirt.default]
[03:23:15] [Server thread/INFO] [net.minecraft.server.dedicated.DedicatedServer]: [GeoGlitchKick: Killed Zombie]
[03:23:15] [Server thread/INFO] [net.minecraft.server.dedicated.DedicatedServer]: [GeoGlitchKick: Killed Zombie Farmer]
[03:23:15] [Server thread/INFO] [net.minecraft.server.dedicated.DedicatedServer]: [GeoGlitchKick: Killed Zombie Farmer]
[03:23:15] [Server thread/INFO] [net.minecraft.server.dedicated.DedicatedServer]: [GeoGlitchKick: Killed Zombie Miner]
[03:23:15] [Server thread/INFO] [net.minecraft.server.dedicated.DedicatedServer]: [GeoGlitchKick: Killed Remain]
[03:23:15] [Server thread/INFO] [net.minecraft.server.dedicated.DedicatedServer]: [GeoGlitchKick: Killed Assimilated Human]
[03:23:15] [Server thread/INFO] [net.minecraft.server.dedicated.DedicatedServer]: [GeoGlitchKick: Killed Zombie Miner]
[03:23:15] [Server thread/INFO] [net.minecraft.server.dedicated.DedicatedServer]: [GeoGlitchKick: Killed item.tile.dirt.default]
[03:23:15] [Server thread/INFO] [net.minecraft.server.dedicated.DedicatedServer]: [GeoGlitchKick: Killed Remain]
[03:23:15] [Server thread/INFO] [net.minecraft.server.dedicated.DedicatedServer]: [GeoGlitchKick: Killed item.tile.dirt.default]
[03:23:15] [Server thread/INFO] [net.minecraft.server.dedicated.DedicatedServer]: [GeoGlitchKick: Killed item.tile.dirt.default]
[03:23:15] [Server thread/INFO] [net.minecraft.server.dedicated.DedicatedServer]: [GeoGlitchKick: Killed item.item.coal]
[03:23:15] [Server thread/INFO] [net.minecraft.server.dedicated.DedicatedServer]: [GeoGlitchKick: Killed Zombie Farmer]
[03:23:15] [Server thread/INFO] [net.minecraft.server.dedicated.DedicatedServer]: [GeoGlitchKick: Killed Assimilated Bear]
[03:23:15] [Server thread/INFO] [net.minecraft.server.dedicated.DedicatedServer]: [GeoGlitchKick: Killed Remain]
[03:23:15] [Server thread/INFO] [net.minecraft.server.dedicated.DedicatedServer]: [GeoGlitchKick: Killed item.item.techguns.heavycloth]
[03:23:15] [Server thread/INFO] [net.minecraft.server.dedicated.DedicatedServer]: [GeoGlitchKick: Killed Bat]
[03:23:15] [Server thread/INFO] [net.minecraft.server.dedicated.DedicatedServer]: [GeoGlitchKick: Killed Incomplete Form]
[03:23:15] [Server thread/INFO] [net.minecraft.server.dedicated.DedicatedServer]: [GeoGlitchKick: Killed Remain]
[03:23:15] [Server thread/INFO] [net.minecraft.server.dedicated.DedicatedServer]: [GeoGlitchKick: Killed Remain]
[03:23:15] [Server thread/INFO] [net.minecraft.server.dedicated.DedicatedServer]: [GeoGlitchKick: Killed Rupter]
[03:23:15] [Server thread/INFO] [net.minecraft.server.dedicated.DedicatedServer]: [GeoGlitchKick: Killed Incomplete Form]
[03:23:15] [Server thread/INFO] [net.minecraft.server.dedicated.DedicatedServer]: [GeoGlitchKick: Killed Zombie Miner]
[03:23:15] [Server thread/INFO] [net.minecraft.server.dedicated.DedicatedServer]: [GeoGlitchKick: Killed item.tile.dirt.default]
[03:23:15] [Server thread/INFO] [net.minecraft.server.dedicated.DedicatedServer]: [GeoGlitchKick: Killed Chicken]
[03:23:15] [Server thread/INFO] [net.minecraft.server.dedicated.DedicatedServer]: [GeoGlitchKick: Killed item.item.seeds]
[03:23:15] [Server thread/INFO] [net.minecraft.server.dedicated.DedicatedServer]: [GeoGlitchKick: Killed Skeleton]
[03:23:15] [Server thread/INFO] [net.minecraft.server.dedicated.DedicatedServer]: [GeoGlitchKick: Killed Creeper]
[03:23:15] [Server thread/INFO] [net.minecraft.server.dedicated.DedicatedServer]: [GeoGlitchKick: Killed Zombie Miner]
[03:23:15] [Server thread/INFO] [net.minecraft.server.dedicated.DedicatedServer]: [GeoGlitchKick: Killed Chicken]
[03:23:15] [Server thread/INFO] [net.minecraft.server.dedicated.DedicatedServer]: [GeoGlitchKick: Killed Bat]
[03:23:15] [Server thread/INFO] [net.minecraft.server.dedicated.DedicatedServer]: [GeoGlitchKick: Killed Creeper]
[03:23:15] [Server thread/INFO] [net.minecraft.server.dedicated.DedicatedServer]: [GeoGlitchKick: Killed item.item.egg]
[03:23:15] [Server thread/INFO] [net.minecraft.server.dedicated.DedicatedServer]: [GeoGlitchKick: Killed item.item.sulphur]
[03:23:15] [Server thread/INFO] [net.minecraft.server.dedicated.DedicatedServer]: [GeoGlitchKick: Killed Zombie Farmer]
[03:23:15] [Server thread/INFO] [net.minecraft.server.dedicated.DedicatedServer]: [GeoGlitchKick: Killed Bat]
[03:23:15] [Server thread/INFO] [net.minecraft.server.dedicated.DedicatedServer]: [GeoGlitchKick: Killed Creeper]
[03:23:15] [Server thread/INFO] [net.minecraft.server.dedicated.DedicatedServer]: [GeoGlitchKick: Killed Zombie]
[03:23:15] [Server thread/INFO] [net.minecraft.server.dedicated.DedicatedServer]: [GeoGlitchKick: Killed Remain]
[03:23:15] [Server thread/INFO] [net.minecraft.server.dedicated.DedicatedServer]: [GeoGlitchKick: Killed Creeper]
[03:23:15] [Server thread/INFO] [net.minecraft.server.dedicated.DedicatedServer]: [GeoGlitchKick: Killed Beckon Stage II]
[03:23:15] [Server thread/INFO] [net.minecraft.server.dedicated.DedicatedServer]: [GeoGlitchKick: Killed Feral Villager]
[03:23:15] [Server thread/INFO] [net.minecraft.server.dedicated.DedicatedServer]: [GeoGlitchKick: Killed item.item.seeds]
[03:23:15] [Server thread/INFO] [net.minecraft.server.dedicated.DedicatedServer]: [GeoGlitchKick: Killed item.item.rottenFlesh]
[03:23:15] [Server thread/INFO] [net.minecraft.server.dedicated.DedicatedServer]: [GeoGlitchKick: Killed entity.srparasites.scent.name]
[03:23:15] [Server thread/INFO] [net.minecraft.server.dedicated.DedicatedServer]: [GeoGlitchKick: Killed item.item.ironNugget]
[03:23:15] [Server thread/INFO] [net.minecraft.server.dedicated.DedicatedServer]: [GeoGlitchKick: Killed item.tile.obsidian]
[03:23:15] [Server thread/INFO] [net.minecraft.server.dedicated.DedicatedServer]: [GeoGlitchKick: Killed item.item.cgm.assault_rifle]
[03:23:15] [Server thread/INFO] [net.minecraft.server.dedicated.DedicatedServer]: [GeoGlitchKick: Killed item.techguns.item.t1_miner_leggings]
[03:23:15] [Server thread/INFO] [net.minecraft.server.dedicated.DedicatedServer]: [GeoGlitchKick: Killed item.item.netheritepickaxe]
[03:23:15] [Server thread/INFO] [net.minecraft.server.dedicated.DedicatedServer]: [GeoGlitchKick: Killed item.item.seeds]
[03:23:15] [Server thread/INFO] [net.minecraft.server.dedicated.DedicatedServer]: [GeoGlitchKick: Killed Zombie Farmer]
[03:23:15] [Server thread/INFO] [net.minecraft.server.dedicated.DedicatedServer]: [GeoGlitchKick: Killed item.item.leather]
[03:23:15] [Server thread/INFO] [net.minecraft.server.dedicated.DedicatedServer]: [GeoGlitchKick: Killed item.tile.obsidian]
[03:23:15] [Server thread/INFO] [net.minecraft.server.dedicated.DedicatedServer]: [GeoGlitchKick: Killed item.item.srparasites.armor_boots_sentient]
[03:23:15] [Server thread/INFO] [net.minecraft.server.dedicated.DedicatedServer]: [GeoGlitchKick: Killed item.item.srparasites.weapon_bow]
[03:23:15] [Server thread/INFO] [net.minecraft.server.dedicated.DedicatedServer]: [GeoGlitchKick: Killed item.item.srparasites.armor_chest_sentient]
[03:23:15] [Server thread/INFO] [net.minecraft.server.dedicated.DedicatedServer]: [GeoGlitchKick: Killed item.item.appleGold]
[03:23:15] [Server thread/INFO] [net.minecraft.server.dedicated.DedicatedServer]: [GeoGlitchKick: Killed item.item.cgm.advanced_ammo]
[03:23:15] [Server thread/INFO] [net.minecraft.server.dedicated.DedicatedServer]: [GeoGlitchKick: Killed item.item.chestplateDiamond]
[03:23:15] [Server thread/INFO] [net.minecraft.server.dedicated.DedicatedServer]: [GeoGlitchKick: Killed item.tile.obsidian]
[03:23:15] [Server thread/INFO] [net.minecraft.server.dedicated.DedicatedServer]: [GeoGlitchKick: Killed item.item.srparasites.armor_helm_sentient]
[03:23:15] [Server thread/INFO] [net.minecraft.server.dedicated.DedicatedServer]: [GeoGlitchKick: Killed Zombie Farmer]
[03:23:15] [Server thread/INFO] [net.minecraft.server.dedicated.DedicatedServer]: [GeoGlitchKick: Killed item.item.techguns.advanced_shield]
[03:23:15] [Server thread/INFO] [net.minecraft.server.dedicated.DedicatedServer]: [GeoGlitchKick: Killed item.item.helmetDiamond]
[03:23:15] [Server thread/INFO] [net.minecraft.server.dedicated.DedicatedServer]: [GeoGlitchKick: Killed item.item.srparasites.assimilated_flesh]
[03:23:15] [Server thread/INFO] [net.minecraft.server.dedicated.DedicatedServer]: [GeoGlitchKick: Killed item.item.apple]
[03:23:15] [Server thread/INFO] [net.minecraft.server.dedicated.DedicatedServer]: [GeoGlitchKick: Killed item.item.cgm.chain_gun]
[03:23:15] [Server thread/INFO] [net.minecraft.server.dedicated.DedicatedServer]: [GeoGlitchKick: Killed item.item.helmetDiamond]
[03:23:15] [Server thread/INFO] [net.minecraft.server.dedicated.DedicatedServer]: [GeoGlitchKick: Killed item.item.srparasites.weapon_axe_sentient]
[03:23:15] [Server thread/INFO] [net.minecraft.server.dedicated.DedicatedServer]: [GeoGlitchKick: Killed item.tile.obsidian]
[03:23:15] [Server thread/INFO] [net.minecraft.server.dedicated.DedicatedServer]: [GeoGlitchKick: Killed item.tile.obsidian]
[03:23:15] [Server thread/INFO] [net.minecraft.server.dedicated.DedicatedServer]: [GeoGlitchKick: Killed item.item.cgm.chain_gun]
[03:23:15] [Server thread/INFO] [net.minecraft.server.dedicated.DedicatedServer]: [GeoGlitchKick: Killed item.item.leggingsDiamond]
[03:23:15] [Server thread/INFO] [net.minecraft.server.dedicated.DedicatedServer]: [GeoGlitchKick: Killed item.item.bootsDiamond]
[03:23:15] [Server thread/INFO] [net.minecraft.server.dedicated.DedicatedServer]: [GeoGlitchKick: Killed item.item.cgm.rifle]
[03:23:15] [Server thread/INFO] [net.minecraft.server.dedicated.DedicatedServer]: [GeoGlitchKick: Killed item.tile.obsidian]
[03:23:15] [Server thread/INFO] [net.minecraft.server.dedicated.DedicatedServer]: [GeoGlitchKick: Killed item.tile.obsidian]
[03:23:15] [Server thread/INFO] [net.minecraft.server.dedicated.DedicatedServer]: [GeoGlitchKick: Killed item.item.chestplateDiamond]
[03:23:15] [Server thread/INFO] [net.minecraft.server.dedicated.DedicatedServer]: [GeoGlitchKick: Killed item.item.srparasites.armor_pants_sentient]
[03:23:15] [Server thread/INFO] [net.minecraft.server.dedicated.DedicatedServer]: [GeoGlitchKick: Killed item.item.cgm.advanced_ammo]
[03:23:15] [Server thread/INFO] [net.minecraft.server.dedicated.DedicatedServer]: [GeoGlitchKick: Killed item.item.cgm.assault_rifle]
[03:23:15] [Server thread/INFO] [net.minecraft.server.dedicated.DedicatedServer]: [GeoGlitchKick: Killed Bat]
[03:23:15] [Server thread/INFO] [net.minecraft.server.dedicated.DedicatedServer]: [GeoGlitchKick: Killed item.item.cgm.shell]
[03:23:15] [Server thread/INFO] [net.minecraft.server.dedicated.DedicatedServer]: [GeoGlitchKick: Killed Zombie]
[03:23:15] [Server thread/INFO] [net.minecraft.server.dedicated.DedicatedServer]: [GeoGlitchKick: Killed Zombie Farmer]
[03:23:15] [Server thread/INFO] [net.minecraft.server.dedicated.DedicatedServer]: [GeoGlitchKick: Killed Bat]
[03:23:15] [Server thread/INFO] [net.minecraft.server.dedicated.DedicatedServer]: [GeoGlitchKick: Killed Experience Orb]
[03:23:15] [Server thread/INFO] [net.minecraft.server.dedicated.DedicatedServer]: [GeoGlitchKick: Killed Experience Orb]
[03:23:15] [Server thread/INFO] [net.minecraft.server.dedicated.DedicatedServer]: [GeoGlitchKick: Killed Experience Orb]
[03:23:15] [Server thread/INFO] [net.minecraft.server.dedicated.DedicatedServer]: [GeoGlitchKick: Killed Experience Orb]
[03:23:15] [Server thread/INFO] [net.minecraft.server.dedicated.DedicatedServer]: [GeoGlitchKick: Killed Experience Orb]
[03:23:15] [Server thread/INFO] [net.minecraft.server.dedicated.DedicatedServer]: [GeoGlitchKick: Killed item.item.seeds]
[03:23:15] [Server thread/INFO] [net.minecraft.server.dedicated.DedicatedServer]: [GeoGlitchKick: Killed Remain]
[03:23:15] [Server thread/INFO] [net.minecraft.server.dedicated.DedicatedServer]: [GeoGlitchKick: Killed Zombie Miner]
[03:23:15] [Server thread/INFO] [net.minecraft.server.dedicated.DedicatedServer]: [GeoGlitchKick: Killed Sentry]
[03:23:15] [Server thread/INFO] [net.minecraft.server.dedicated.DedicatedServer]: [GeoGlitchKick: Killed Zombie Miner]
[03:23:15] [Server thread/INFO] [net.minecraft.server.dedicated.DedicatedServer]: [GeoGlitchKick: Killed Remain]
[03:23:15] [Server thread/INFO] [net.minecraft.server.dedicated.DedicatedServer]: [GeoGlitchKick: Killed item.item.srparasites.lurecomponent1]
[03:23:15] [Server thread/INFO] [net.minecraft.server.dedicated.DedicatedServer]: [GeoGlitchKick: Killed Bat]
[03:23:15] [Server thread/INFO] [net.minecraft.server.dedicated.DedicatedServer]: [GeoGlitchKick: Killed Adapted Bolster]
[03:23:15] [Server thread/INFO] [net.minecraft.server.dedicated.DedicatedServer]: [GeoGlitchKick: Killed Zombie Miner]
[03:23:15] [Server thread/INFO] [net.minecraft.server.dedicated.DedicatedServer]: [GeoGlitchKick: Killed Dispatcher Stage II]
[03:23:15] [Server thread/INFO] [net.minecraft.server.dedicated.DedicatedServer]: [GeoGlitchKick: Killed Zombie Miner]
[03:23:15] [Server thread/INFO] [net.minecraft.server.dedicated.DedicatedServer]: [GeoGlitchKick: Killed Creeper]
[03:23:15] [Server thread/INFO] [net.minecraft.server.dedicated.DedicatedServer]: [GeoGlitchKick: Killed Skeleton]
[03:23:15] [Server thread/INFO] [net.minecraft.server.dedicated.DedicatedServer]: [GeoGlitchKick: Killed Skeleton]
[03:23:15] [Server thread/INFO] [net.minecraft.server.dedicated.DedicatedServer]: [GeoGlitchKick: Killed Zombie Farmer]
[03:23:15] [Server thread/INFO] [net.minecraft.server.dedicated.DedicatedServer]: [GeoGlitchKick: Killed Zombie]
[03:23:15] [Server thread/INFO] [net.minecraft.server.dedicated.DedicatedServer]: [GeoGlitchKick: Killed Skeleton]
[03:23:15] [Server thread/INFO] [net.minecraft.server.dedicated.DedicatedServer]: [GeoGlitchKick: Killed Remain]
[03:23:15] [Server thread/INFO] [net.minecraft.server.dedicated.DedicatedServer]: [GeoGlitchKick: Killed Zombie Farmer]
[03:23:15] [Server thread/INFO] [net.minecraft.server.dedicated.DedicatedServer]: [GeoGlitchKick: Killed Zombie Farmer]
[03:23:15] [Server thread/INFO] [net.minecraft.server.dedicated.DedicatedServer]: [GeoGlitchKick: Killed Bat]
[03:23:15] [Server thread/INFO] [net.minecraft.server.dedicated.DedicatedServer]: [GeoGlitchKick: Killed Remain]
[03:23:15] [Server thread/INFO] [net.minecraft.server.dedicated.DedicatedServer]: [GeoGlitchKick: Killed Dispatcher Stage II]
[03:23:15] [Server thread/INFO] [net.minecraft.server.dedicated.DedicatedServer]: [GeoGlitchKick: Killed Zombie Miner]
[03:23:15] [Server thread/INFO] [net.minecraft.server.dedicated.DedicatedServer]: [GeoGlitchKick: Killed Zombie Farmer]
[03:23:15] [Server thread/INFO] [net.minecraft.server.dedicated.DedicatedServer]: [GeoGlitchKick: Killed Incomplete Form]
[03:23:15] [Server thread/INFO] [net.minecraft.server.dedicated.DedicatedServer]: [GeoGlitchKick: Killed Incomplete Form]
[03:23:15] [Server thread/INFO] [net.minecraft.server.dedicated.DedicatedServer]: [GeoGlitchKick: Killed item.item.srparasites.lurecomponent1]
[03:23:15] [Server thread/INFO] [net.minecraft.server.dedicated.DedicatedServer]: [GeoGlitchKick: Killed Zombie Farmer]
[03:23:15] [Server thread/INFO] [net.minecraft.server.dedicated.DedicatedServer]: [GeoGlitchKick: Killed Zombie Miner]
[03:23:15] [Server thread/INFO] [net.minecraft.server.dedicated.DedicatedServer]: [GeoGlitchKick: Killed Incomplete Form]
[03:23:15] [Server thread/INFO] [net.minecraft.server.dedicated.DedicatedServer]: [GeoGlitchKick: Killed Enderman]
[03:23:15] [Server thread/INFO] [net.minecraft.server.dedicated.DedicatedServer]: [GeoGlitchKick: Killed Remain]
[03:23:15] [Server thread/INFO] [net.minecraft.server.dedicated.DedicatedServer]: [GeoGlitchKick: Killed Zombie Miner]
[03:23:15] [Server thread/INFO] [net.minecraft.server.dedicated.DedicatedServer]: [GeoGlitchKick: Killed Remain]
[03:23:15] [Server thread/INFO] [net.minecraft.server.dedicated.DedicatedServer]: [GeoGlitchKick: Killed Zombie Miner]
[03:23:15] [Server thread/INFO] [net.minecraft.server.dedicated.DedicatedServer]: [GeoGlitchKick: Killed item.item.dyePowder.black]
[03:23:15] [Server thread/INFO] [net.minecraft.server.dedicated.DedicatedServer]: [GeoGlitchKick: Killed Assimilated Enderman]
[03:23:15] [Server thread/INFO] [net.minecraft.server.dedicated.DedicatedServer]: [GeoGlitchKick: Killed Remain]
[03:23:15] [Server thread/INFO] [net.minecraft.server.dedicated.DedicatedServer]: [GeoGlitchKick: Killed Cow]
[03:23:15] [Server thread/INFO] [net.minecraft.server.dedicated.DedicatedServer]: [GeoGlitchKick: Killed Pig]
[03:23:15] [Server thread/INFO] [net.minecraft.server.dedicated.DedicatedServer]: [GeoGlitchKick: Killed item.item.egg]
[03:23:15] [Server thread/INFO] [net.minecraft.server.dedicated.DedicatedServer]: [GeoGlitchKick: Killed Chicken]
[03:23:15] [Server thread/INFO] [net.minecraft.server.dedicated.DedicatedServer]: [GeoGlitchKick: Killed Remain]
[03:23:15] [Server thread/INFO] [net.minecraft.server.dedicated.DedicatedServer]: [GeoGlitchKick: Killed Chicken]
[03:23:15] [Server thread/INFO] [net.minecraft.server.dedicated.DedicatedServer]: [GeoGlitchKick: Killed Chicken]
[03:23:15] [Server thread/INFO] [net.minecraft.server.dedicated.DedicatedServer]: [GeoGlitchKick: Killed Parrot]
[03:23:15] [Server thread/INFO] [net.minecraft.server.dedicated.DedicatedServer]: [GeoGlitchKick: Killed Assimilated Cow]
[03:23:15] [Server thread/INFO] [net.minecraft.server.dedicated.DedicatedServer]: [GeoGlitchKick: Killed Remain]
[03:23:15] [Server thread/INFO] [net.minecraft.server.dedicated.DedicatedServer]: [GeoGlitchKick: Killed Pig]
[03:23:15] [Server thread/INFO] [net.minecraft.server.dedicated.DedicatedServer]: [GeoGlitchKick: Killed Remain]
[03:23:15] [Server thread/INFO] [net.minecraft.server.dedicated.DedicatedServer]: [GeoGlitchKick: Killed item.item.egg]
[03:23:15] [Server thread/INFO] [net.minecraft.server.dedicated.DedicatedServer]: [GeoGlitchKick: Killed Beckon Stage II]
[03:23:15] [Server thread/INFO] [net.minecraft.server.dedicated.DedicatedServer]: [GeoGlitchKick: Killed Sheep]
[03:23:15] [Server thread/INFO] [net.minecraft.server.dedicated.DedicatedServer]: [GeoGlitchKick: Killed Pig]
[03:23:15] [Server thread/INFO] [net.minecraft.server.dedicated.DedicatedServer]: [GeoGlitchKick: Killed Parrot]
[03:23:15] [Server thread/INFO] [net.minecraft.server.dedicated.DedicatedServer]: [GeoGlitchKick: Killed Assimilated Cow]
[03:23:15] [Server thread/INFO] [net.minecraft.server.dedicated.DedicatedServer]: [GeoGlitchKick: Killed Assimilated Sheep]
[03:23:15] [Server thread/INFO] [net.minecraft.server.dedicated.DedicatedServer]: [GeoGlitchKick: Killed Assimilated Cow]
[03:23:15] [Server thread/INFO] [net.minecraft.server.dedicated.DedicatedServer]: [GeoGlitchKick: Killed Remain]
[03:23:15] [Server thread/INFO] [net.minecraft.server.dedicated.DedicatedServer]: [GeoGlitchKick: Killed Dispatcher Stage II]
[03:23:15] [Server thread/INFO] [net.minecraft.server.dedicated.DedicatedServer]: [GeoGlitchKick: Killed Remain]
[03:23:15] [Server thread/INFO] [net.minecraft.server.dedicated.DedicatedServer]: [GeoGlitchKick: Killed Assimilated Cow]
[03:23:15] [Server thread/INFO] [net.minecraft.server.dedicated.DedicatedServer]: [GeoGlitchKick: Killed Assimilated Cow]
[03:23:15] [Server thread/INFO] [net.minecraft.server.dedicated.DedicatedServer]: [GeoGlitchKick: Killed Remain]
[03:23:15] [Server thread/INFO] [net.minecraft.server.dedicated.DedicatedServer]: [GeoGlitchKick: Killed Remain]
[03:23:15] [Server thread/INFO] [net.minecraft.server.dedicated.DedicatedServer]: [GeoGlitchKick: Killed item.item.egg]
[03:23:15] [Server thread/INFO] [net.minecraft.server.dedicated.DedicatedServer]: [GeoGlitchKick: Killed Remain]
[03:23:15] [Server thread/INFO] [net.minecraft.server.dedicated.DedicatedServer]: [GeoGlitchKick: Killed Remain]
[03:23:15] [Server thread/INFO] [net.minecraft.server.dedicated.DedicatedServer]: [GeoGlitchKick: Killed Assimilated Human]
[03:23:15] [Server thread/INFO] [net.minecraft.server.dedicated.DedicatedServer]: [GeoGlitchKick: Killed Sheep]
[03:23:15] [Server thread/INFO] [net.minecraft.server.dedicated.DedicatedServer]: [GeoGlitchKick: Killed Squid]
[03:23:15] [Server thread/INFO] [net.minecraft.server.dedicated.DedicatedServer]: [GeoGlitchKick: Killed Squid]
[03:23:15] [Server thread/INFO] [net.minecraft.server.dedicated.DedicatedServer]: [GeoGlitchKick: Killed Sheep]
[03:23:15] [Server thread/INFO] [net.minecraft.server.dedicated.DedicatedServer]: [GeoGlitchKick: Killed Sheep]
[03:23:15] [Server thread/INFO] [net.minecraft.server.dedicated.DedicatedServer]: [GeoGlitchKick: Killed Sheep]
[03:23:15] [Server thread/INFO] [net.minecraft.server.dedicated.DedicatedServer]: [GeoGlitchKick: Killed Squid]
[03:23:15] [Server thread/INFO] [net.minecraft.server.dedicated.DedicatedServer]: [GeoGlitchKick: Killed Remain]
[03:23:15] [Server thread/INFO] [net.minecraft.server.dedicated.DedicatedServer]: [GeoGlitchKick: Killed Sheep]
[03:23:15] [Server thread/INFO] [net.minecraft.server.dedicated.DedicatedServer]: [GeoGlitchKick: Killed Squid]
[03:23:15] [Server thread/INFO] [net.minecraft.server.dedicated.DedicatedServer]: [GeoGlitchKick: Killed Zombie Farmer]
[03:23:15] [Server thread/INFO] [net.minecraft.server.dedicated.DedicatedServer]: [GeoGlitchKick: Killed Rabbit]
[03:23:15] [Server thread/INFO] [net.minecraft.server.dedicated.DedicatedServer]: [GeoGlitchKick: Killed Pig]
[03:23:15] [Server thread/INFO] [net.minecraft.server.dedicated.DedicatedServer]: [GeoGlitchKick: Killed Remain]
[03:23:15] [Server thread/INFO] [net.minecraft.server.dedicated.DedicatedServer]: [GeoGlitchKick: Killed Remain]
[03:23:15] [Server thread/INFO] [net.minecraft.server.dedicated.DedicatedServer]: [GeoGlitchKick: Killed Parrot]
[03:23:15] [Server thread/INFO] [net.minecraft.server.dedicated.DedicatedServer]: [GeoGlitchKick: Killed Remain]
[03:23:15] [Server thread/INFO] [net.minecraft.server.dedicated.DedicatedServer]: [GeoGlitchKick: Killed Bat]
[03:23:15] [Server thread/INFO] [net.minecraft.server.dedicated.DedicatedServer]: [GeoGlitchKick: Killed Remain]
[03:23:15] [Server thread/INFO] [net.minecraft.server.dedicated.DedicatedServer]: [GeoGlitchKick: Killed Remain]
[03:23:15] [Server thread/INFO] [net.minecraft.server.dedicated.DedicatedServer]: [GeoGlitchKick: Killed Chicken]
[03:23:15] [Server thread/INFO] [net.minecraft.server.dedicated.DedicatedServer]: [GeoGlitchKick: Killed Sheep]
[03:23:15] [Server thread/INFO] [net.minecraft.server.dedicated.DedicatedServer]: [GeoGlitchKick: Killed Remain]
[03:23:15] [Server thread/INFO] [net.minecraft.server.dedicated.DedicatedServer]: [GeoGlitchKick: Killed Feral Enderman]
[03:23:15] [Server thread/INFO] [net.minecraft.server.dedicated.DedicatedServer]: [GeoGlitchKick: Killed Incomplete Form]
[03:23:15] [Server thread/INFO] [net.minecraft.server.dedicated.DedicatedServer]: [GeoGlitchKick: Killed Feral Sheep]
[03:23:15] [Server thread/INFO] [net.minecraft.server.dedicated.DedicatedServer]: [GeoGlitchKick: Killed Bat]
[03:23:15] [Server thread/INFO] [net.minecraft.server.dedicated.DedicatedServer]: [GeoGlitchKick: Killed Remain]
[03:23:15] [Server thread/INFO] [net.minecraft.server.dedicated.DedicatedServer]: [GeoGlitchKick: Killed Remain]
[03:23:15] [Server thread/INFO] [net.minecraft.server.dedicated.DedicatedServer]: [GeoGlitchKick: Killed Squid]
[03:23:15] [Server thread/INFO] [net.minecraft.server.dedicated.DedicatedServer]: [GeoGlitchKick: Killed Skeleton]
[03:23:15] [Server thread/INFO] [net.minecraft.server.dedicated.DedicatedServer]: [GeoGlitchKick: Killed Incomplete Form]
[03:23:15] [Server thread/INFO] [net.minecraft.server.dedicated.DedicatedServer]: [GeoGlitchKick: Killed Remain]
[03:23:15] [Server thread/INFO] [net.minecraft.server.dedicated.DedicatedServer]: [GeoGlitchKick: Killed Remain]
[03:23:15] [Server thread/INFO] [net.minecraft.server.dedicated.DedicatedServer]: [GeoGlitchKick: Killed Creeper]
[03:23:15] [Server thread/INFO] [net.minecraft.server.dedicated.DedicatedServer]: [GeoGlitchKick: Killed Remain]
[03:23:15] [Server thread/INFO] [net.minecraft.server.dedicated.DedicatedServer]: [GeoGlitchKick: Killed Remain]
[03:23:15] [Server thread/INFO] [net.minecraft.server.dedicated.DedicatedServer]: [GeoGlitchKick: Killed Squid]
[03:23:15] [Server thread/INFO] [net.minecraft.server.dedicated.DedicatedServer]: [GeoGlitchKick: Killed Zombie Miner]
[03:23:15] [Server thread/INFO] [net.minecraft.server.dedicated.DedicatedServer]: [GeoGlitchKick: Killed item.item.seeds]
[03:23:15] [Server thread/INFO] [net.minecraft.server.dedicated.DedicatedServer]: [GeoGlitchKick: Killed Zombie Farmer]
[03:23:15] [Server thread/INFO] [net.minecraft.server.dedicated.DedicatedServer]: [GeoGlitchKick: Killed Sheep]
[03:23:15] [Server thread/INFO] [net.minecraft.server.dedicated.DedicatedServer]: [GeoGlitchKick: Killed Creeper]
[03:23:15] [Server thread/INFO] [net.minecraft.server.dedicated.DedicatedServer]: [GeoGlitchKick: Killed Feral Sheep]
[03:23:15] [Server thread/INFO] [net.minecraft.server.dedicated.DedicatedServer]: [GeoGlitchKick: Killed Assimilated Sheep]
[03:23:15] [Server thread/INFO] [net.minecraft.server.dedicated.DedicatedServer]: [GeoGlitchKick: Killed Zombie Farmer]
[03:23:15] [Server thread/INFO] [net.minecraft.server.dedicated.DedicatedServer]: [GeoGlitchKick: Killed Zombie Miner]
[03:23:15] [Server thread/INFO] [net.minecraft.server.dedicated.DedicatedServer]: [GeoGlitchKick: Killed Remain]
[03:23:15] [Server thread/INFO] [net.minecraft.server.dedicated.DedicatedServer]: [GeoGlitchKick: Killed Remain]
[03:23:15] [Server thread/INFO] [net.minecraft.server.dedicated.DedicatedServer]: [GeoGlitchKick: Killed Remain]
[03:23:15] [Server thread/INFO] [net.minecraft.server.dedicated.DedicatedServer]: [GeoGlitchKick: Killed Remain]
[03:23:15] [Server thread/INFO] [net.minecraft.server.dedicated.DedicatedServer]: [GeoGlitchKick: Killed Squid]
[03:23:15] [Server thread/INFO] [net.minecraft.server.dedicated.DedicatedServer]: [GeoGlitchKick: Killed Sheep]
[03:23:15] [Server thread/INFO] [net.minecraft.server.dedicated.DedicatedServer]: [GeoGlitchKick: Killed Parrot]
[03:23:15] [Server thread/INFO] [net.minecraft.server.dedicated.DedicatedServer]: [GeoGlitchKick: Killed Squid]
[03:23:15] [Server thread/INFO] [net.minecraft.server.dedicated.DedicatedServer]: [GeoGlitchKick: Killed Creeper]
[03:23:15] [Server thread/INFO] [net.minecraft.server.dedicated.DedicatedServer]: [GeoGlitchKick: Killed Pig]
[03:23:15] [Server thread/INFO] [net.minecraft.server.dedicated.DedicatedServer]: [GeoGlitchKick: Killed Beckon Stage I]
[03:23:15] [Server thread/INFO] [net.minecraft.server.dedicated.DedicatedServer]: [GeoGlitchKick: Killed Sheep]
[03:23:15] [Server thread/INFO] [net.minecraft.server.dedicated.DedicatedServer]: [GeoGlitchKick: Killed Cow]
[03:23:15] [Server thread/INFO] [net.minecraft.server.dedicated.DedicatedServer]: [GeoGlitchKick: Killed item.item.egg]
[03:23:15] [Server thread/INFO] [net.minecraft.server.dedicated.DedicatedServer]: [GeoGlitchKick: Killed Parrot]
[03:23:15] [Server thread/INFO] [net.minecraft.server.dedicated.DedicatedServer]: [GeoGlitchKick: Killed Chicken]
[03:23:15] [Server thread/INFO] [net.minecraft.server.dedicated.DedicatedServer]: [GeoGlitchKick: Killed Remain]
[03:23:15] [Server thread/INFO] [net.minecraft.server.dedicated.DedicatedServer]: [GeoGlitchKick: Killed Remain]
[03:23:15] [Server thread/INFO] [net.minecraft.server.dedicated.DedicatedServer]: [GeoGlitchKick: Killed Parrot]
[03:23:15] [Server thread/INFO] [net.minecraft.server.dedicated.DedicatedServer]: [GeoGlitchKick: Killed Sheep]
[03:23:15] [Server thread/INFO] [net.minecraft.server.dedicated.DedicatedServer]: [GeoGlitchKick: Killed Parrot]
[03:23:15] [Server thread/INFO] [net.minecraft.server.dedicated.DedicatedServer]: [GeoGlitchKick: Killed Remain]
[03:23:15] [Server thread/INFO] [net.minecraft.server.dedicated.DedicatedServer]: [GeoGlitchKick: Killed Remain]
[03:23:15] [Server thread/INFO] [net.minecraft.server.dedicated.DedicatedServer]: [GeoGlitchKick: Killed Chicken]
[03:23:15] [Server thread/INFO] [net.minecraft.server.dedicated.DedicatedServer]: [GeoGlitchKick: Killed item.tile.dirt.default]
[03:23:15] [Server thread/INFO] [net.minecraft.server.dedicated.DedicatedServer]: [GeoGlitchKick: Killed item.tile.dirt.default]
[03:23:15] [Server thread/INFO] [net.minecraft.server.dedicated.DedicatedServer]: [GeoGlitchKick: Killed Chicken]
[03:23:15] [Server thread/INFO] [net.minecraft.server.dedicated.DedicatedServer]: [GeoGlitchKick: Killed item.tile.dirt.default]
[03:23:15] [Server thread/INFO] [net.minecraft.server.dedicated.DedicatedServer]: [GeoGlitchKick: Killed item.tile.dirt.default]
[03:23:15] [Server thread/INFO] [net.minecraft.server.dedicated.DedicatedServer]: [GeoGlitchKick: Killed item.tile.dirt.default]
[03:23:15] [Server thread/INFO] [net.minecraft.server.dedicated.DedicatedServer]: [GeoGlitchKick: Killed item.tile.dirt.default]
[03:23:15] [Server thread/INFO] [net.minecraft.server.dedicated.DedicatedServer]: [GeoGlitchKick: Killed item.tile.dirt.default]
[03:23:15] [Server thread/INFO] [net.minecraft.server.dedicated.DedicatedServer]: [GeoGlitchKick: Killed item.tile.dirt.default]
[03:23:15] [Server thread/INFO] [net.minecraft.server.dedicated.DedicatedServer]: [GeoGlitchKick: Killed item.tile.dirt.default]
[03:23:15] [Server thread/INFO] [net.minecraft.server.dedicated.DedicatedServer]: [GeoGlitchKick: Killed item.tile.dirt.default]
[03:23:15] [Server thread/INFO] [net.minecraft.server.dedicated.DedicatedServer]: [GeoGlitchKick: Killed item.tile.dirt.default]
[03:23:15] [Server thread/INFO] [net.minecraft.server.dedicated.DedicatedServer]: [GeoGlitchKick: Killed Assimilated Human]
[03:23:15] [Server thread/INFO] [net.minecraft.server.dedicated.DedicatedServer]: [GeoGlitchKick: Killed Chicken]
[03:23:15] [Server thread/INFO] [net.minecraft.server.dedicated.DedicatedServer]: [GeoGlitchKick: Killed Chicken]
[03:23:15] [Server thread/INFO] [net.minecraft.server.dedicated.DedicatedServer]: [GeoGlitchKick: Killed Sheep]
[03:23:15] [Server thread/INFO] [net.minecraft.server.dedicated.DedicatedServer]: [GeoGlitchKick: Killed Parrot]
[03:23:15] [Server thread/INFO] [net.minecraft.server.dedicated.DedicatedServer]: [GeoGlitchKick: Killed Sheep]
[03:23:15] [Server thread/INFO] [net.minecraft.server.dedicated.DedicatedServer]: [GeoGlitchKick: Killed Sheep]
[03:23:15] [Server thread/INFO] [net.minecraft.server.dedicated.DedicatedServer]: [GeoGlitchKick: Killed Sheep]
[03:23:15] [Server thread/INFO] [net.minecraft.server.dedicated.DedicatedServer]: [GeoGlitchKick: Killed Sheep]
[03:23:15] [Server thread/INFO] [net.minecraft.server.dedicated.DedicatedServer]: [GeoGlitchKick: Killed Sheep]
[03:23:15] [Server thread/INFO] [net.minecraft.server.dedicated.DedicatedServer]: [GeoGlitchKick: Killed Sheep]
[03:23:15] [Server thread/INFO] [net.minecraft.server.dedicated.DedicatedServer]: [GeoGlitchKick: Killed Parrot]
[03:23:15] [Server thread/INFO] [net.minecraft.server.dedicated.DedicatedServer]: [GeoGlitchKick: Killed Sheep]
[03:23:15] [Server thread/INFO] [net.minecraft.server.dedicated.DedicatedServer]: [GeoGlitchKick: Killed Sheep]
[03:23:15] [Server thread/INFO] [net.minecraft.server.dedicated.DedicatedServer]: [GeoGlitchKick: Killed Sheep]
[03:23:15] [Server thread/INFO] [net.minecraft.server.dedicated.DedicatedServer]: [GeoGlitchKick: Killed Sheep]
[03:23:15] [Server thread/INFO] [net.minecraft.server.dedicated.DedicatedServer]: [GeoGlitchKick: Killed Parrot]
[03:23:15] [Server thread/INFO] [net.minecraft.server.dedicated.DedicatedServer]: [GeoGlitchKick: Killed Sheep]
[03:23:15] [Server thread/INFO] [net.minecraft.server.dedicated.DedicatedServer]: [GeoGlitchKick: Killed Sheep]
[03:23:15] [Server thread/INFO] [net.minecraft.server.dedicated.DedicatedServer]: [GeoGlitchKick: Killed Sheep]
[03:23:15] [Server thread/INFO] [net.minecraft.server.dedicated.DedicatedServer]: [GeoGlitchKick: Killed Sheep]
[03:23:15] [Server thread/INFO] [net.minecraft.server.dedicated.DedicatedServer]: [GeoGlitchKick: Killed Sheep]
[03:23:15] [Server thread/INFO] [net.minecraft.server.dedicated.DedicatedServer]: [GeoGlitchKick: Killed Sheep]
[03:23:15] [Server thread/INFO] [net.minecraft.server.dedicated.DedicatedServer]: [GeoGlitchKick: Killed Sheep]
[03:23:15] [Server thread/INFO] [net.minecraft.server.dedicated.DedicatedServer]: [GeoGlitchKick: Killed Sheep]
[03:23:15] [Server thread/INFO] [net.minecraft.server.dedicated.DedicatedServer]: [GeoGlitchKick: Killed Parrot]
[03:23:15] [Server thread/INFO] [net.minecraft.server.dedicated.DedicatedServer]: [GeoGlitchKick: Killed Sheep]
[03:23:15] [Server thread/INFO] [net.minecraft.server.dedicated.DedicatedServer]: [GeoGlitchKick: Killed Sheep]
[03:23:15] [Server thread/INFO] [net.minecraft.server.dedicated.DedicatedServer]: [GeoGlitchKick: Killed Sheep]
[03:23:15] [Server thread/INFO] [net.minecraft.server.dedicated.DedicatedServer]: [GeoGlitchKick: Killed Sheep]
[03:23:15] [Server thread/INFO] [net.minecraft.server.dedicated.DedicatedServer]: [GeoGlitchKick: Killed Parrot]
[03:23:15] [Server thread/INFO] [net.minecraft.server.dedicated.DedicatedServer]: [GeoGlitchKick: Killed Sheep]
[03:23:15] [Server thread/INFO] [net.minecraft.server.dedicated.DedicatedServer]: [GeoGlitchKick: Killed Parrot]
[03:23:15] [Server thread/INFO] [net.minecraft.server.dedicated.DedicatedServer]: [GeoGlitchKick: Killed Sheep]
[03:23:15] [Server thread/INFO] [net.minecraft.server.dedicated.DedicatedServer]: [GeoGlitchKick: Killed Sheep]
[03:23:15] [Server thread/INFO] [net.minecraft.server.dedicated.DedicatedServer]: [GeoGlitchKick: Killed Sheep]
[03:23:15] [Server thread/INFO] [net.minecraft.server.dedicated.DedicatedServer]: [GeoGlitchKick: Killed Sheep]
[03:23:15] [Server thread/INFO] [net.minecraft.server.dedicated.DedicatedServer]: [GeoGlitchKick: Killed Sheep]
[03:23:15] [Server thread/INFO] [net.minecraft.server.dedicated.DedicatedServer]: [GeoGlitchKick: Killed Parrot]
[03:23:15] [Server thread/INFO] [net.minecraft.server.dedicated.DedicatedServer]: [GeoGlitchKick: Killed Sheep]
[03:23:15] [Server thread/INFO] [net.minecraft.server.dedicated.DedicatedServer]: [GeoGlitchKick: Killed Sheep]
[03:23:15] [Server thread/INFO] [net.minecraft.server.dedicated.DedicatedServer]: [GeoGlitchKick: Killed Sheep]
[03:23:15] [Server thread/INFO] [net.minecraft.server.dedicated.DedicatedServer]: [GeoGlitchKick: Killed Sheep]
[03:23:15] [Server thread/INFO] [net.minecraft.server.dedicated.DedicatedServer]: [GeoGlitchKick: Killed Sheep]
[03:23:15] [Server thread/INFO] [net.minecraft.server.dedicated.DedicatedServer]: [GeoGlitchKick: Killed Sheep]
[03:23:15] [Server thread/INFO] [net.minecraft.server.dedicated.DedicatedServer]: [GeoGlitchKick: Killed Sheep]
[03:23:17] [Server thread/INFO] [net.minecraft.server.dedicated.DedicatedServer]: GeoGlitchKick fell out of the world
[03:23:52] [Server thread/INFO] [net.minecraft.server.dedicated.DedicatedServer]: GeoGlitchKick is bleeding...
[03:23:54] [Server thread/INFO] [net.minecraft.server.dedicated.DedicatedServer]: GeoGlitchKick fell from a high place
[03:24:01] [Server thread/INFO] [net.minecraft.server.dedicated.DedicatedServer]: GeoGlitchKick is bleeding...
[03:24:02] [Server thread/INFO] [net.minecraft.server.dedicated.DedicatedServer]: GeoGlitchKick was slain by Feral Enderman
[03:24:09] [Server thread/INFO] [net.minecraft.server.dedicated.DedicatedServer]: GeoGlitchKick is bleeding...
[03:24:20] [Server thread/INFO] [net.minecraft.server.dedicated.DedicatedServer]: GeoGlitchKick hit the ground too hard
[03:24:26] [Server thread/INFO] [net.minecraft.server.dedicated.DedicatedServer]: GeoGlitchKick is bleeding...
[03:24:26] [Server thread/INFO] [net.minecraft.server.dedicated.DedicatedServer]: [GeoGlitchKick: Killed GeoGlitchKick]
[03:24:26] [Server thread/INFO] [net.minecraft.server.dedicated.DedicatedServer]: [GeoGlitchKick: Killed Assimilated Human]
[03:24:26] [Server thread/INFO] [net.minecraft.server.dedicated.DedicatedServer]: [GeoGlitchKick: Killed GeoGlitchKick]
[03:24:26] [Server thread/INFO] [net.minecraft.server.dedicated.DedicatedServer]: [GeoGlitchKick: Killed Feral Enderman]
[03:24:26] [Server thread/INFO] [net.minecraft.server.dedicated.DedicatedServer]: [GeoGlitchKick: Killed Feral Enderman]
[03:24:26] [Server thread/INFO] [net.minecraft.server.dedicated.DedicatedServer]: [GeoGlitchKick: Killed item.item.srparasites.assimilated_flesh]
[03:24:26] [Server thread/INFO] [net.minecraft.server.dedicated.DedicatedServer]: [GeoGlitchKick: Killed Assimilated Human]
[03:24:26] [Server thread/INFO] [net.minecraft.server.dedicated.DedicatedServer]: [GeoGlitchKick: Killed Feral Villager]
[03:24:26] [Server thread/INFO] [net.minecraft.server.dedicated.DedicatedServer]: [GeoGlitchKick: Killed item.item.dyePowder.black]
[03:24:26] [Server thread/INFO] [net.minecraft.server.dedicated.DedicatedServer]: [GeoGlitchKick: Killed item.item.dyePowder.black]
[03:24:26] [Server thread/INFO] [net.minecraft.server.dedicated.DedicatedServer]: [GeoGlitchKick: Killed item.item.dyePowder.black]
[03:24:26] [Server thread/INFO] [net.minecraft.server.dedicated.DedicatedServer]: [GeoGlitchKick: Killed item.item.srparasites.beckon_drop]
[03:24:26] [Server thread/INFO] [net.minecraft.server.dedicated.DedicatedServer]: [GeoGlitchKick: Killed Rupter]
[03:24:26] [Server thread/INFO] [net.minecraft.server.dedicated.DedicatedServer]: [GeoGlitchKick: Killed Primitive Arachnida]
[03:24:26] [Server thread/INFO] [net.minecraft.server.dedicated.DedicatedServer]: [GeoGlitchKick: Killed Squid]
[03:24:26] [Server thread/INFO] [net.minecraft.server.dedicated.DedicatedServer]: [GeoGlitchKick: Killed Creeper]
[03:24:26] [Server thread/INFO] [net.minecraft.server.dedicated.DedicatedServer]: [GeoGlitchKick: Killed Rupter]
[03:24:26] [Server thread/INFO] [net.minecraft.server.dedicated.DedicatedServer]: [GeoGlitchKick: Killed Rupter]
[03:24:26] [Server thread/INFO] [net.minecraft.server.dedicated.DedicatedServer]: [GeoGlitchKick: Killed Zombie Farmer]
[03:24:26] [Server thread/INFO] [net.minecraft.server.dedicated.DedicatedServer]: [GeoGlitchKick: Killed Rupter]
[03:24:26] [Server thread/INFO] [net.minecraft.server.dedicated.DedicatedServer]: [GeoGlitchKick: Killed item.item.wheat]
[03:24:26] [Server thread/INFO] [net.minecraft.server.dedicated.DedicatedServer]: [GeoGlitchKick: Killed Remain]
[03:24:26] [Server thread/INFO] [net.minecraft.server.dedicated.DedicatedServer]: [GeoGlitchKick: Killed Zombie Miner]
[03:24:26] [Server thread/INFO] [net.minecraft.server.dedicated.DedicatedServer]: [GeoGlitchKick: Killed Zombie Farmer]
[03:24:26] [Server thread/INFO] [net.minecraft.server.dedicated.DedicatedServer]: [GeoGlitchKick: Killed item.item.srparasites.beckon_drop]
[03:24:26] [Server thread/INFO] [net.minecraft.server.dedicated.DedicatedServer]: [GeoGlitchKick: Killed Incomplete Form]
[03:24:26] [Server thread/INFO] [net.minecraft.server.dedicated.DedicatedServer]: [GeoGlitchKick: Killed item.item.sulphur]
[03:24:26] [Server thread/INFO] [net.minecraft.server.dedicated.DedicatedServer]: [GeoGlitchKick: Killed Zombie Farmer]
[03:24:26] [Server thread/INFO] [net.minecraft.server.dedicated.DedicatedServer]: [GeoGlitchKick: Killed Zombie Farmer]
[03:24:26] [Server thread/INFO] [net.minecraft.server.dedicated.DedicatedServer]: [GeoGlitchKick: Killed item.item.redstone]
[03:24:26] [Server thread/INFO] [net.minecraft.server.dedicated.DedicatedServer]: [GeoGlitchKick: Killed item.item.ingotIron]
[03:24:26] [Server thread/INFO] [net.minecraft.server.dedicated.DedicatedServer]: [GeoGlitchKick: Killed item.item.wheat]
[03:24:26] [Server thread/INFO] [net.minecraft.server.dedicated.DedicatedServer]: [GeoGlitchKick: Killed Beckon Stage I]
[03:24:26] [Server thread/INFO] [net.minecraft.server.dedicated.DedicatedServer]: [GeoGlitchKick: Killed Incomplete Form]
[03:24:26] [Server thread/INFO] [net.minecraft.server.dedicated.DedicatedServer]: [GeoGlitchKick: Killed Assimilated Villager]
[03:24:26] [Server thread/INFO] [net.minecraft.server.dedicated.DedicatedServer]: [GeoGlitchKick: Killed item.item.techguns.heavycloth]
[03:24:26] [Server thread/INFO] [net.minecraft.server.dedicated.DedicatedServer]: [GeoGlitchKick: Killed Assimilated Human]
[03:24:26] [Server thread/INFO] [net.minecraft.server.dedicated.DedicatedServer]: [GeoGlitchKick: Killed item.item.redstone]
[03:24:26] [Server thread/INFO] [net.minecraft.server.dedicated.DedicatedServer]: [GeoGlitchKick: Killed item.item.coal]
[03:24:26] [Server thread/INFO] [net.minecraft.server.dedicated.DedicatedServer]: [GeoGlitchKick: Killed item.item.leather]
[03:24:26] [Server thread/INFO] [net.minecraft.server.dedicated.DedicatedServer]: [GeoGlitchKick: Killed item.item.coal]
[03:24:26] [Server thread/INFO] [net.minecraft.server.dedicated.DedicatedServer]: [GeoGlitchKick: Killed item.item.rottenFlesh]
[03:24:26] [Server thread/INFO] [net.minecraft.server.dedicated.DedicatedServer]: [GeoGlitchKick: Killed item.item.ingotIron]
[03:24:26] [Server thread/INFO] [net.minecraft.server.dedicated.DedicatedServer]: [GeoGlitchKick: Killed Primitive Longarms]
[03:24:26] [Server thread/INFO] [net.minecraft.server.dedicated.DedicatedServer]: [GeoGlitchKick: Killed Zombie Miner]
[03:24:26] [Server thread/INFO] [net.minecraft.server.dedicated.DedicatedServer]: [GeoGlitchKick: Killed item.item.sulphur]
[03:24:26] [Server thread/INFO] [net.minecraft.server.dedicated.DedicatedServer]: [GeoGlitchKick: Killed item.item.coal]
[03:24:26] [Server thread/INFO] [net.minecraft.server.dedicated.DedicatedServer]: [GeoGlitchKick: Killed item.item.apple]
[03:24:26] [Server thread/INFO] [net.minecraft.server.dedicated.DedicatedServer]: [GeoGlitchKick: Killed item.item.techguns.heavycloth]
[03:24:26] [Server thread/INFO] [net.minecraft.server.dedicated.DedicatedServer]: [GeoGlitchKick: Killed item.item.wheat]
[03:24:26] [Server thread/INFO] [net.minecraft.server.dedicated.DedicatedServer]: [GeoGlitchKick: Killed Tarzan]
[03:24:26] [Server thread/INFO] [net.minecraft.server.dedicated.DedicatedServer]: [GeoGlitchKick: Killed Bat]
[03:24:26] [Server thread/INFO] [net.minecraft.server.dedicated.DedicatedServer]: [GeoGlitchKick: Killed Zombie]
[03:24:26] [Server thread/INFO] [net.minecraft.server.dedicated.DedicatedServer]: [GeoGlitchKick: Killed Zombie]
[03:24:26] [Server thread/INFO] [net.minecraft.server.dedicated.DedicatedServer]: [GeoGlitchKick: Killed Zombie]
[03:24:26] [Server thread/INFO] [net.minecraft.server.dedicated.DedicatedServer]: [GeoGlitchKick: Killed item.item.leather]
[03:24:26] [Server thread/INFO] [net.minecraft.server.dedicated.DedicatedServer]: [GeoGlitchKick: Killed item.item.bone]
[03:24:26] [Server thread/INFO] [net.minecraft.server.dedicated.DedicatedServer]: [GeoGlitchKick: Killed Creeper]
[03:24:26] [Server thread/INFO] [net.minecraft.server.dedicated.DedicatedServer]: [GeoGlitchKick: Killed Feral Cow]
[03:24:26] [Server thread/INFO] [net.minecraft.server.dedicated.DedicatedServer]: [GeoGlitchKick: Killed item.item.bone]
[03:24:26] [Server thread/INFO] [net.minecraft.server.dedicated.DedicatedServer]: [GeoGlitchKick: Killed item.item.arrow]
[03:24:26] [Server thread/INFO] [net.minecraft.server.dedicated.DedicatedServer]: [GeoGlitchKick: Killed Zombie Farmer]
[03:24:26] [Server thread/INFO] [net.minecraft.server.dedicated.DedicatedServer]: [GeoGlitchKick: Killed Zombie Miner]
[03:24:26] [Server thread/INFO] [net.minecraft.server.dedicated.DedicatedServer]: [GeoGlitchKick: Killed Incomplete Form]
[03:24:26] [Server thread/INFO] [net.minecraft.server.dedicated.DedicatedServer]: [GeoGlitchKick: Killed item.item.securitycraft:sentry]
[03:24:26] [Server thread/INFO] [net.minecraft.server.dedicated.DedicatedServer]: [GeoGlitchKick: Killed Zombie]
[03:24:26] [Server thread/INFO] [net.minecraft.server.dedicated.DedicatedServer]: [GeoGlitchKick: Killed Squid]
[03:24:26] [Server thread/INFO] [net.minecraft.server.dedicated.DedicatedServer]: [GeoGlitchKick: Killed item.item.apple]
[03:24:26] [Server thread/INFO] [net.minecraft.server.dedicated.DedicatedServer]: [GeoGlitchKick: Killed Zombie]
[03:24:26] [Server thread/INFO] [net.minecraft.server.dedicated.DedicatedServer]: [GeoGlitchKick: Killed Zombie Miner]
[03:24:26] [Server thread/INFO] [net.minecraft.server.dedicated.DedicatedServer]: [GeoGlitchKick: Killed item.item.leather]
[03:24:26] [Server thread/INFO] [net.minecraft.server.dedicated.DedicatedServer]: [GeoGlitchKick: Killed Zombie Miner]
[03:24:26] [Server thread/INFO] [net.minecraft.server.dedicated.DedicatedServer]: [GeoGlitchKick: Killed item.item.apple]
[03:24:26] [Server thread/INFO] [net.minecraft.server.dedicated.DedicatedServer]: [GeoGlitchKick: Killed item.item.coal]
[03:24:26] [Server thread/INFO] [net.minecraft.server.dedicated.DedicatedServer]: [GeoGlitchKick: Killed Zombie Miner]
[03:24:26] [Server thread/INFO] [net.minecraft.server.dedicated.DedicatedServer]: [GeoGlitchKick: Killed Bat]
[03:24:26] [Server thread/INFO] [net.minecraft.server.dedicated.DedicatedServer]: [GeoGlitchKick: Killed Primitive Arachnida]
[03:24:26] [Server thread/INFO] [net.minecraft.server.dedicated.DedicatedServer]: [GeoGlitchKick: Killed item.item.bread]
[03:24:26] [Server thread/INFO] [net.minecraft.server.dedicated.DedicatedServer]: [GeoGlitchKick: Killed item.item.leather]
[03:24:26] [Server thread/INFO] [net.minecraft.server.dedicated.DedicatedServer]: [GeoGlitchKick: Killed item.item.srparasites.lurecomponent1]
[03:24:26] [Server thread/INFO] [net.minecraft.server.dedicated.DedicatedServer]: [GeoGlitchKick: Killed Creeper]
[03:24:26] [Server thread/INFO] [net.minecraft.server.dedicated.DedicatedServer]: [GeoGlitchKick: Killed item.item.redstone]
[03:24:26] [Server thread/INFO] [net.minecraft.server.dedicated.DedicatedServer]: [GeoGlitchKick: Killed Bat]
[03:24:26] [Server thread/INFO] [net.minecraft.server.dedicated.DedicatedServer]: [GeoGlitchKick: Killed Creeper]
[03:24:26] [Server thread/INFO] [net.minecraft.server.dedicated.DedicatedServer]: [GeoGlitchKick: Killed Zombie Farmer]
[03:24:26] [Server thread/INFO] [net.minecraft.server.dedicated.DedicatedServer]: [GeoGlitchKick: Killed Bat]
[03:24:26] [Server thread/INFO] [net.minecraft.server.dedicated.DedicatedServer]: [GeoGlitchKick: Killed item.item.chickenRaw]
[03:24:26] [Server thread/INFO] [net.minecraft.server.dedicated.DedicatedServer]: [GeoGlitchKick: Killed Creeper]
[03:24:26] [Server thread/INFO] [net.minecraft.server.dedicated.DedicatedServer]: [GeoGlitchKick: Killed item.item.srparasites.beckon_drop]
[03:24:26] [Server thread/INFO] [net.minecraft.server.dedicated.DedicatedServer]: [GeoGlitchKick: Killed item.item.sulphur]
[03:24:26] [Server thread/INFO] [net.minecraft.server.dedicated.DedicatedServer]: [GeoGlitchKick: Killed Zombie Farmer]
[03:24:26] [Server thread/INFO] [net.minecraft.server.dedicated.DedicatedServer]: [GeoGlitchKick: Killed item.item.feather]
[03:24:26] [Server thread/INFO] [net.minecraft.server.dedicated.DedicatedServer]: [GeoGlitchKick: Killed item.item.bone]
[03:24:26] [Server thread/INFO] [net.minecraft.server.dedicated.DedicatedServer]: [GeoGlitchKick: Killed Incomplete Form]
[03:24:26] [Server thread/INFO] [net.minecraft.server.dedicated.DedicatedServer]: [GeoGlitchKick: Killed item.item.arrow]
[03:24:26] [Server thread/INFO] [net.minecraft.server.dedicated.DedicatedServer]: [GeoGlitchKick: Killed Buglin]
[03:24:26] [Server thread/INFO] [net.minecraft.server.dedicated.DedicatedServer]: [GeoGlitchKick: Killed Feral Cow]
[03:24:26] [Server thread/INFO] [net.minecraft.server.dedicated.DedicatedServer]: [GeoGlitchKick: Killed Buglin]
[03:24:26] [Server thread/INFO] [net.minecraft.server.dedicated.DedicatedServer]: [GeoGlitchKick: Killed item.item.srparasites.lurecomponent2]
[03:24:26] [Server thread/INFO] [net.minecraft.server.dedicated.DedicatedServer]: [GeoGlitchKick: Killed item.item.srparasites.lurecomponent1]
[03:24:26] [Server thread/INFO] [net.minecraft.server.dedicated.DedicatedServer]: [GeoGlitchKick: Killed Assimilated Human]
[03:24:26] [Server thread/INFO] [net.minecraft.server.dedicated.DedicatedServer]: [GeoGlitchKick: Killed Primitive Arachnida]
[03:24:26] [Server thread/INFO] [net.minecraft.server.dedicated.DedicatedServer]: [GeoGlitchKick: Killed Zombie Farmer]
[03:24:26] [Server thread/INFO] [net.minecraft.server.dedicated.DedicatedServer]: [GeoGlitchKick: Killed item.item.srparasites.assimilated_flesh]
[03:24:26] [Server thread/INFO] [net.minecraft.server.dedicated.DedicatedServer]: [GeoGlitchKick: Killed Creeper]
[03:24:26] [Server thread/INFO] [net.minecraft.server.dedicated.DedicatedServer]: [GeoGlitchKick: Killed Zombie]
[03:24:26] [Server thread/INFO] [net.minecraft.server.dedicated.DedicatedServer]: [GeoGlitchKick: Killed item.item.redstone]
[03:24:26] [Server thread/INFO] [net.minecraft.server.dedicated.DedicatedServer]: [GeoGlitchKick: Killed Bat]
[03:24:26] [Server thread/INFO] [net.minecraft.server.dedicated.DedicatedServer]: [GeoGlitchKick: Killed item.item.wheat]
[03:24:26] [Server thread/INFO] [net.minecraft.server.dedicated.DedicatedServer]: [GeoGlitchKick: Killed item.item.sulphur]
[03:24:26] [Server thread/INFO] [net.minecraft.server.dedicated.DedicatedServer]: [GeoGlitchKick: Killed Zombie Miner]
[03:24:26] [Server thread/INFO] [net.minecraft.server.dedicated.DedicatedServer]: [GeoGlitchKick: Killed Incomplete Form]
[03:24:26] [Server thread/INFO] [net.minecraft.server.dedicated.DedicatedServer]: [GeoGlitchKick: Killed Feral Enderman]
[03:24:26] [Server thread/INFO] [net.minecraft.server.dedicated.DedicatedServer]: [GeoGlitchKick: Killed item.item.techguns.heavycloth]
[03:24:26] [Server thread/INFO] [net.minecraft.server.dedicated.DedicatedServer]: [GeoGlitchKick: Killed item.item.sulphur]
[03:24:26] [Server thread/INFO] [net.minecraft.server.dedicated.DedicatedServer]: [GeoGlitchKick: Killed item.item.feather]
[03:24:26] [Server thread/INFO] [net.minecraft.server.dedicated.DedicatedServer]: [GeoGlitchKick: Killed Bat]
[03:24:26] [Server thread/INFO] [net.minecraft.server.dedicated.DedicatedServer]: [GeoGlitchKick: Killed item.item.chickenRaw]
[03:24:26] [Server thread/INFO] [net.minecraft.server.dedicated.DedicatedServer]: [GeoGlitchKick: Killed Creeper]
[03:24:26] [Server thread/INFO] [net.minecraft.server.dedicated.DedicatedServer]: [GeoGlitchKick: Killed Zombie Farmer]
[03:24:26] [Server thread/INFO] [net.minecraft.server.dedicated.DedicatedServer]: [GeoGlitchKick: Killed item.item.chickenRaw]
[03:24:26] [Server thread/INFO] [net.minecraft.server.dedicated.DedicatedServer]: [GeoGlitchKick: Killed item.item.sulphur]
[03:24:26] [Server thread/INFO] [net.minecraft.server.dedicated.DedicatedServer]: [GeoGlitchKick: Killed item.item.coal]
[03:24:26] [Server thread/INFO] [net.minecraft.server.dedicated.DedicatedServer]: [GeoGlitchKick: Killed item.item.techguns.heavycloth]
[03:24:26] [Server thread/INFO] [net.minecraft.server.dedicated.DedicatedServer]: [GeoGlitchKick: Killed item.item.sulphur]
[03:24:26] [Server thread/INFO] [net.minecraft.server.dedicated.DedicatedServer]: [GeoGlitchKick: Killed item.item.srparasites.lurecomponent1]
[03:24:26] [Server thread/INFO] [net.minecraft.server.dedicated.DedicatedServer]: [GeoGlitchKick: Killed item.item.coal]
[03:24:26] [Server thread/INFO] [net.minecraft.server.dedicated.DedicatedServer]: [GeoGlitchKick: Killed item.item.apple]
[03:24:26] [Server thread/INFO] [net.minecraft.server.dedicated.DedicatedServer]: [GeoGlitchKick: Killed Zombie Farmer]
[03:24:26] [Server thread/INFO] [net.minecraft.server.dedicated.DedicatedServer]: [GeoGlitchKick: Killed Bat]
[03:24:26] [Server thread/INFO] [net.minecraft.server.dedicated.DedicatedServer]: [GeoGlitchKick: Killed item.item.srparasites.dispatcher_drop]
[03:24:26] [Server thread/INFO] [net.minecraft.server.dedicated.DedicatedServer]: [GeoGlitchKick: Killed Zombie Farmer]
[03:24:26] [Server thread/INFO] [net.minecraft.server.dedicated.DedicatedServer]: [GeoGlitchKick: Killed Zombie Farmer]
[03:24:26] [Server thread/INFO] [net.minecraft.server.dedicated.DedicatedServer]: [GeoGlitchKick: Killed Zombie Miner]
[03:24:26] [Server thread/INFO] [net.minecraft.server.dedicated.DedicatedServer]: [GeoGlitchKick: Killed Zombie Farmer]
[03:24:26] [Server thread/INFO] [net.minecraft.server.dedicated.DedicatedServer]: [GeoGlitchKick: Killed Bat]
[03:24:26] [Server thread/INFO] [net.minecraft.server.dedicated.DedicatedServer]: [GeoGlitchKick: Killed item.item.techguns.heavycloth]
[03:24:26] [Server thread/INFO] [net.minecraft.server.dedicated.DedicatedServer]: [GeoGlitchKick: Killed item.item.sulphur]
[03:24:26] [Server thread/INFO] [net.minecraft.server.dedicated.DedicatedServer]: [GeoGlitchKick: Killed item.item.sulphur]
[03:24:26] [Server thread/INFO] [net.minecraft.server.dedicated.DedicatedServer]: [GeoGlitchKick: Killed Adapted Manducater]
[03:24:26] [Server thread/INFO] [net.minecraft.server.dedicated.DedicatedServer]: [GeoGlitchKick: Killed entity.srparasites.orb.name]
[03:24:26] [Server thread/INFO] [net.minecraft.server.dedicated.DedicatedServer]: [GeoGlitchKick: Killed Primitive Longarms]
[03:24:26] [Server thread/INFO] [net.minecraft.server.dedicated.DedicatedServer]: [GeoGlitchKick: Killed Primitive Longarms]
[03:24:26] [Server thread/INFO] [net.minecraft.server.dedicated.DedicatedServer]: [GeoGlitchKick: Killed Zombie]
[03:24:26] [Server thread/INFO] [net.minecraft.server.dedicated.DedicatedServer]: [GeoGlitchKick: Killed Creeper]
[03:24:26] [Server thread/INFO] [net.minecraft.server.dedicated.DedicatedServer]: [GeoGlitchKick: Killed Primitive Bolster]
[03:24:26] [Server thread/INFO] [net.minecraft.server.dedicated.DedicatedServer]: [GeoGlitchKick: Killed Creeper]
[03:24:26] [Server thread/INFO] [net.minecraft.server.dedicated.DedicatedServer]: [GeoGlitchKick: Killed Remain]
[03:24:26] [Server thread/INFO] [net.minecraft.server.dedicated.DedicatedServer]: [GeoGlitchKick: Killed item.item.srparasites.assimilated_flesh]
[03:24:26] [Server thread/INFO] [net.minecraft.server.dedicated.DedicatedServer]: [GeoGlitchKick: Killed Zombie Miner]
[03:24:26] [Server thread/INFO] [net.minecraft.server.dedicated.DedicatedServer]: [GeoGlitchKick: Killed Zombie]
[03:24:26] [Server thread/INFO] [net.minecraft.server.dedicated.DedicatedServer]: [GeoGlitchKick: Killed Creeper]
[03:24:26] [Server thread/INFO] [net.minecraft.server.dedicated.DedicatedServer]: [GeoGlitchKick: Killed Bat]
[03:24:26] [Server thread/INFO] [net.minecraft.server.dedicated.DedicatedServer]: [GeoGlitchKick: Killed Bat]
[03:24:26] [Server thread/INFO] [net.minecraft.server.dedicated.DedicatedServer]: [GeoGlitchKick: Killed Feral Sheep]
[03:24:26] [Server thread/INFO] [net.minecraft.server.dedicated.DedicatedServer]: [GeoGlitchKick: Killed Skeleton]
[03:24:26] [Server thread/INFO] [net.minecraft.server.dedicated.DedicatedServer]: [GeoGlitchKick: Killed Feral Human]
[03:24:26] [Server thread/INFO] [net.minecraft.server.dedicated.DedicatedServer]: [GeoGlitchKick: Killed Creeper]
[03:24:26] [Server thread/INFO] [net.minecraft.server.dedicated.DedicatedServer]: [GeoGlitchKick: Killed item.item.techguns.heavycloth]
[03:24:26] [Server thread/INFO] [net.minecraft.server.dedicated.DedicatedServer]: [GeoGlitchKick: Killed item.item.bread]
[03:24:26] [Server thread/INFO] [net.minecraft.server.dedicated.DedicatedServer]: [GeoGlitchKick: Killed Bat]
[03:24:26] [Server thread/INFO] [net.minecraft.server.dedicated.DedicatedServer]: [GeoGlitchKick: Killed item.item.wheat]
[03:24:26] [Server thread/INFO] [net.minecraft.server.dedicated.DedicatedServer]: [GeoGlitchKick: Killed Zombie Farmer]
[03:24:26] [Server thread/INFO] [net.minecraft.server.dedicated.DedicatedServer]: [GeoGlitchKick: Killed item.item.ingotIron]
[03:24:26] [Server thread/INFO] [net.minecraft.server.dedicated.DedicatedServer]: [GeoGlitchKick: Killed Incomplete Form]
[03:24:26] [Server thread/INFO] [net.minecraft.server.dedicated.DedicatedServer]: [GeoGlitchKick: Killed item.item.redstone]
[03:24:26] [Server thread/INFO] [net.minecraft.server.dedicated.DedicatedServer]: [GeoGlitchKick: Killed Creeper]
[03:24:26] [Server thread/INFO] [net.minecraft.server.dedicated.DedicatedServer]: [GeoGlitchKick: Killed item.item.sulphur]
[03:24:26] [Server thread/INFO] [net.minecraft.server.dedicated.DedicatedServer]: [GeoGlitchKick: Killed item.item.techguns.heavycloth]
[03:24:26] [Server thread/INFO] [net.minecraft.server.dedicated.DedicatedServer]: [GeoGlitchKick: Killed Creeper]
[03:24:26] [Server thread/INFO] [net.minecraft.server.dedicated.DedicatedServer]: [GeoGlitchKick: Killed item.item.seeds]
[03:24:26] [Server thread/INFO] [net.minecraft.server.dedicated.DedicatedServer]: [GeoGlitchKick: Killed item.item.rottenFlesh]
[03:24:26] [Server thread/INFO] [net.minecraft.server.dedicated.DedicatedServer]: [GeoGlitchKick: Killed item.item.wheat]
[03:24:26] [Server thread/INFO] [net.minecraft.server.dedicated.DedicatedServer]: [GeoGlitchKick: Killed Assimilated Human]
[03:24:26] [Server thread/INFO] [net.minecraft.server.dedicated.DedicatedServer]: [GeoGlitchKick: Killed item.item.bone]
[03:24:26] [Server thread/INFO] [net.minecraft.server.dedicated.DedicatedServer]: [GeoGlitchKick: Killed Zombie Miner]
[03:24:26] [Server thread/INFO] [net.minecraft.server.dedicated.DedicatedServer]: [GeoGlitchKick: Killed item.item.sulphur]
[03:24:26] [Server thread/INFO] [net.minecraft.server.dedicated.DedicatedServer]: [GeoGlitchKick: Killed Zombie Farmer]
[03:24:26] [Server thread/INFO] [net.minecraft.server.dedicated.DedicatedServer]: [GeoGlitchKick: Killed Bat]
[03:24:26] [Server thread/INFO] [net.minecraft.server.dedicated.DedicatedServer]: [GeoGlitchKick: Killed item.item.ingotIron]
[03:24:26] [Server thread/INFO] [net.minecraft.server.dedicated.DedicatedServer]: [GeoGlitchKick: Killed item.item.techguns.heavycloth]
[03:24:26] [Server thread/INFO] [net.minecraft.server.dedicated.DedicatedServer]: [GeoGlitchKick: Killed Zombie Miner]
[03:24:26] [Server thread/INFO] [net.minecraft.server.dedicated.DedicatedServer]: [GeoGlitchKick: Killed item.item.wheat]
[03:24:26] [Server thread/INFO] [net.minecraft.server.dedicated.DedicatedServer]: [GeoGlitchKick: Killed Bat]
[03:24:26] [Server thread/INFO] [net.minecraft.server.dedicated.DedicatedServer]: [GeoGlitchKick: Killed Buglin]
[03:24:26] [Server thread/INFO] [net.minecraft.server.dedicated.DedicatedServer]: [GeoGlitchKick: Killed Primitive Bolster]
[03:24:26] [Server thread/INFO] [net.minecraft.server.dedicated.DedicatedServer]: [GeoGlitchKick: Killed Zombie Miner]
[03:24:26] [Server thread/INFO] [net.minecraft.server.dedicated.DedicatedServer]: [GeoGlitchKick: Killed Creeper]
[03:24:26] [Server thread/INFO] [net.minecraft.server.dedicated.DedicatedServer]: [GeoGlitchKick: Killed Skeleton]
[03:24:26] [Server thread/INFO] [net.minecraft.server.dedicated.DedicatedServer]: [GeoGlitchKick: Killed Creeper]
[03:24:26] [Server thread/INFO] [net.minecraft.server.dedicated.DedicatedServer]: [GeoGlitchKick: Killed Primitive Bolster]
[03:24:26] [Server thread/INFO] [net.minecraft.server.dedicated.DedicatedServer]: [GeoGlitchKick: Killed item.item.srparasites.dispatcher_drop]
[03:24:26] [Server thread/INFO] [net.minecraft.server.dedicated.DedicatedServer]: [GeoGlitchKick: Killed Zombie Farmer]
[03:24:26] [Server thread/INFO] [net.minecraft.server.dedicated.DedicatedServer]: [GeoGlitchKick: Killed LazyKitch]
[03:24:26] [Server thread/INFO] [net.minecraft.server.dedicated.DedicatedServer]: [GeoGlitchKick: Killed Bat]
[03:24:26] [Server thread/INFO] [net.minecraft.server.dedicated.DedicatedServer]: [GeoGlitchKick: Killed item.item.srparasites.assimilated_flesh]
[03:24:26] [Server thread/INFO] [net.minecraft.server.dedicated.DedicatedServer]: [GeoGlitchKick: Killed Creeper]
[03:24:26] [Server thread/INFO] [net.minecraft.server.dedicated.DedicatedServer]: [GeoGlitchKick: Killed Zombie Farmer]
[03:24:26] [Server thread/INFO] [net.minecraft.server.dedicated.DedicatedServer]: [GeoGlitchKick: Killed item.item.srparasites.assimilated_flesh]
[03:24:26] [Server thread/INFO] [net.minecraft.server.dedicated.DedicatedServer]: [GeoGlitchKick: Killed Creeper]
[03:24:26] [Server thread/INFO] [net.minecraft.server.dedicated.DedicatedServer]: [GeoGlitchKick: Killed Zombie Miner]
[03:24:26] [Server thread/INFO] [net.minecraft.server.dedicated.DedicatedServer]: [GeoGlitchKick: Killed Remain]
[03:24:26] [Server thread/INFO] [net.minecraft.server.dedicated.DedicatedServer]: [GeoGlitchKick: Killed Zombie Farmer]
[03:24:26] [Server thread/INFO] [net.minecraft.server.dedicated.DedicatedServer]: [GeoGlitchKick: Killed Zombie Miner]
[03:24:26] [Server thread/INFO] [net.minecraft.server.dedicated.DedicatedServer]: [GeoGlitchKick: Killed Zombie Miner]
[03:24:26] [Server thread/INFO] [net.minecraft.server.dedicated.DedicatedServer]: [GeoGlitchKick: Killed Squid]
[03:24:26] [Server thread/INFO] [net.minecraft.server.dedicated.DedicatedServer]: [GeoGlitchKick: Killed Creeper]
[03:24:27] [Server thread/INFO] [net.minecraft.server.dedicated.DedicatedServer]: [GeoGlitchKick: Killed item.item.srparasites.beckon_drop]
[03:24:27] [Server thread/INFO] [net.minecraft.server.dedicated.DedicatedServer]: [GeoGlitchKick: Killed Squid]
[03:24:27] [Server thread/INFO] [net.minecraft.server.dedicated.DedicatedServer]: [GeoGlitchKick: Killed item.item.bread]
[03:24:27] [Server thread/INFO] [net.minecraft.server.dedicated.DedicatedServer]: [GeoGlitchKick: Killed item.item.srparasites.assimilated_flesh]
[03:24:27] [Server thread/INFO] [net.minecraft.server.dedicated.DedicatedServer]: [GeoGlitchKick: Killed Zombie]
[03:24:27] [Server thread/INFO] [net.minecraft.server.dedicated.DedicatedServer]: [GeoGlitchKick: Killed Assimilated Enderman]
[03:24:27] [Server thread/INFO] [net.minecraft.server.dedicated.DedicatedServer]: [GeoGlitchKick: Killed Ocelot]
[03:24:27] [Server thread/INFO] [net.minecraft.server.dedicated.DedicatedServer]: [GeoGlitchKick: Killed Bat]
[03:24:27] [Server thread/INFO] [net.minecraft.server.dedicated.DedicatedServer]: [GeoGlitchKick: Killed item.item.sulphur]
[03:24:27] [Server thread/INFO] [net.minecraft.server.dedicated.DedicatedServer]: [GeoGlitchKick: Killed Zombie Miner]
[03:24:27] [Server thread/INFO] [net.minecraft.server.dedicated.DedicatedServer]: [GeoGlitchKick: Killed Bat]
[03:24:27] [Server thread/INFO] [net.minecraft.server.dedicated.DedicatedServer]: [GeoGlitchKick: Killed Zombie Farmer]
[03:24:27] [Server thread/INFO] [net.minecraft.server.dedicated.DedicatedServer]: [GeoGlitchKick: Killed item.item.srparasites.assimilated_flesh]
[03:24:27] [Server thread/INFO] [net.minecraft.server.dedicated.DedicatedServer]: [GeoGlitchKick: Killed Zombie Miner]
[03:24:27] [Server thread/INFO] [net.minecraft.server.dedicated.DedicatedServer]: [GeoGlitchKick: Killed item.item.redstone]
[03:24:27] [Server thread/INFO] [net.minecraft.server.dedicated.DedicatedServer]: [GeoGlitchKick: Killed item.item.techguns.heavycloth]
[03:24:27] [Server thread/INFO] [net.minecraft.server.dedicated.DedicatedServer]: [GeoGlitchKick: Killed item.item.sulphur]
[03:24:27] [Server thread/INFO] [net.minecraft.server.dedicated.DedicatedServer]: [GeoGlitchKick: Killed item.item.coal]
[03:24:27] [Server thread/INFO] [net.minecraft.server.dedicated.DedicatedServer]: [GeoGlitchKick: Killed Feral Cow]
[03:24:27] [Server thread/INFO] [net.minecraft.server.dedicated.DedicatedServer]: [GeoGlitchKick: Killed Squid]
[03:24:27] [Server thread/INFO] [net.minecraft.server.dedicated.DedicatedServer]: [GeoGlitchKick: Killed Squid]
[03:24:27] [Server thread/INFO] [net.minecraft.server.dedicated.DedicatedServer]: [GeoGlitchKick: Killed item.item.sulphur]
[03:24:27] [Server thread/INFO] [net.minecraft.server.dedicated.DedicatedServer]: [GeoGlitchKick: Killed item.item.srparasites.dispatcher_drop]
[03:24:27] [Server thread/INFO] [net.minecraft.server.dedicated.DedicatedServer]: [GeoGlitchKick: Killed item.item.srparasites.dispatcher_drop]
[03:24:27] [Server thread/INFO] [net.minecraft.server.dedicated.DedicatedServer]: [GeoGlitchKick: Killed item.item.redstone]
[03:24:27] [Server thread/INFO] [net.minecraft.server.dedicated.DedicatedServer]: [GeoGlitchKick: Killed item.item.srparasites.assimilated_flesh]
[03:24:27] [Server thread/INFO] [net.minecraft.server.dedicated.DedicatedServer]: [GeoGlitchKick: Killed Remain]
[03:24:27] [Server thread/INFO] [net.minecraft.server.dedicated.DedicatedServer]: [GeoGlitchKick: Killed item.item.techguns.heavycloth]
[03:24:27] [Server thread/INFO] [net.minecraft.server.dedicated.DedicatedServer]: [GeoGlitchKick: Killed item.item.srparasites.ada_bolster_drop]
[03:24:27] [Server thread/INFO] [net.minecraft.server.dedicated.DedicatedServer]: [GeoGlitchKick: Killed item.item.srparasites.lurecomponent4]
[03:24:27] [Server thread/INFO] [net.minecraft.server.dedicated.DedicatedServer]: [GeoGlitchKick: Killed Cow]
[03:24:27] [Server thread/INFO] [net.minecraft.server.dedicated.DedicatedServer]: [GeoGlitchKick: Killed Cow]
[03:24:27] [Server thread/INFO] [net.minecraft.server.dedicated.DedicatedServer]: [GeoGlitchKick: Killed item.item.beefRaw]
[03:24:27] [Server thread/INFO] [net.minecraft.server.dedicated.DedicatedServer]: [GeoGlitchKick: Killed item.item.leather]
[03:24:27] [Server thread/INFO] [net.minecraft.server.dedicated.DedicatedServer]: [GeoGlitchKick: Killed item.item.chickenRaw]
[03:24:27] [Server thread/INFO] [net.minecraft.server.dedicated.DedicatedServer]: [GeoGlitchKick: Killed item.item.chickenRaw]
[03:24:27] [Server thread/INFO] [net.minecraft.server.dedicated.DedicatedServer]: [GeoGlitchKick: Killed item.item.feather]
[03:24:27] [Server thread/INFO] [net.minecraft.server.dedicated.DedicatedServer]: [GeoGlitchKick: Killed item.item.feather]
[03:24:27] [Server thread/INFO] [net.minecraft.server.dedicated.DedicatedServer]: [GeoGlitchKick: Killed item.item.feather]
[03:24:27] [Server thread/INFO] [net.minecraft.server.dedicated.DedicatedServer]: [GeoGlitchKick: Killed item.item.porkchopRaw]
[03:24:27] [Server thread/INFO] [net.minecraft.server.dedicated.DedicatedServer]: [GeoGlitchKick: Killed Cow]
[03:24:27] [Server thread/INFO] [net.minecraft.server.dedicated.DedicatedServer]: [GeoGlitchKick: Killed item.item.chickenRaw]
[03:24:27] [Server thread/INFO] [net.minecraft.server.dedicated.DedicatedServer]: [GeoGlitchKick: Killed item.item.feather]
[03:24:27] [Server thread/INFO] [net.minecraft.server.dedicated.DedicatedServer]: [GeoGlitchKick: Killed item.item.srparasites.lurecomponent1]
[03:24:27] [Server thread/INFO] [net.minecraft.server.dedicated.DedicatedServer]: [GeoGlitchKick: Killed item.item.porkchopRaw]
[03:24:27] [Server thread/INFO] [net.minecraft.server.dedicated.DedicatedServer]: [GeoGlitchKick: Killed Cow]
[03:24:27] [Server thread/INFO] [net.minecraft.server.dedicated.DedicatedServer]: [GeoGlitchKick: Killed item.item.feather]
[03:24:27] [Server thread/INFO] [net.minecraft.server.dedicated.DedicatedServer]: [GeoGlitchKick: Killed Cow]
[03:24:27] [Server thread/INFO] [net.minecraft.server.dedicated.DedicatedServer]: [GeoGlitchKick: Killed item.item.porkchopRaw]
[03:24:27] [Server thread/INFO] [net.minecraft.server.dedicated.DedicatedServer]: [GeoGlitchKick: Killed Remain]
[03:24:27] [Server thread/INFO] [net.minecraft.server.dedicated.DedicatedServer]: [GeoGlitchKick: Killed Cow]
[03:24:27] [Server thread/INFO] [net.minecraft.server.dedicated.DedicatedServer]: [GeoGlitchKick: Killed Cow]
[03:24:27] [Server thread/INFO] [net.minecraft.server.dedicated.DedicatedServer]: [GeoGlitchKick: Killed Beckon Stage I]
[03:24:27] [Server thread/INFO] [net.minecraft.server.dedicated.DedicatedServer]: [GeoGlitchKick: Killed item.item.srparasites.assimilated_flesh]
[03:24:27] [Server thread/INFO] [net.minecraft.server.dedicated.DedicatedServer]: [GeoGlitchKick: Killed item.item.srparasites.assimilated_flesh]
[03:24:27] [Server thread/INFO] [net.minecraft.server.dedicated.DedicatedServer]: [GeoGlitchKick: Killed Sheep]
[03:24:27] [Server thread/INFO] [net.minecraft.server.dedicated.DedicatedServer]: [GeoGlitchKick: Killed Sheep]
[03:24:27] [Server thread/INFO] [net.minecraft.server.dedicated.DedicatedServer]: [GeoGlitchKick: Killed Cow]
[03:24:27] [Server thread/INFO] [net.minecraft.server.dedicated.DedicatedServer]: [GeoGlitchKick: Killed Cow]
[03:24:27] [Server thread/INFO] [net.minecraft.server.dedicated.DedicatedServer]: [GeoGlitchKick: Killed Bat]
[03:24:27] [Server thread/INFO] [net.minecraft.server.dedicated.DedicatedServer]: [GeoGlitchKick: Killed item.tile.cloth.white]
[03:24:27] [Server thread/INFO] [net.minecraft.server.dedicated.DedicatedServer]: [GeoGlitchKick: Killed item.item.srparasites.beckon_drop]
[03:24:27] [Server thread/INFO] [net.minecraft.server.dedicated.DedicatedServer]: [GeoGlitchKick: Killed Remain]
[03:24:27] [Server thread/INFO] [net.minecraft.server.dedicated.DedicatedServer]: [GeoGlitchKick: Killed item.item.porkchopRaw]
[03:24:27] [Server thread/INFO] [net.minecraft.server.dedicated.DedicatedServer]: [GeoGlitchKick: Killed item.item.feather]
[03:24:27] [Server thread/INFO] [net.minecraft.server.dedicated.DedicatedServer]: [GeoGlitchKick: Killed item.item.feather]
[03:24:27] [Server thread/INFO] [net.minecraft.server.dedicated.DedicatedServer]: [GeoGlitchKick: Killed item.item.chickenRaw]
[03:24:27] [Server thread/INFO] [net.minecraft.server.dedicated.DedicatedServer]: [GeoGlitchKick: Killed item.item.srparasites.assimilated_flesh]
[03:24:27] [Server thread/INFO] [net.minecraft.server.dedicated.DedicatedServer]: [GeoGlitchKick: Killed item.item.muttonRaw]
[03:24:27] [Server thread/INFO] [net.minecraft.server.dedicated.DedicatedServer]: [GeoGlitchKick: Killed item.tile.cloth.white]
[03:24:27] [Server thread/INFO] [net.minecraft.server.dedicated.DedicatedServer]: [GeoGlitchKick: Killed item.item.dyePowder.black]
[03:24:27] [Server thread/INFO] [net.minecraft.server.dedicated.DedicatedServer]: [GeoGlitchKick: Killed Feral Enderman]
[03:24:27] [Server thread/INFO] [net.minecraft.server.dedicated.DedicatedServer]: [GeoGlitchKick: Killed item.item.porkchopRaw]
[03:24:27] [Server thread/INFO] [net.minecraft.server.dedicated.DedicatedServer]: [GeoGlitchKick: Killed item.item.muttonRaw]
[03:24:27] [Server thread/INFO] [net.minecraft.server.dedicated.DedicatedServer]: [GeoGlitchKick: Killed Assimilated Human]
[03:24:27] [Server thread/INFO] [net.minecraft.server.dedicated.DedicatedServer]: [GeoGlitchKick: Killed item.item.muttonRaw]
[03:24:27] [Server thread/INFO] [net.minecraft.server.dedicated.DedicatedServer]: [GeoGlitchKick: Killed item.tile.cloth.white]
[03:24:27] [Server thread/INFO] [net.minecraft.server.dedicated.DedicatedServer]: [GeoGlitchKick: Killed item.tile.cloth.white]
[03:24:27] [Server thread/INFO] [net.minecraft.server.dedicated.DedicatedServer]: [GeoGlitchKick: Killed Cow]
[03:24:27] [Server thread/INFO] [net.minecraft.server.dedicated.DedicatedServer]: [GeoGlitchKick: Killed item.item.muttonRaw]
[03:24:27] [Server thread/INFO] [net.minecraft.server.dedicated.DedicatedServer]: [GeoGlitchKick: Killed item.tile.cloth.white]
[03:24:27] [Server thread/INFO] [net.minecraft.server.dedicated.DedicatedServer]: [GeoGlitchKick: Killed item.item.chickenRaw]
[03:24:27] [Server thread/INFO] [net.minecraft.server.dedicated.DedicatedServer]: [GeoGlitchKick: Killed Cow]
[03:24:27] [Server thread/INFO] [net.minecraft.server.dedicated.DedicatedServer]: [GeoGlitchKick: Killed Creeper]
[03:24:27] [Server thread/INFO] [net.minecraft.server.dedicated.DedicatedServer]: [GeoGlitchKick: Killed item.item.muttonRaw]
[03:24:27] [Server thread/INFO] [net.minecraft.server.dedicated.DedicatedServer]: [GeoGlitchKick: Killed item.tile.cloth.white]
[03:24:27] [Server thread/INFO] [net.minecraft.server.dedicated.DedicatedServer]: [GeoGlitchKick: Killed Remain]
[03:24:27] [Server thread/INFO] [net.minecraft.server.dedicated.DedicatedServer]: [GeoGlitchKick: Killed item.item.muttonRaw]
[03:24:27] [Server thread/INFO] [net.minecraft.server.dedicated.DedicatedServer]: [GeoGlitchKick: Killed item.tile.cloth.white]
[03:24:27] [Server thread/INFO] [net.minecraft.server.dedicated.DedicatedServer]: [GeoGlitchKick: Killed Skeleton]
[03:24:27] [Server thread/INFO] [net.minecraft.server.dedicated.DedicatedServer]: [GeoGlitchKick: Killed item.item.feather]
[03:24:27] [Server thread/INFO] [net.minecraft.server.dedicated.DedicatedServer]: [GeoGlitchKick: Killed item.item.feather]
[03:24:27] [Server thread/INFO] [net.minecraft.server.dedicated.DedicatedServer]: [GeoGlitchKick: Killed item.item.chickenRaw]
[03:24:27] [Server thread/INFO] [net.minecraft.server.dedicated.DedicatedServer]: [GeoGlitchKick: Killed Zombie]
[03:24:27] [Server thread/INFO] [net.minecraft.server.dedicated.DedicatedServer]: [GeoGlitchKick: Killed Zombie Farmer]
[03:24:27] [Server thread/INFO] [net.minecraft.server.dedicated.DedicatedServer]: [GeoGlitchKick: Killed Creeper]
[03:24:27] [Server thread/INFO] [net.minecraft.server.dedicated.DedicatedServer]: [GeoGlitchKick: Killed Creeper]
[03:24:27] [Server thread/INFO] [net.minecraft.server.dedicated.DedicatedServer]: [GeoGlitchKick: Killed item.item.muttonRaw]
[03:24:27] [Server thread/INFO] [net.minecraft.server.dedicated.DedicatedServer]: [GeoGlitchKick: Killed item.tile.cloth.white]
[03:24:27] [Server thread/INFO] [net.minecraft.server.dedicated.DedicatedServer]: [GeoGlitchKick: Killed item.item.feather]
[03:24:27] [Server thread/INFO] [net.minecraft.server.dedicated.DedicatedServer]: [GeoGlitchKick: Killed item.item.beefRaw]
[03:24:27] [Server thread/INFO] [net.minecraft.server.dedicated.DedicatedServer]: [GeoGlitchKick: Killed item.item.feather]
[03:24:27] [Server thread/INFO] [net.minecraft.server.dedicated.DedicatedServer]: [GeoGlitchKick: Killed item.item.muttonRaw]
[03:24:27] [Server thread/INFO] [net.minecraft.server.dedicated.DedicatedServer]: [GeoGlitchKick: Killed item.tile.cloth.white]
[03:24:27] [Server thread/INFO] [net.minecraft.server.dedicated.DedicatedServer]: [GeoGlitchKick: Killed item.item.feather]
[03:24:27] [Server thread/INFO] [net.minecraft.server.dedicated.DedicatedServer]: [GeoGlitchKick: Killed item.tile.cloth.white]
[03:24:27] [Server thread/INFO] [net.minecraft.server.dedicated.DedicatedServer]: [GeoGlitchKick: Killed item.item.muttonRaw]
[03:24:27] [Server thread/INFO] [net.minecraft.server.dedicated.DedicatedServer]: [GeoGlitchKick: Killed item.tile.cloth.white]
[03:24:27] [Server thread/INFO] [net.minecraft.server.dedicated.DedicatedServer]: [GeoGlitchKick: Killed item.item.muttonRaw]
[03:24:27] [Server thread/INFO] [net.minecraft.server.dedicated.DedicatedServer]: [GeoGlitchKick: Killed item.item.chickenRaw]
[03:24:27] [Server thread/INFO] [net.minecraft.server.dedicated.DedicatedServer]: [GeoGlitchKick: Killed Chicken]
[03:24:27] [Server thread/INFO] [net.minecraft.server.dedicated.DedicatedServer]: [GeoGlitchKick: Killed item.item.feather]
[03:24:27] [Server thread/INFO] [net.minecraft.server.dedicated.DedicatedServer]: [GeoGlitchKick: Killed item.item.muttonRaw]
[03:24:27] [Server thread/INFO] [net.minecraft.server.dedicated.DedicatedServer]: [GeoGlitchKick: Killed item.tile.cloth.white]
[03:24:27] [Server thread/INFO] [net.minecraft.server.dedicated.DedicatedServer]: [GeoGlitchKick: Killed item.tile.cloth.white]
[03:24:27] [Server thread/INFO] [net.minecraft.server.dedicated.DedicatedServer]: [GeoGlitchKick: Killed item.item.muttonRaw]
[03:24:27] [Server thread/INFO] [net.minecraft.server.dedicated.DedicatedServer]: [GeoGlitchKick: Killed item.tile.cloth.white]
[03:24:27] [Server thread/INFO] [net.minecraft.server.dedicated.DedicatedServer]: [GeoGlitchKick: Killed item.tile.cloth.white]
[03:24:27] [Server thread/INFO] [net.minecraft.server.dedicated.DedicatedServer]: [GeoGlitchKick: Killed item.item.muttonRaw]
[03:24:27] [Server thread/INFO] [net.minecraft.server.dedicated.DedicatedServer]: [GeoGlitchKick: Killed item.item.muttonRaw]
[03:24:27] [Server thread/INFO] [net.minecraft.server.dedicated.DedicatedServer]: [GeoGlitchKick: Killed item.item.muttonRaw]
[03:24:27] [Server thread/INFO] [net.minecraft.server.dedicated.DedicatedServer]: [GeoGlitchKick: Killed item.item.feather]
[03:24:27] [Server thread/INFO] [net.minecraft.server.dedicated.DedicatedServer]: [GeoGlitchKick: Killed item.tile.cloth.white]
[03:24:27] [Server thread/INFO] [net.minecraft.server.dedicated.DedicatedServer]: [GeoGlitchKick: Killed item.item.muttonRaw]
[03:24:27] [Server thread/INFO] [net.minecraft.server.dedicated.DedicatedServer]: [GeoGlitchKick: Killed item.item.feather]
[03:24:27] [Server thread/INFO] [net.minecraft.server.dedicated.DedicatedServer]: [GeoGlitchKick: Killed item.item.muttonRaw]
[03:24:27] [Server thread/INFO] [net.minecraft.server.dedicated.DedicatedServer]: [GeoGlitchKick: Killed item.tile.cloth.white]
[03:24:27] [Server thread/INFO] [net.minecraft.server.dedicated.DedicatedServer]: [GeoGlitchKick: Killed item.tile.cloth.white]
[03:24:27] [Server thread/INFO] [net.minecraft.server.dedicated.DedicatedServer]: [GeoGlitchKick: Killed item.tile.cloth.white]
[03:24:27] [Server thread/INFO] [net.minecraft.server.dedicated.DedicatedServer]: [GeoGlitchKick: Killed item.item.muttonRaw]
[03:24:27] [Server thread/INFO] [net.minecraft.server.dedicated.DedicatedServer]: [GeoGlitchKick: Killed item.item.feather]
[03:24:27] [Server thread/INFO] [net.minecraft.server.dedicated.DedicatedServer]: [GeoGlitchKick: Killed item.tile.cloth.white]
[03:24:27] [Server thread/INFO] [net.minecraft.server.dedicated.DedicatedServer]: [GeoGlitchKick: Killed item.item.muttonRaw]
[03:24:27] [Server thread/INFO] [net.minecraft.server.dedicated.DedicatedServer]: [GeoGlitchKick: Killed item.item.muttonRaw]
[03:24:27] [Server thread/INFO] [net.minecraft.server.dedicated.DedicatedServer]: [GeoGlitchKick: Killed item.item.muttonRaw]
[03:24:27] [Server thread/INFO] [net.minecraft.server.dedicated.DedicatedServer]: [GeoGlitchKick: Killed item.tile.cloth.white]
[03:24:27] [Server thread/INFO] [net.minecraft.server.dedicated.DedicatedServer]: [GeoGlitchKick: Killed item.item.feather]
[03:24:27] [Server thread/INFO] [net.minecraft.server.dedicated.DedicatedServer]: [GeoGlitchKick: Killed item.tile.cloth.white]
[03:24:27] [Server thread/INFO] [net.minecraft.server.dedicated.DedicatedServer]: [GeoGlitchKick: Killed item.item.muttonRaw]
[03:24:27] [Server thread/INFO] [net.minecraft.server.dedicated.DedicatedServer]: [GeoGlitchKick: Killed item.tile.cloth.white]
[03:24:27] [Server thread/INFO] [net.minecraft.server.dedicated.DedicatedServer]: [GeoGlitchKick: Killed item.tile.cloth.white]
[03:24:27] [Server thread/INFO] [net.minecraft.server.dedicated.DedicatedServer]: [GeoGlitchKick: Killed item.item.muttonRaw]
[03:24:27] [Server thread/INFO] [net.minecraft.server.dedicated.DedicatedServer]: [GeoGlitchKick: Killed item.item.muttonRaw]
[03:24:27] [Server thread/INFO] [net.minecraft.server.dedicated.DedicatedServer]: [GeoGlitchKick: Killed item.tile.cloth.white]
[03:24:27] [Server thread/INFO] [net.minecraft.server.dedicated.DedicatedServer]: [GeoGlitchKick: Killed item.tile.cloth.white]
[03:24:27] [Server thread/INFO] [net.minecraft.server.dedicated.DedicatedServer]: [GeoGlitchKick: Killed item.item.muttonRaw]
[03:24:27] [Server thread/INFO] [net.minecraft.server.dedicated.DedicatedServer]: [GeoGlitchKick: Killed item.tile.cloth.white]
[03:24:27] [Server thread/INFO] [net.minecraft.server.dedicated.DedicatedServer]: [GeoGlitchKick: Killed item.item.muttonRaw]
[03:24:27] [Server thread/INFO] [net.minecraft.server.dedicated.DedicatedServer]: [GeoGlitchKick: Killed item.tile.cloth.white]
[03:24:27] [Server thread/INFO] [net.minecraft.server.dedicated.DedicatedServer]: [GeoGlitchKick: Killed item.item.muttonRaw]
[03:24:27] [Server thread/INFO] [net.minecraft.server.dedicated.DedicatedServer]: [GeoGlitchKick: Killed item.item.muttonRaw]
[03:24:27] [Server thread/INFO] [net.minecraft.server.dedicated.DedicatedServer]: [GeoGlitchKick: Killed item.tile.cloth.white]
[03:24:27] [Server thread/INFO] [net.minecraft.server.dedicated.DedicatedServer]: [GeoGlitchKick: Killed item.item.muttonRaw]
[03:24:27] [Server thread/INFO] [net.minecraft.server.dedicated.DedicatedServer]: [GeoGlitchKick: Killed item.tile.cloth.white]
[03:24:27] [Server thread/INFO] [net.minecraft.server.dedicated.DedicatedServer]: [GeoGlitchKick: Killed item.item.muttonRaw]
[03:24:27] [Server thread/INFO] [net.minecraft.server.dedicated.DedicatedServer]: [GeoGlitchKick: Killed item.tile.cloth.white]
[03:24:27] [Server thread/INFO] [net.minecraft.server.dedicated.DedicatedServer]: [GeoGlitchKick: Killed item.tile.cloth.white]
[03:24:27] [Server thread/INFO] [net.minecraft.server.dedicated.DedicatedServer]: [GeoGlitchKick: Killed item.item.muttonRaw]
[03:24:27] [Server thread/INFO] [net.minecraft.server.dedicated.DedicatedServer]: [GeoGlitchKick: Killed item.item.muttonRaw]
[03:24:27] [Server thread/INFO] [net.minecraft.server.dedicated.DedicatedServer]: [GeoGlitchKick: Killed item.tile.cloth.white]
[03:24:27] [Server thread/INFO] [net.minecraft.server.dedicated.DedicatedServer]: [GeoGlitchKick: Killed item.item.muttonRaw]
[03:24:27] [Server thread/INFO] [net.minecraft.server.dedicated.DedicatedServer]: [GeoGlitchKick: Killed item.tile.cloth.white]
[03:24:27] [Server thread/INFO] [net.minecraft.server.dedicated.DedicatedServer]: [GeoGlitchKick: Killed item.tile.cloth.white]
[03:24:27] [Server thread/INFO] [net.minecraft.server.dedicated.DedicatedServer]: [GeoGlitchKick: Killed item.item.muttonRaw]
[03:24:27] [Server thread/INFO] [net.minecraft.server.dedicated.DedicatedServer]: [GeoGlitchKick: Killed item.tile.cloth.white]
[03:24:27] [Server thread/INFO] [net.minecraft.server.dedicated.DedicatedServer]: [GeoGlitchKick: Killed item.item.muttonRaw]
[03:24:27] [Server thread/INFO] [net.minecraft.server.dedicated.DedicatedServer]: [GeoGlitchKick: Killed item.item.feather]
[03:24:27] [Server thread/INFO] [net.minecraft.server.dedicated.DedicatedServer]: [GeoGlitchKick: Killed item.tile.cloth.white]
[03:24:27] [Server thread/INFO] [net.minecraft.server.dedicated.DedicatedServer]: [GeoGlitchKick: Killed item.item.muttonRaw]
[03:24:27] [Server thread/INFO] [net.minecraft.server.dedicated.DedicatedServer]: [GeoGlitchKick: Killed item.item.muttonRaw]
[03:24:27] [Server thread/INFO] [net.minecraft.server.dedicated.DedicatedServer]: [GeoGlitchKick: Killed item.tile.cloth.white]
[03:24:27] [Server thread/INFO] [net.minecraft.server.dedicated.DedicatedServer]: [GeoGlitchKick: Killed item.item.muttonRaw]
[03:24:27] [Server thread/INFO] [net.minecraft.server.dedicated.DedicatedServer]: [GeoGlitchKick: Killed item.tile.cloth.white]
[03:24:27] [Server thread/INFO] [net.minecraft.server.dedicated.DedicatedServer]: [GeoGlitchKick: Killed item.item.muttonRaw]
[03:24:27] [Server thread/INFO] [net.minecraft.server.dedicated.DedicatedServer]: [GeoGlitchKick: Killed item.tile.cloth.white]
[03:24:27] [Server thread/INFO] [net.minecraft.server.dedicated.DedicatedServer]: [GeoGlitchKick: Killed item.item.feather]
[03:24:27] [Server thread/INFO] [net.minecraft.server.dedicated.DedicatedServer]: [GeoGlitchKick: Killed item.tile.cloth.white]
[03:24:27] [Server thread/INFO] [net.minecraft.server.dedicated.DedicatedServer]: [GeoGlitchKick: Killed item.item.muttonRaw]
[03:24:27] [Server thread/INFO] [net.minecraft.server.dedicated.DedicatedServer]: [GeoGlitchKick: Killed item.item.muttonRaw]
[03:24:27] [Server thread/INFO] [net.minecraft.server.dedicated.DedicatedServer]: [GeoGlitchKick: Killed item.tile.cloth.white]
[03:24:27] [Server thread/INFO] [net.minecraft.server.dedicated.DedicatedServer]: [GeoGlitchKick: Killed item.item.muttonRaw]
[03:24:27] [Server thread/INFO] [net.minecraft.server.dedicated.DedicatedServer]: [GeoGlitchKick: Killed item.tile.cloth.white]
[03:24:27] [Server thread/INFO] [net.minecraft.server.dedicated.DedicatedServer]: [GeoGlitchKick: Killed item.item.muttonRaw]
[03:24:27] [Server thread/INFO] [net.minecraft.server.dedicated.DedicatedServer]: [GeoGlitchKick: Killed item.tile.cloth.white]
[03:24:27] [Server thread/INFO] [net.minecraft.server.dedicated.DedicatedServer]: [GeoGlitchKick: Killed item.tile.cloth.white]
[03:24:27] [Server thread/INFO] [net.minecraft.server.dedicated.DedicatedServer]: [GeoGlitchKick: Killed item.item.muttonRaw]
[03:24:27] [Server thread/INFO] [net.minecraft.server.dedicated.DedicatedServer]: [GeoGlitchKick: Killed item.tile.cloth.white]
[03:24:27] [Server thread/INFO] [net.minecraft.server.dedicated.DedicatedServer]: [GeoGlitchKick: Killed item.item.muttonRaw]
[03:24:27] [Server thread/INFO] [net.minecraft.server.dedicated.DedicatedServer]: [GeoGlitchKick: Killed item.tile.cloth.white]
[03:24:27] [Server thread/INFO] [net.minecraft.server.dedicated.DedicatedServer]: [GeoGlitchKick: Killed item.item.muttonRaw]
[03:24:28] [Server thread/INFO] [net.minecraft.server.dedicated.DedicatedServer]: GeoGlitchKick fell out of the world
[03:24:58] [Server thread/INFO] [net.minecraft.server.dedicated.DedicatedServer]: GeoGlitchKick is bleeding...
[03:25:01] [Server thread/INFO] [net.minecraft.server.dedicated.DedicatedServer]: GeoGlitchKick was slain by Feral Enderman
[03:25:01] [Server thread/INFO] [simpletomb]: Format error: Tomb created at: %s
[03:25:15] [Server thread/INFO] [net.minecraft.server.dedicated.DedicatedServer]: GeoGlitchKick is bleeding...
[03:25:31] [Server thread/INFO] [net.minecraft.server.dedicated.DedicatedServer]: GeoGlitchKick was slain by Feral Enderman
[03:25:34] [Server thread/INFO] [net.minecraft.network.NetHandlerPlayServer]: GeoGlitchKick lost connection: Disconnected
[03:25:34] [Server thread/INFO] [net.minecraft.server.dedicated.DedicatedServer]: GeoGlitchKick left the game
